{
"type": "FeatureCollection",
"name": "group_arrondissementSuède",
"crs": { "type": "name", "properties": { "name": "urn:ogc:def:crs:OGC:1.3:CRS84" } },
"features": [
{ "type": "Feature", "properties": { "ID": "a072000000poD1cAAE", "COUNTY_COUNCIL__C": "Gävleborg", "PAYS__C": "Suède" }, "geometry": { "type": "MultiPolygon", "coordinates": [ [ [ [ 13.341917234022059, 57.101974351445655 ], [ 13.424228316152556, 57.106114630090445 ], [ 13.53628205821256, 57.0805201802863 ], [ 13.574324995331699, 57.055678508417571 ], [ 13.606834414324416, 57.057184064288407 ], [ 13.608909483621822, 56.998843774293668 ], [ 13.689145496454913, 56.966850712038486 ], [ 13.689145496454913, 56.917167368301037 ], [ 13.604067655261206, 56.885550695013563 ], [ 13.521756573130709, 56.881410416368773 ], [ 13.507922777814658, 56.867107635595872 ], [ 13.335692026129836, 56.862214579015671 ], [ 13.341225544256256, 56.830974294695906 ], [ 13.301799227605514, 56.819682625664669 ], [ 13.272748257441808, 56.845277075468807 ], [ 13.2423139077465, 56.830221516760488 ], [ 13.161386205147606, 56.820811792567788 ], [ 13.17660337999526, 56.871624303208371 ], [ 13.075616674188096, 56.838878463017771 ], [ 13.034806978005749, 56.836243740243816 ], [ 13.005756007842043, 56.857321522435463 ], [ 13.005064318076242, 56.907004866172919 ], [ 12.945578998217226, 56.912650700688538 ], [ 12.915836338287718, 56.937868761524975 ], [ 12.836983704986235, 56.960452099587457 ], [ 12.825916668733393, 56.977765992102022 ], [ 12.852200879833889, 57.010888221260323 ], [ 12.906844371332287, 57.027825724807187 ], [ 13.011289525968465, 57.047397951127998 ], [ 13.022356562221304, 57.074874345770681 ], [ 13.085992020675134, 57.092188238285246 ], [ 13.124034957794271, 57.022179890291561 ], [ 13.177295069761064, 57.047774340095707 ], [ 13.236780389620078, 57.086918792737336 ], [ 13.341917234022059, 57.101974351445655 ] ] ], [ [ [ 16.190987379362554, 60.529748680362296 ], [ 16.136343887864154, 60.60013341732369 ], [ 16.208971313273416, 60.606908418742435 ], [ 16.253239458284778, 60.621587588483045 ], [ 16.32033336556762, 60.677293155703829 ], [ 16.317566606504407, 60.704393161378803 ], [ 16.378435305895028, 60.732998722924613 ], [ 16.391577411445276, 60.77816539904957 ], [ 16.27399015125885, 60.842527912527636 ], [ 16.211738072336626, 60.899362646651539 ], [ 16.209663003039218, 60.91291264948903 ], [ 16.136343887864154, 60.987061276127498 ], [ 15.93022033765501, 61.003622390706653 ], [ 15.757297896204385, 61.0435196212837 ], [ 15.71441313072463, 61.087180741537829 ], [ 15.684670470795123, 61.099601577472193 ], [ 15.659769639226234, 61.211389100881462 ], [ 15.600284319367217, 61.236607161717899 ], [ 15.568466590140304, 61.262578000489746 ], [ 15.43773722440363, 61.325811347064686 ], [ 15.365109798994368, 61.372859968028187 ], [ 15.215704809581029, 61.489164159049956 ], [ 15.16659483620905, 61.564065563623842 ], [ 15.130626968387322, 61.549386393883232 ], [ 15.095350790331393, 61.475990545180174 ], [ 15.008889569606081, 61.486529436276001 ], [ 14.905136104735707, 61.482389157631211 ], [ 14.810374606820764, 61.488034992146829 ], [ 14.669269894597054, 61.48276554659892 ], [ 14.678953551318289, 61.536965557948868 ], [ 14.656127789046806, 61.558796118075932 ], [ 14.670653274128659, 61.586272512718615 ], [ 14.452770997900872, 61.586648901686324 ], [ 14.510872938228282, 61.634073911617534 ], [ 14.505339420101862, 61.665314195937292 ], [ 14.528165182373344, 61.747366990897632 ], [ 14.522631664246925, 61.778983664185105 ], [ 14.583500363637544, 61.812858671278825 ], [ 14.607709505440631, 61.840711454889217 ], [ 14.685178759210512, 61.888889242755837 ], [ 14.699012554526561, 61.862165626048572 ], [ 14.777865187828047, 61.793286444958014 ], [ 14.813141365883974, 61.807965614698624 ], [ 14.766106461809404, 61.860283681210035 ], [ 14.822133332839407, 61.871198961273564 ], [ 14.867784857382372, 61.823397562374652 ], [ 14.925886797709781, 61.821139228568398 ], [ 14.917586520520151, 61.870446183338146 ], [ 15.052466024851638, 61.861789237080863 ], [ 15.050390955554231, 61.816622560955906 ], [ 15.114718103773864, 61.832430897599643 ], [ 15.0974258596288, 61.881361463401682 ], [ 15.123710070729295, 61.895664244174583 ], [ 15.098809239160406, 61.993901764746369 ], [ 15.208787911923004, 62.024765660098424 ], [ 15.307007858666957, 62.073319836932754 ], [ 15.426670188150791, 62.108700399897302 ], [ 15.429436947214, 62.153867076022266 ], [ 15.404536115645111, 62.188871250019105 ], [ 15.364418109228566, 62.201292085953469 ], [ 15.335367139064861, 62.263396265625289 ], [ 15.379635284076221, 62.291625438203383 ], [ 15.490997336370423, 62.32211294458773 ], [ 15.499297613560053, 62.33152266878043 ], [ 15.634868807657343, 62.33566294742522 ], [ 16.023598456038346, 62.252857374529462 ], [ 16.033973802525384, 62.248717095884672 ], [ 16.258772976411198, 62.227639313693025 ], [ 16.538907331561209, 62.225757368854488 ], [ 16.60807630814146, 62.209572643243042 ], [ 16.812124789053197, 62.196399029373268 ], [ 16.892360801886284, 62.166664300924332 ], [ 17.086725626076788, 62.14822124150664 ], [ 17.211229783921237, 62.155372631893094 ], [ 17.249964410806179, 62.14709207460352 ], [ 17.346109288252727, 62.148974019442058 ], [ 17.482372172115817, 62.132789293830612 ], [ 17.453321201952114, 62.05562955545048 ], [ 17.458163030312729, 62.000676766165114 ], [ 17.386227294669268, 61.98900870816616 ], [ 17.34195914965791, 61.956262867975568 ], [ 17.337809011063094, 61.907708691141238 ], [ 17.359943083568776, 61.8681878495319 ], [ 17.322591836215441, 61.842969788695463 ], [ 17.354409565442353, 61.814740616117362 ], [ 17.408361367174951, 61.816622560955906 ], [ 17.364784911929391, 61.777101719346568 ], [ 17.394527571858902, 61.718385040384121 ], [ 17.456087961015321, 61.731182265286193 ], [ 17.516956660405942, 61.693919757483101 ], [ 17.485138931179026, 61.621276686715461 ], [ 17.438104027104458, 61.621276686715461 ], [ 17.373085189119024, 61.671336419420619 ], [ 17.279707070735686, 61.67547669806541 ], [ 17.254114549400992, 61.725160041802866 ], [ 17.189787401181359, 61.702200314772675 ], [ 17.25342285963519, 61.672465586323746 ], [ 17.234055546192721, 61.642354468907108 ], [ 17.128918701790742, 61.633321133682117 ], [ 17.239589064319141, 61.606221128007142 ], [ 17.151744464062222, 61.606221128007142 ], [ 17.13099377108815, 61.604339183168598 ], [ 17.119235045069505, 61.50685444053223 ], [ 17.172495157036298, 61.48690582524371 ], [ 17.135835599448765, 61.451525262279155 ], [ 17.210538094155435, 61.420661366927106 ], [ 17.086033936310987, 61.415391921379189 ], [ 17.110243078114074, 61.375118301834434 ], [ 17.189787401181359, 61.32769329190323 ], [ 17.1731868468021, 61.277257170230357 ], [ 17.196012609073584, 61.220798825074162 ], [ 17.16488656961247, 61.189558540754398 ], [ 17.18148712399173, 61.156436311596096 ], [ 17.182870503523336, 61.067232126249301 ], [ 17.155202912891234, 61.048412677863901 ], [ 17.185637262586546, 61.025076561866008 ], [ 17.144135876638394, 61.005880724512899 ], [ 17.171111777504692, 60.987437665095207 ], [ 17.142060807340989, 60.944152933808795 ], [ 17.198087678370989, 60.927215430261931 ], [ 17.195320919307779, 60.909901537747366 ], [ 17.243047513148152, 60.889200144523429 ], [ 17.289390727456919, 60.847420969107837 ], [ 17.240280754084942, 60.809029294401626 ], [ 17.326741974810254, 60.808276516466208 ], [ 17.292157486520132, 60.784940400468315 ], [ 17.353717875676551, 60.752570949245424 ], [ 17.283165519564697, 60.726976499441285 ], [ 17.225063579237286, 60.693854270282976 ], [ 17.314983248791613, 60.693101492347566 ], [ 17.378618707245444, 60.652451483835101 ], [ 17.364093222163589, 60.603144529065354 ], [ 17.299766073943957, 60.498508396042531 ], [ 17.285932278627907, 60.439791717080091 ], [ 17.213996542984447, 60.429252825984264 ], [ 17.189787401181359, 60.39274309611659 ], [ 17.211921473687042, 60.348329197927043 ], [ 17.194629229541977, 60.33891947373435 ], [ 17.198779368136794, 60.294129186577095 ], [ 17.163503190080867, 60.279826405804194 ], [ 17.108859698582467, 60.278697238901067 ], [ 17.074966900058143, 60.255361122903174 ], [ 16.963604847763943, 60.279826405804194 ], [ 16.91034473579715, 60.274180571288575 ], [ 16.879218696336039, 60.219604170970918 ], [ 16.81627492764801, 60.209065279875091 ], [ 16.783073818889491, 60.181212496264699 ], [ 16.709754703714424, 60.188363886651153 ], [ 16.699379357227389, 60.206054168133427 ], [ 16.623293482989112, 60.240305564194855 ], [ 16.619835034160101, 60.27154584851462 ], [ 16.581792097040964, 60.288483352061476 ], [ 16.520923397650343, 60.349834753797879 ], [ 16.390885721679474, 60.37354725876348 ], [ 16.33140040182046, 60.4168319900499 ], [ 16.288515636340705, 60.474043113141512 ], [ 16.190987379362554, 60.529748680362296 ] ] ] ] } },
{ "type": "Feature", "properties": { "ID": "a072000000poD1hAAE", "COUNTY_COUNCIL__C": "Gotland", "PAYS__C": "Suède" }, "geometry": { "type": "MultiPolygon", "coordinates": [ [ [ [ 18.907253089668966, 57.396686913161012 ], [ 18.777215413698094, 57.371092463356867 ], [ 18.667236740935497, 57.305600782975681 ], [ 18.665853361403894, 57.284146611816325 ], [ 18.71496333477587, 57.268338275172589 ], [ 18.708046437117844, 57.242743825368443 ], [ 18.649252807024634, 57.21940770937055 ], [ 18.579392140678582, 57.220160487305968 ], [ 18.517140061756358, 57.183650757438286 ], [ 18.418920115012401, 57.149022972409156 ], [ 18.382260557424868, 57.100468795574827 ], [ 18.342834240774124, 57.072616011964435 ], [ 18.340067481710918, 57.013146555066569 ], [ 18.36635169281141, 56.983788215585349 ], [ 18.323466927331655, 56.965721545135366 ], [ 18.325541996629063, 56.949536819523921 ], [ 18.192737561594985, 56.905122921334382 ], [ 18.122185205483127, 56.919049313139574 ], [ 18.204496287613626, 56.999596552229086 ], [ 18.218330082929675, 57.03083683654885 ], [ 18.276432023257087, 57.036482671064469 ], [ 18.297874405996964, 57.073368789899853 ], [ 18.196196010423996, 57.067722955384227 ], [ 18.220405152227084, 57.100845184542536 ], [ 18.218330082929675, 57.127192412282092 ], [ 18.169220109557699, 57.144882693764366 ], [ 18.14985279611523, 57.168218809762266 ], [ 18.151236175646833, 57.243872992271569 ], [ 18.091059166022017, 57.259304939947597 ], [ 18.102817892040658, 57.289416057364235 ], [ 18.169911799323501, 57.319903563748582 ], [ 18.170603489089302, 57.367704962647494 ], [ 18.184437284405355, 57.39856885799955 ], [ 18.116651687356708, 57.439971644447432 ], [ 18.127718723609547, 57.49003137715259 ], [ 18.104892961338066, 57.534445275342136 ], [ 18.199654459253008, 57.599936955723322 ], [ 18.242539224732763, 57.610475846819149 ], [ 18.329000445458078, 57.66806335887847 ], [ 18.410619837822772, 57.751621709709646 ], [ 18.461113190726351, 57.819748112864787 ], [ 18.526132028711789, 57.828405059122069 ], [ 18.566250035128334, 57.845342562668932 ], [ 18.606368041544879, 57.843084228862686 ], [ 18.625043665221547, 57.886368960149099 ], [ 18.695596021333401, 57.920620356210527 ], [ 18.750239512831797, 57.924384245887609 ], [ 18.778598793229701, 57.876959235956406 ], [ 18.791049209014147, 57.828028670154367 ], [ 18.857451426531185, 57.925513412790735 ], [ 18.927312092877237, 57.926642579693855 ], [ 18.957746442572549, 57.913845354791789 ], [ 19.022765280557984, 57.912339798920954 ], [ 19.028298798684403, 57.869807845569952 ], [ 19.067725115335143, 57.849859230281425 ], [ 19.015848382899957, 57.826523114283532 ], [ 19.01446500336835, 57.807327276930422 ], [ 18.974346996951809, 57.775334214675247 ], [ 18.949446165382916, 57.739953651710692 ], [ 18.865751703720814, 57.721510592293001 ], [ 18.802807935032789, 57.740330040678401 ], [ 18.8062663838618, 57.677849472038879 ], [ 18.772373585337476, 57.646985576686824 ], [ 18.763381618382045, 57.614992514431641 ], [ 18.798657796437972, 57.609346679916023 ], [ 18.79519934760896, 57.577353617660847 ], [ 18.813183281519827, 57.553641112695239 ], [ 18.749547823065996, 57.509603603473408 ], [ 18.761998238850438, 57.471964706702607 ], [ 18.818716799646246, 57.439218866512014 ], [ 18.896186053416123, 57.440348033415134 ], [ 18.928003782643039, 57.424163307803695 ], [ 18.907253089668966, 57.396686913161012 ] ] ], [ [ [ 19.118218468238727, 57.84722450750747 ], [ 19.080867220885395, 57.867549511763706 ], [ 19.08017553111959, 57.887874516019934 ], [ 19.041440904234648, 57.901800907825127 ], [ 19.048357801892674, 57.926642579693855 ], [ 19.087092428777616, 57.9334175811126 ], [ 19.079483841353788, 57.964281476464656 ], [ 19.113376639878112, 57.982724535882348 ], [ 19.194304342477004, 57.994768982849003 ], [ 19.244797695380583, 57.973314811689647 ], [ 19.330567226340094, 57.982724535882348 ], [ 19.350626229548368, 57.963905087496947 ], [ 19.282148942733919, 57.948849528788628 ], [ 19.252406282804412, 57.952237029498001 ], [ 19.138969161212803, 57.910834243050118 ], [ 19.170786890439718, 57.891638405697016 ], [ 19.118218468238727, 57.84722450750747 ] ] ], [ [ [ 19.213671655919473, 58.339164888301809 ], [ 19.176320408566138, 58.392988510684056 ], [ 19.192229273179596, 58.397505178296548 ], [ 19.278690493904907, 58.383578786491356 ], [ 19.322266949150464, 58.366641282944492 ], [ 19.29390766875256, 58.341423222108062 ], [ 19.213671655919473, 58.339164888301809 ] ] ] ] } },
{ "type": "Feature", "properties": { "ID": "a072000000poD1mAAE", "COUNTY_COUNCIL__C": "Halland", "PAYS__C": "Suède" }, "geometry": { "type": "MultiPolygon", "coordinates": [ [ [ [ 12.898544094142657, 56.447810325569172 ], [ 12.939353790325004, 56.498622836209755 ], [ 12.947654067514634, 56.546800624076376 ], [ 12.938662100559201, 56.58857979949196 ], [ 12.8826352295292, 56.648425645357534 ], [ 12.830758497094012, 56.664233982001271 ], [ 12.777498385127219, 56.640521477035662 ], [ 12.728388411755242, 56.640145088067953 ], [ 12.731155170818452, 56.663104815098144 ], [ 12.685503646275487, 56.70450760154602 ], [ 12.622559877587459, 56.743275665219947 ], [ 12.618409738992645, 56.77075205986263 ], [ 12.60872608227141, 56.821940959470915 ], [ 12.502205858337824, 56.885927083981272 ], [ 12.403294221828068, 56.902864587528128 ], [ 12.366634664240534, 56.918296535204156 ], [ 12.347267350798065, 56.966097934103075 ], [ 12.350034109861275, 57.006371553647831 ], [ 12.366634664240534, 56.986046549391595 ], [ 12.421969845504735, 57.002984052938459 ], [ 12.487680373255973, 57.007124331583242 ], [ 12.532640208033134, 56.991692383907214 ], [ 12.610801151568817, 57.014652110937405 ], [ 12.577600042810296, 57.098586850736282 ], [ 12.638468742200917, 57.165207698020602 ], [ 12.630860154777089, 57.205481317565351 ], [ 12.685503646275487, 57.222418821112214 ], [ 12.760206140982156, 57.267585497237171 ], [ 12.813466252948949, 57.293179947041317 ], [ 12.836292015220431, 57.263068829624672 ], [ 12.919986476882533, 57.263068829624672 ], [ 12.951112516343647, 57.22881743356325 ], [ 12.921369856414138, 57.213761874854931 ], [ 12.921369856414138, 57.168595198729967 ], [ 13.036882047303155, 57.174993811181004 ], [ 13.033423598474144, 57.14789380550603 ], [ 13.101900885288591, 57.138107692345621 ], [ 13.085992020675134, 57.092188238285246 ], [ 13.022356562221304, 57.074874345770681 ], [ 13.011289525968465, 57.047397951127998 ], [ 12.906844371332287, 57.027825724807187 ], [ 12.852200879833889, 57.010888221260323 ], [ 12.825916668733393, 56.977765992102022 ], [ 12.836983704986235, 56.960452099587457 ], [ 12.915836338287718, 56.937868761524975 ], [ 12.945578998217226, 56.912650700688538 ], [ 13.005064318076242, 56.907004866172919 ], [ 13.005756007842043, 56.857321522435463 ], [ 13.034806978005749, 56.836243740243816 ], [ 13.075616674188096, 56.838878463017771 ], [ 13.17660337999526, 56.871624303208371 ], [ 13.161386205147606, 56.820811792567788 ], [ 13.2423139077465, 56.830221516760488 ], [ 13.272748257441808, 56.845277075468807 ], [ 13.301799227605514, 56.819682625664669 ], [ 13.314249643389958, 56.797852065537604 ], [ 13.328083438706008, 56.721821494060592 ], [ 13.318399781984773, 56.680795096580418 ], [ 13.362667926996133, 56.66536314890439 ], [ 13.406936072007493, 56.599871468523204 ], [ 13.445670698892433, 56.565996461429485 ], [ 13.460196183974286, 56.53061589846493 ], [ 13.471263220227126, 56.418451986087952 ], [ 13.415928038962926, 56.410924206733789 ], [ 13.355751029338109, 56.380436700349442 ], [ 13.307332745731934, 56.377801977575487 ], [ 13.235397010088473, 56.323978355193248 ], [ 13.204270970627361, 56.31795613170992 ], [ 13.157927756318593, 56.346938082223431 ], [ 13.077691743485504, 56.34204502564323 ], [ 12.986388694399574, 56.350325582932804 ], [ 12.960104483299078, 56.362370029899459 ], [ 12.969788140020313, 56.39473948112235 ], [ 12.962179552596487, 56.434636711699397 ], [ 12.898544094142657, 56.447810325569172 ] ] ], [ [ [ 12.096183965811758, 57.55213555682441 ], [ 12.187487014897687, 57.557781391340029 ], [ 12.281556823046827, 57.590903620498331 ], [ 12.329283416887201, 57.566814726565021 ], [ 12.342425522437447, 57.544984166437956 ], [ 12.320983139697569, 57.525411940117145 ], [ 12.349342420095471, 57.473093873605734 ], [ 12.347267350798065, 57.441100811350552 ], [ 12.408136050188684, 57.431314698190143 ], [ 12.410902809251894, 57.377491075807903 ], [ 12.39291887534103, 57.34474523561731 ], [ 12.385310287917202, 57.3394757900694 ], [ 12.353492558690288, 57.333077177618364 ], [ 12.318908070400163, 57.299202170524644 ], [ 12.278098374217816, 57.292427169105899 ], [ 12.241438816630282, 57.308235505749636 ], [ 12.16604463215781, 57.307859116781927 ], [ 12.122468176912253, 57.346250791488139 ], [ 12.110017761127807, 57.377491075807903 ], [ 12.110017761127807, 57.433949420964105 ], [ 12.06644130588225, 57.448628590704715 ], [ 12.018023022276076, 57.396310524193304 ], [ 12.026323299465705, 57.376361908904776 ], [ 11.99173881117558, 57.35528412671313 ], [ 11.912886177874096, 57.401203580773505 ], [ 11.924644903892737, 57.429432753351605 ], [ 11.909427729045083, 57.463684149413034 ], [ 11.955079253588048, 57.500570268248417 ], [ 11.917036316468911, 57.531434163600473 ], [ 11.926719973190146, 57.548748056115038 ], [ 11.993122190707185, 57.558910558243156 ], [ 12.015256263212866, 57.537832776051509 ], [ 12.096183965811758, 57.55213555682441 ] ] ] ] } },
{ "type": "Feature", "properties": { "ID": "a072000000poD1NAAU", "COUNTY_COUNCIL__C": "Blekinge", "PAYS__C": "Suède" }, "geometry": { "type": "MultiPolygon", "coordinates": [ [ [ [ 15.70057933540858, 56.093628306955956 ], [ 15.66461146758685, 56.078572748247637 ], [ 15.635560497423146, 56.096263029729911 ], [ 15.652852741568207, 56.124492202308012 ], [ 15.70057933540858, 56.093628306955956 ] ] ], [ [ [ 14.568974878555691, 56.215954721461053 ], [ 14.446545790008649, 56.219342222170425 ], [ 14.428561856097785, 56.286339458422447 ], [ 14.395360747339264, 56.293490848808901 ], [ 14.425795097034573, 56.362746418867168 ], [ 14.420953268673957, 56.393986703186933 ], [ 14.47698013970396, 56.401138093573387 ], [ 14.51848152565211, 56.45270338214938 ], [ 14.585575432934952, 56.437647823441061 ], [ 14.674803412723474, 56.383071423123404 ], [ 14.764723082277799, 56.377801977575487 ], [ 14.858101200661135, 56.350325582932804 ], [ 14.90651948426731, 56.352583916739057 ], [ 14.936262144196819, 56.376296421704659 ], [ 14.971538322252746, 56.413935318475453 ], [ 15.016498157029908, 56.442540880021262 ], [ 15.129935278621518, 56.44743393660147 ], [ 15.174203423632878, 56.422215875765033 ], [ 15.221238327707448, 56.433131155828562 ], [ 15.219163258410042, 56.450821437310836 ], [ 15.27449843967424, 56.46211310634208 ], [ 15.333292069767452, 56.450821437310836 ], [ 15.36303472969696, 56.474533942276445 ], [ 15.410069633771531, 56.489965889952472 ], [ 15.485463818244003, 56.470393663631654 ], [ 15.52350675536314, 56.494106168597256 ], [ 15.597517560304007, 56.487707556146219 ], [ 15.599592629601414, 56.470017274663945 ], [ 15.66737822665006, 56.449692270407716 ], [ 15.677061883371294, 56.436518656537935 ], [ 15.728246926040679, 56.411676984669207 ], [ 15.801566041215745, 56.337528358030738 ], [ 15.827850252316239, 56.320590854483875 ], [ 15.88595219264365, 56.308922796484929 ], [ 15.958579618052912, 56.311557519258884 ], [ 16.001464383532667, 56.290479737067237 ], [ 16.053341115967854, 56.314568631000547 ], [ 16.053341115967854, 56.287845014293282 ], [ 16.019448317443533, 56.24531306094228 ], [ 16.015298178848717, 56.22122416700897 ], [ 15.959962997584517, 56.196006106172533 ], [ 15.947512581800073, 56.171164434303805 ], [ 15.906702885617726, 56.147828318305912 ], [ 15.881110364283032, 56.107931087728865 ], [ 15.84998432482192, 56.082713026892428 ], [ 15.782198727773274, 56.116588033986147 ], [ 15.75868127573599, 56.107931087728865 ], [ 15.67567850383969, 56.154979708692359 ], [ 15.642477395081169, 56.191113049592325 ], [ 15.616193183980675, 56.170788045336096 ], [ 15.564316451545487, 56.185843604044415 ], [ 15.496530854496843, 56.17379915707776 ], [ 15.466096504801532, 56.168153322562141 ], [ 15.403152736113505, 56.180574158496505 ], [ 15.401769356581902, 56.160249154240276 ], [ 15.367876558057578, 56.130890814759049 ], [ 15.302857720072144, 56.124868591275721 ], [ 15.255822815997572, 56.174928323980886 ], [ 15.215013119815225, 56.152721374886113 ], [ 15.081516995015344, 56.151592207982986 ], [ 15.067683199699292, 56.177563046754841 ], [ 15.015806467264106, 56.150463041079867 ], [ 14.972230012018549, 56.170035267400678 ], [ 14.936953833962621, 56.156861653530903 ], [ 14.856717821129532, 56.147075540370494 ], [ 14.740513940474711, 56.160249154240276 ], [ 14.678261861552485, 56.153474152821531 ], [ 14.675495102489275, 56.126374147146556 ], [ 14.728755214456069, 56.089864417278882 ], [ 14.72391338609545, 56.061635244700781 ], [ 14.782015326422862, 56.035288016961218 ], [ 14.752272666493354, 56.00931717818937 ], [ 14.713538039608414, 55.996896342255006 ], [ 14.610476264503841, 55.999154676061252 ], [ 14.557907842302852, 56.033406072122681 ], [ 14.550990944644827, 56.057494966055991 ], [ 14.591108951061372, 56.113576922244484 ], [ 14.580733604574334, 56.189607493721496 ], [ 14.568974878555691, 56.215954721461053 ] ] ] ] } },
{ "type": "Feature", "properties": { "ID": "a072000000poD1rAAE", "COUNTY_COUNCIL__C": "Jämtland", "PAYS__C": "Suède" }, "geometry": { "type": "MultiPolygon", "coordinates": [ [ [ [ 15.426670188150791, 62.108700399897302 ], [ 15.307007858666957, 62.073319836932754 ], [ 15.208787911923004, 62.024765660098424 ], [ 15.098809239160406, 61.993901764746369 ], [ 15.123710070729295, 61.895664244174583 ], [ 15.0974258596288, 61.881361463401682 ], [ 15.114718103773864, 61.832430897599643 ], [ 15.050390955554231, 61.816622560955906 ], [ 15.052466024851638, 61.861789237080863 ], [ 14.917586520520151, 61.870446183338146 ], [ 14.925886797709781, 61.821139228568398 ], [ 14.867784857382372, 61.823397562374652 ], [ 14.822133332839407, 61.871198961273564 ], [ 14.766106461809404, 61.860283681210035 ], [ 14.813141365883974, 61.807965614698624 ], [ 14.777865187828047, 61.793286444958014 ], [ 14.699012554526561, 61.862165626048572 ], [ 14.685178759210512, 61.888889242755837 ], [ 14.607709505440631, 61.840711454889217 ], [ 14.583500363637544, 61.812858671278825 ], [ 14.522631664246925, 61.778983664185105 ], [ 14.528165182373344, 61.747366990897632 ], [ 14.505339420101862, 61.665314195937292 ], [ 14.510872938228282, 61.634073911617534 ], [ 14.452770997900872, 61.586648901686324 ], [ 14.391902298510253, 61.557290562205104 ], [ 14.297832490361111, 61.60283362729777 ], [ 14.12560173867629, 61.613748907361298 ], [ 13.983113646920975, 61.61224335149047 ], [ 13.826791759849609, 61.636708634391489 ], [ 13.741713918655902, 61.632944744714408 ], [ 13.644185661677751, 61.646494747551898 ], [ 13.57778344416071, 61.643483635810227 ], [ 13.52798178102293, 61.654775304841472 ], [ 13.505847708517251, 61.716879484513285 ], [ 13.426303385449962, 61.77634894141115 ], [ 13.385493689267616, 61.833183675535054 ], [ 13.332233577300823, 61.857648958436073 ], [ 13.229171802196252, 61.934055918880794 ], [ 13.379960171141196, 61.990890653004705 ], [ 13.299724158308106, 62.004817044809897 ], [ 13.290040501586871, 62.049607331967152 ], [ 13.172453241400447, 62.016861491776552 ], [ 13.068008086764269, 62.052242054741107 ], [ 12.987772073931179, 62.066544835514009 ], [ 12.953879275406857, 62.127896237250411 ], [ 12.914452958756113, 62.130530960024366 ], [ 12.78856542138006, 62.214465699823251 ], [ 12.614951290163631, 62.209949032210751 ], [ 12.359717766582509, 62.259632375948208 ], [ 12.300232446723495, 62.265278210463826 ], [ 12.240055437098677, 62.348083783359584 ], [ 12.233830229206454, 62.370290732454357 ], [ 12.172269840050033, 62.457236583994899 ], [ 12.06920806494546, 62.587090777854158 ], [ 12.059524408224226, 62.622847729786415 ], [ 12.103792553235586, 62.679682463910318 ], [ 12.134918592696698, 62.749314422936294 ], [ 12.341733832671645, 62.751572756742547 ], [ 12.497364029977208, 62.759853314032121 ], [ 12.605267633442397, 62.724472751067573 ], [ 12.641235501264127, 62.699254690231136 ], [ 12.768506418171787, 62.701513024037382 ], [ 12.870184813744753, 62.6883394101676 ], [ 12.967713070722906, 62.733882475260273 ], [ 13.044490634726984, 62.701513024037382 ], [ 13.142710581470938, 62.701889413005091 ], [ 13.189745485545508, 62.668014405911372 ], [ 13.272748257441808, 62.649194957525971 ], [ 13.281740224397241, 62.608921337981215 ], [ 13.332925267066626, 62.602522725530186 ], [ 13.444287319360829, 62.629999120172869 ], [ 13.377885101843788, 62.663121349331171 ], [ 13.381343550672801, 62.73576442009881 ], [ 13.437370421702804, 62.751572756742547 ], [ 13.507231088048856, 62.700760246101964 ], [ 13.621359899406269, 62.674413018362408 ], [ 13.709204499663185, 62.678176908039489 ], [ 13.821258241723189, 62.705653302682173 ], [ 13.877285112753192, 62.672154684556162 ], [ 13.878668492284797, 62.617954673206214 ], [ 13.957521125586283, 62.616825506303087 ], [ 14.002480960363446, 62.587090777854158 ], [ 14.0176981352111, 62.511060206377138 ], [ 14.072341626709498, 62.481701866895918 ], [ 14.068191488114682, 62.454601861220944 ], [ 14.181628609706292, 62.37367823316373 ], [ 14.256331104412961, 62.336039336392929 ], [ 14.307516147082346, 62.324747667361692 ], [ 14.342100635372471, 62.294260160977345 ], [ 14.487355486190996, 62.295765716848173 ], [ 14.56828318878989, 62.276193490527355 ], [ 14.683795379678907, 62.334910169489802 ], [ 14.72114662703224, 62.34507267161792 ], [ 14.808991227289159, 62.398143516064749 ], [ 14.868476547148173, 62.390992125678295 ], [ 14.940412282791634, 62.312703220395036 ], [ 15.051774335085835, 62.280710158139854 ], [ 15.145152453469173, 62.243447650336762 ], [ 15.255822815997572, 62.278451824333608 ], [ 15.335367139064861, 62.263396265625289 ], [ 15.364418109228566, 62.201292085953469 ], [ 15.404536115645111, 62.188871250019105 ], [ 15.429436947214, 62.153867076022266 ], [ 15.426670188150791, 62.108700399897302 ] ] ], [ [ [ 14.777865187828047, 62.743668588420675 ], [ 14.815908124947184, 62.754207479516502 ], [ 14.777865187828047, 62.802385267383123 ], [ 14.816599814712987, 62.803890823253958 ], [ 14.782707016188663, 62.883685284408045 ], [ 14.713538039608414, 62.88556722924659 ], [ 14.690712277336932, 62.902881121761155 ], [ 14.602175987314212, 62.899493621051782 ], [ 14.594567399890384, 62.939767240596538 ], [ 14.544074046986802, 62.946918630982992 ], [ 14.543382357220999, 63.001118642332941 ], [ 14.453462687666674, 63.00638808788085 ], [ 14.412652991484327, 63.06359921097247 ], [ 14.326191770759014, 63.046661707425606 ], [ 14.267398140665803, 63.04440337361936 ], [ 14.201687612914565, 63.023701980395423 ], [ 14.139435533992341, 63.034617260458951 ], [ 14.126293428442093, 63.052307541941225 ], [ 13.939537191675416, 63.039886706006861 ], [ 13.936770432612207, 63.053436708844352 ], [ 13.838550485868252, 63.049296430199561 ], [ 13.860684558373933, 63.086182549034945 ], [ 13.799815858983312, 63.088064493873489 ], [ 13.75485602420615, 63.068115878584962 ], [ 13.700212532707752, 63.088440882841198 ], [ 13.552190922826018, 63.082042270390161 ], [ 13.429070144513172, 63.053813097812061 ], [ 13.357134408869713, 63.018808923815214 ], [ 13.218104765943412, 63.016926978976677 ], [ 13.110892852244024, 62.96649085730381 ], [ 12.772656556766602, 62.967996413174639 ], [ 12.576216663278693, 62.95821030001423 ], [ 12.316833001102754, 62.922076959114264 ], [ 12.075433272837683, 62.895353342406999 ], [ 12.175036599113243, 62.968372802142348 ], [ 12.226913331548429, 62.998483919558986 ], [ 12.17434490934744, 63.045532540522487 ], [ 12.112092830425215, 63.127961724450536 ], [ 12.060907787755831, 63.170493677801538 ], [ 11.988280362346568, 63.252170083794169 ], [ 11.98067177492274, 63.278893700501435 ], [ 12.032548507357928, 63.309004817918073 ], [ 12.178495047942254, 63.439235400745041 ], [ 12.20754601810596, 63.481390965128334 ], [ 12.166736321923613, 63.55629236970222 ], [ 12.155669285670772, 63.596189600279267 ], [ 12.280865133281026, 63.66168128066046 ], [ 12.335508624779422, 63.723409071364571 ], [ 12.424044914802142, 63.773092415102028 ], [ 12.493213891382393, 63.822022980904059 ], [ 12.697954062059932, 63.981235514244538 ], [ 12.84113384358105, 64.024520245530965 ], [ 12.925519995008955, 64.060277197463222 ], [ 13.145477340534148, 64.088506370041316 ], [ 13.269289808612797, 64.089635536944442 ], [ 13.417311418494531, 64.073827200300713 ], [ 13.458121114676878, 64.075332756171534 ], [ 13.733413641466273, 64.046727194625731 ], [ 13.977580128794555, 64.011723020628892 ], [ 14.103467666170609, 64.147599437971465 ], [ 14.156727778137402, 64.190131391322467 ], [ 14.157419467903205, 64.235298067447431 ], [ 14.126985118207894, 64.378325875176472 ], [ 14.119376530784066, 64.463766170846185 ], [ 14.084792042493943, 64.480703674393041 ], [ 13.900110875024675, 64.509309235938844 ], [ 13.664936354651825, 64.576306472190865 ], [ 13.66078621605701, 64.594373142640848 ], [ 13.70228760200516, 64.641421763604356 ], [ 13.817799792894178, 64.736271783466762 ], [ 13.873826663924181, 64.770146790560489 ], [ 13.907719462448503, 64.807409298363567 ], [ 13.963746333478504, 64.841284305457293 ], [ 14.062657969988262, 64.921831544546805 ], [ 14.172636642750859, 65.002755172604012 ], [ 14.216904787762219, 65.045287125955014 ], [ 14.329650219588027, 65.11717741878725 ], [ 14.410577922186919, 65.088571857241433 ], [ 14.471446621577538, 65.054696850147721 ], [ 14.528165182373344, 65.038512124536282 ], [ 14.644369063028163, 64.988452391831117 ], [ 14.711462970311006, 64.972644055187374 ], [ 14.715613108905821, 64.950437106092608 ], [ 14.783398705954466, 64.930112101836372 ], [ 14.78962391384669, 64.898871817516607 ], [ 14.844959095110889, 64.887203759517661 ], [ 14.871243306211383, 64.860856531778111 ], [ 14.959087906468302, 64.845800973069785 ], [ 15.044165747662008, 64.785578738236509 ], [ 15.051082645320033, 64.745305118691761 ], [ 15.114026414008061, 64.747187063530291 ], [ 15.190112288246336, 64.736271783466762 ], [ 15.307007858666957, 64.667768991343905 ], [ 15.34366741625449, 64.637281484959558 ], [ 15.250980987636956, 64.629753705605395 ], [ 15.318074894919798, 64.604912033736667 ], [ 15.376176835247207, 64.570660637675246 ], [ 15.429436947214, 64.567649525933589 ], [ 15.432895396043012, 64.545442576838809 ], [ 15.510364649812892, 64.520600904970081 ], [ 15.57607517756413, 64.437042554138912 ], [ 15.648702602973392, 64.438924498977457 ], [ 15.636943876954749, 64.510814791809679 ], [ 15.707496233066605, 64.530763407098206 ], [ 15.724788477211668, 64.48634950890866 ], [ 15.738622272527717, 64.396392545626455 ], [ 15.780123658475867, 64.397898101497276 ], [ 15.866584879201181, 64.377573097241054 ], [ 15.867968258732784, 64.364023094403564 ], [ 15.976563551963778, 64.335417532857761 ], [ 16.020831696975137, 64.314339750666107 ], [ 16.029823663930571, 64.251482793058869 ], [ 16.226263557418477, 64.256375849639085 ], [ 16.249089319689961, 64.239061957124505 ], [ 16.357684612920956, 64.196530003773503 ], [ 16.403336137463917, 64.166418886356865 ], [ 16.544440849687629, 64.106573040491298 ], [ 16.611534756970471, 64.067804976817371 ], [ 16.720130050201462, 64.016239688241384 ], [ 16.664794868937264, 63.965427177600802 ], [ 16.666178248468867, 63.951877174763318 ], [ 16.583867166338372, 63.86907160186756 ], [ 16.567958301724914, 63.832561871999886 ], [ 16.575566889148742, 63.769704914392648 ], [ 16.613609826267879, 63.707600734720835 ], [ 16.554124506408865, 63.697438232592717 ], [ 16.38189375472404, 63.693297953947933 ], [ 16.311341398612186, 63.686899341496897 ], [ 16.275373530790457, 63.654529890274006 ], [ 16.224880177886874, 63.653400723370879 ], [ 16.160553029667241, 63.678618784207316 ], [ 16.077550257770941, 63.694427120851053 ], [ 15.982788759856, 63.64700211091985 ], [ 15.921920060465379, 63.645120166081306 ], [ 15.897710918662291, 63.671467393820869 ], [ 15.829233631847845, 63.656035446144841 ], [ 15.811249697936979, 63.63759238672715 ], [ 15.984863829153408, 63.557045147637638 ], [ 15.991780726811431, 63.50773819286789 ], [ 15.852059394119326, 63.499081246610608 ], [ 15.790499004962903, 63.506609025964764 ], [ 15.695045817282161, 63.467464573323142 ], [ 15.67014498571327, 63.435471511067959 ], [ 15.58160869569055, 63.419286785456514 ], [ 15.535265481381781, 63.395197891523203 ], [ 15.500680993091658, 63.35831177268782 ], [ 15.522815065597339, 63.282281201210807 ], [ 15.457796227611903, 63.248782583084797 ], [ 15.433587085808815, 63.275129810824353 ], [ 15.370643317120788, 63.29093814746809 ], [ 15.333292069767452, 63.27625897772748 ], [ 15.280723647566463, 63.229586745731687 ], [ 15.220546637941645, 63.232221468505642 ], [ 15.229538604897078, 63.178397846123403 ], [ 15.300090961008934, 63.171622844704657 ], [ 15.315999825622391, 63.13624228174011 ], [ 15.428745257448199, 63.117422833354709 ], [ 15.497222544262645, 63.060964488198508 ], [ 15.61480980444907, 63.06886865652038 ], [ 15.678445262902901, 63.044026984651651 ], [ 15.793957453791919, 63.065481155811007 ], [ 15.835458839740067, 63.057576987489142 ], [ 15.94128737390785, 63.078654769680789 ], [ 15.96618820547674, 63.043274206716234 ], [ 16.00561452212748, 63.04440337361936 ], [ 16.0111480402539, 63.076020046906834 ], [ 16.082392086131559, 63.06435198890788 ], [ 16.110751366529463, 63.074138102068289 ], [ 16.322408434865025, 63.052683930908934 ], [ 16.404719516995524, 63.027842259040206 ], [ 16.44829597224108, 62.997354752655859 ], [ 16.426161899735401, 62.93374501711321 ], [ 16.454521180133305, 62.862607502216406 ], [ 16.500864394442072, 62.805396379124787 ], [ 16.408177965824535, 62.753454701581084 ], [ 16.377051926363425, 62.689844966038436 ], [ 16.287132256809098, 62.700760246101964 ], [ 16.181303722641317, 62.689092188103018 ], [ 16.092767432618597, 62.686833854296772 ], [ 16.042274079715014, 62.698878301263427 ], [ 15.953046099926492, 62.705276913714464 ], [ 15.697120886579567, 62.643925511978061 ], [ 15.641094015549566, 62.623976896689541 ], [ 15.48753888754141, 62.605910226239558 ], [ 15.244755779744732, 62.593489390305194 ], [ 15.217779878878435, 62.579186609532286 ], [ 15.123018380963494, 62.56224910598543 ], [ 15.090508961970777, 62.579186609532286 ], [ 14.980530289208179, 62.593489390305194 ], [ 14.922428348880768, 62.591231056498941 ], [ 14.871934995977186, 62.657099125847843 ], [ 14.862943029021753, 62.70640608061759 ], [ 14.790315603612491, 62.730871363518609 ], [ 14.643677373262362, 62.725225529002984 ], [ 14.638143855135942, 62.756842202290457 ], [ 14.69555410569755, 62.763240814741494 ], [ 14.777865187828047, 62.743668588420675 ] ] ] ] } },
{ "type": "Feature", "properties": { "ID": "a072000000poD1wAAE", "COUNTY_COUNCIL__C": "Jönköping", "PAYS__C": "Suède" }, "geometry": { "type": "MultiPolygon", "coordinates": [ [ [ [ 14.362851328346547, 57.049279895966535 ], [ 14.33864218654346, 57.048150729063416 ], [ 14.336567117246052, 57.007500720550951 ], [ 14.370459915770375, 57.000349330164497 ], [ 14.392593988276055, 56.965345156167658 ], [ 14.382218641789017, 56.923942369719782 ], [ 14.34417570466988, 56.904370143398964 ], [ 14.331725288885433, 56.876893748756281 ], [ 14.29990755965852, 56.870871525272953 ], [ 14.257022794178765, 56.877646526691699 ], [ 14.228663513780862, 56.903240976495837 ], [ 14.21413802869901, 56.943138207072884 ], [ 14.183011989237897, 56.982282659714514 ], [ 14.103467666170609, 57.014652110937405 ], [ 14.091708940151968, 57.036482671064469 ], [ 14.016314755679495, 57.042128505580088 ], [ 13.92639508612517, 57.033095170355097 ], [ 13.928470155422577, 57.019545167517606 ], [ 13.842008934697265, 56.992821550810341 ], [ 13.803965997578128, 57.022179890291561 ], [ 13.752780954908744, 57.028954891710306 ], [ 13.714046328023803, 57.013146555066569 ], [ 13.689145496454913, 56.966850712038486 ], [ 13.608909483621822, 56.998843774293668 ], [ 13.606834414324416, 57.057184064288407 ], [ 13.574324995331699, 57.055678508417571 ], [ 13.53628205821256, 57.0805201802863 ], [ 13.424228316152556, 57.106114630090445 ], [ 13.341917234022059, 57.101974351445655 ], [ 13.236780389620078, 57.086918792737336 ], [ 13.177295069761064, 57.047774340095707 ], [ 13.124034957794271, 57.022179890291561 ], [ 13.085992020675134, 57.092188238285246 ], [ 13.101900885288591, 57.138107692345621 ], [ 13.162077894913409, 57.173111866342467 ], [ 13.214646317114399, 57.248389659884062 ], [ 13.27343994720761, 57.246884104013233 ], [ 13.289348811821068, 57.297696614653809 ], [ 13.36197623723033, 57.310493839555882 ], [ 13.391027207394036, 57.334582733489192 ], [ 13.440137180766014, 57.341734123875646 ], [ 13.477488428119347, 57.366199406776666 ], [ 13.510689536877868, 57.41324802774016 ], [ 13.542507266104783, 57.423786918835987 ], [ 13.586083721350342, 57.462178593542198 ], [ 13.604759345027007, 57.49944110134529 ], [ 13.67462001137306, 57.529928607729637 ], [ 13.696062394112937, 57.553641112695239 ], [ 13.66908649324664, 57.610852235786858 ], [ 13.728571813105656, 57.654513356040979 ], [ 13.704362671302569, 57.698550865262817 ], [ 13.723038294979235, 57.7354369840982 ], [ 13.752780954908744, 57.759525878031511 ], [ 13.738947159592692, 57.840073117121023 ], [ 13.795665720388499, 57.901424518857425 ], [ 13.765231370693188, 57.931535636274063 ], [ 13.732030261934668, 57.925137023823027 ], [ 13.72165491544763, 57.983477313817765 ], [ 13.778373476243434, 57.999662039429204 ], [ 13.786673753433066, 58.049721772134369 ], [ 13.831633588210227, 58.038430103103131 ], [ 13.89042721830344, 58.041441214844795 ], [ 13.943687330270233, 58.030525934781259 ], [ 13.965821402775912, 58.000038428396913 ], [ 14.0730333164753, 58.018481487814604 ], [ 14.07026655741209, 58.036548158264587 ], [ 14.11730146148666, 58.061389830133315 ], [ 14.130443567036908, 58.138549568513454 ], [ 14.16710312462444, 58.1219884539343 ], [ 14.311666285677163, 58.124246787740553 ], [ 14.372534985067782, 58.172048186639465 ], [ 14.413344681250129, 58.182963466702994 ], [ 14.461762964856305, 58.149088459609274 ], [ 14.465221413685317, 58.126505121546799 ], [ 14.598717538485198, 58.091877336517662 ], [ 14.759881253917181, 58.094135670323908 ], [ 14.770948290170022, 58.076821777809343 ], [ 14.889918929888051, 58.081714834389544 ], [ 14.899602586609287, 58.131398178127 ], [ 14.907902863798917, 58.131774567094709 ], [ 14.977763530144969, 58.121235675998889 ], [ 15.015114777498304, 58.100157893807236 ], [ 15.051082645320033, 58.024880100265641 ], [ 15.068374889465096, 58.021116210588559 ], [ 15.082208684781147, 57.985735647624011 ], [ 15.014423087732501, 57.983100924850056 ], [ 15.005431120777068, 57.9240078569199 ], [ 15.001972671948057, 57.892391183632427 ], [ 15.039323919301392, 57.866796733828288 ], [ 15.070449958762502, 57.823135613574159 ], [ 15.087050513141763, 57.765171712547129 ], [ 15.124401760495099, 57.739577262742984 ], [ 15.127168519558309, 57.717370313648217 ], [ 15.16382807714584, 57.696292531456571 ], [ 15.297324201945724, 57.705702255649271 ], [ 15.424595118853382, 57.697045309391982 ], [ 15.434278775574619, 57.688388363134699 ], [ 15.584375454753761, 57.635317518687877 ], [ 15.595442491006601, 57.613110569593104 ], [ 15.66461146758685, 57.593161954304577 ], [ 15.624493461170305, 57.582623063208757 ], [ 15.57884193662734, 57.540467498825464 ], [ 15.639710636017959, 57.524659162181727 ], [ 15.62034332257549, 57.474599429476562 ], [ 15.624493461170305, 57.443359145156805 ], [ 15.563624761779685, 57.459167481800534 ], [ 15.499989303325854, 57.434325809931806 ], [ 15.503447752154868, 57.407225804256832 ], [ 15.531115342786968, 57.385771633097477 ], [ 15.507597890749683, 57.371468852324575 ], [ 15.507597890749683, 57.304095227104845 ], [ 15.475088471756965, 57.298073003621518 ], [ 15.48200536941499, 57.244625770206987 ], [ 15.524198445128942, 57.237097990852824 ], [ 15.52073999629993, 57.196447982340359 ], [ 15.428053567682396, 57.206610484468477 ], [ 15.384477112436837, 57.222795210079923 ], [ 15.261356334123994, 57.213761874854931 ], [ 15.226771845833868, 57.221289654209087 ], [ 15.152069351127199, 57.218278542467424 ], [ 15.123710070729295, 57.18590909124454 ], [ 15.066991509933491, 57.174617422213295 ], [ 15.010964638903488, 57.158809085569565 ], [ 14.99782253335324, 57.130956301959174 ], [ 14.907211174033113, 57.127568801249801 ], [ 14.881618652698421, 57.189296591953912 ], [ 14.840117266750271, 57.192307703695576 ], [ 14.78685715478348, 57.216772986596595 ], [ 14.719763247500637, 57.218654931435132 ], [ 14.696937485229153, 57.203975761694522 ], [ 14.614626403098656, 57.19607159337265 ], [ 14.618084851927669, 57.173488255310176 ], [ 14.559291221834457, 57.179886867761212 ], [ 14.546149116284209, 57.156927140731021 ], [ 14.489430555488404, 57.145259082732075 ], [ 14.471446621577538, 57.153539640021648 ], [ 14.398127506402474, 57.145635471699784 ], [ 14.356626120454324, 57.143753526861246 ], [ 14.362851328346547, 57.049279895966535 ] ] ], [ [ [ 17.468538376799767, 59.499195686777824 ], [ 17.382768845840257, 59.57861375896421 ], [ 17.385535604903467, 59.655020719408938 ], [ 17.474071894926187, 59.656902664247475 ], [ 17.541857491974831, 59.707338785920342 ], [ 17.540474112443228, 59.725405456370325 ], [ 17.605492950428662, 59.735567958498443 ], [ 17.648377715908417, 59.714113787339087 ], [ 17.632468851294959, 59.686637392696404 ], [ 17.590967465346811, 59.641094327603739 ], [ 17.53009876595619, 59.626415157863129 ], [ 17.52456524782977, 59.581248481738172 ], [ 17.570908462138537, 59.550760975353825 ], [ 17.529407076190388, 59.518391524130934 ], [ 17.468538376799767, 59.499195686777824 ] ] ] ] } },
{ "type": "Feature", "properties": { "ID": "a072000000poD1XAAU", "COUNTY_COUNCIL__C": "Dalarna", "PAYS__C": "Suède" }, "geometry": { "type": "MultiPolygon", "coordinates": [ [ [ [ 15.075983476888922, 60.038937466471083 ], [ 15.019956605858921, 60.05022913550232 ], [ 14.912744692159533, 60.041572189245038 ], [ 14.795157431973109, 60.099912479239777 ], [ 14.745355768835328, 60.075447196338757 ], [ 14.758497874385576, 59.990383289636753 ], [ 14.438245512819019, 60.017859684279436 ], [ 14.323425011695804, 60.058133303824192 ], [ 14.218979857059628, 60.085233309499166 ], [ 14.196845784553947, 60.16088749200847 ], [ 14.154652708839995, 60.195138888069899 ], [ 14.149810880479377, 60.221862504777164 ], [ 14.022539963571717, 60.220733337874037 ], [ 13.990722234344803, 60.246327787678183 ], [ 13.954754366523073, 60.244822231807348 ], [ 13.998330821768629, 60.206054168133427 ], [ 13.968588161839122, 60.168791660330335 ], [ 13.826791759849609, 60.247833343549011 ], [ 13.791515581793682, 60.291118074835431 ], [ 13.71612139732121, 60.350963920701005 ], [ 13.670469872778245, 60.398388930632208 ], [ 13.623434968703675, 60.405163932050954 ], [ 13.548040784231203, 60.414950045211363 ], [ 13.467804771398113, 60.451836164046746 ], [ 13.437370421702804, 60.509047287138358 ], [ 13.304565986668724, 60.619705643644508 ], [ 13.284506983460451, 60.627609811966373 ], [ 13.254764323530944, 60.680304267445493 ], [ 13.200120832032546, 60.677669544671538 ], [ 13.166919723274026, 60.748054281632932 ], [ 13.05970780957464, 60.815051517884953 ], [ 13.000222489715624, 60.834247355238062 ], [ 12.895777335079446, 60.887694588652593 ], [ 12.830066807328208, 60.929473764068177 ], [ 12.70556264948376, 60.985932109224379 ], [ 12.670978161193634, 61.056316846185773 ], [ 12.706254339249561, 61.144015475661732 ], [ 12.79686569856969, 61.198591875979389 ], [ 12.845975671941666, 61.273493280553282 ], [ 12.872951572807963, 61.360439132093823 ], [ 12.852200879833889, 61.368719689383397 ], [ 12.69449561323092, 61.477872490018719 ], [ 12.623943257119064, 61.536965557948868 ], [ 12.568608075854865, 61.570464176074879 ], [ 12.48422192442696, 61.565571119494678 ], [ 12.396377324170043, 61.574604454719669 ], [ 12.359717766582509, 61.608479461813388 ], [ 12.264956268667568, 61.643860024777936 ], [ 12.141143800588921, 61.718385040384121 ], [ 12.168119701455218, 61.837700343147553 ], [ 12.183336876302873, 61.852003123920454 ], [ 12.219304744124603, 61.976211483264095 ], [ 12.219304744124603, 62.01234482416406 ], [ 12.281556823046827, 62.223499035048242 ], [ 12.300232446723495, 62.265278210463826 ], [ 12.359717766582509, 62.259632375948208 ], [ 12.614951290163631, 62.209949032210751 ], [ 12.78856542138006, 62.214465699823251 ], [ 12.914452958756113, 62.130530960024366 ], [ 12.953879275406857, 62.127896237250411 ], [ 12.987772073931179, 62.066544835514009 ], [ 13.068008086764269, 62.052242054741107 ], [ 13.172453241400447, 62.016861491776552 ], [ 13.290040501586871, 62.049607331967152 ], [ 13.299724158308106, 62.004817044809897 ], [ 13.379960171141196, 61.990890653004705 ], [ 13.229171802196252, 61.934055918880794 ], [ 13.332233577300823, 61.857648958436073 ], [ 13.385493689267616, 61.833183675535054 ], [ 13.426303385449962, 61.77634894141115 ], [ 13.505847708517251, 61.716879484513285 ], [ 13.52798178102293, 61.654775304841472 ], [ 13.57778344416071, 61.643483635810227 ], [ 13.644185661677751, 61.646494747551898 ], [ 13.741713918655902, 61.632944744714408 ], [ 13.826791759849609, 61.636708634391489 ], [ 13.983113646920975, 61.61224335149047 ], [ 14.12560173867629, 61.613748907361298 ], [ 14.297832490361111, 61.60283362729777 ], [ 14.391902298510253, 61.557290562205104 ], [ 14.452770997900872, 61.586648901686324 ], [ 14.670653274128659, 61.586272512718615 ], [ 14.656127789046806, 61.558796118075932 ], [ 14.678953551318289, 61.536965557948868 ], [ 14.669269894597054, 61.48276554659892 ], [ 14.810374606820764, 61.488034992146829 ], [ 14.905136104735707, 61.482389157631211 ], [ 15.008889569606081, 61.486529436276001 ], [ 15.095350790331393, 61.475990545180174 ], [ 15.130626968387322, 61.549386393883232 ], [ 15.16659483620905, 61.564065563623842 ], [ 15.215704809581029, 61.489164159049956 ], [ 15.365109798994368, 61.372859968028187 ], [ 15.43773722440363, 61.325811347064686 ], [ 15.568466590140304, 61.262578000489746 ], [ 15.600284319367217, 61.236607161717899 ], [ 15.659769639226234, 61.211389100881462 ], [ 15.684670470795123, 61.099601577472193 ], [ 15.71441313072463, 61.087180741537829 ], [ 15.757297896204385, 61.0435196212837 ], [ 15.93022033765501, 61.003622390706653 ], [ 16.136343887864154, 60.987061276127498 ], [ 16.209663003039218, 60.91291264948903 ], [ 16.211738072336626, 60.899362646651539 ], [ 16.27399015125885, 60.842527912527636 ], [ 16.391577411445276, 60.77816539904957 ], [ 16.378435305895028, 60.732998722924613 ], [ 16.317566606504407, 60.704393161378803 ], [ 16.32033336556762, 60.677293155703829 ], [ 16.253239458284778, 60.621587588483045 ], [ 16.208971313273416, 60.606908418742435 ], [ 16.136343887864154, 60.60013341732369 ], [ 16.190987379362554, 60.529748680362296 ], [ 16.288515636340705, 60.474043113141512 ], [ 16.33140040182046, 60.4168319900499 ], [ 16.390885721679474, 60.37354725876348 ], [ 16.520923397650343, 60.349834753797879 ], [ 16.581792097040964, 60.288483352061476 ], [ 16.619835034160101, 60.27154584851462 ], [ 16.623293482989112, 60.240305564194855 ], [ 16.699379357227389, 60.206054168133427 ], [ 16.709754703714424, 60.188363886651153 ], [ 16.656494591747634, 60.178201384523035 ], [ 16.549282678048247, 60.170673605168879 ], [ 16.535448882732197, 60.130023596656414 ], [ 16.428928658798611, 60.113838871044969 ], [ 16.396419239805894, 60.076952752209586 ], [ 16.325175193928239, 60.070177750790847 ], [ 16.189603999830947, 60.070930528726258 ], [ 16.161936409198848, 60.079211086015839 ], [ 16.15709458083823, 60.119484705560588 ], [ 16.09138405308699, 60.140186098784532 ], [ 16.055416185265262, 60.139056931881406 ], [ 16.024290145804152, 60.174061105878252 ], [ 15.942670753439455, 60.176319439684498 ], [ 15.926070199060195, 60.162016658911597 ], [ 15.863126430372168, 60.160134714073052 ], [ 15.798107592386732, 60.171802772071999 ], [ 15.760756345033396, 60.111956926206432 ], [ 15.726863546509076, 60.092761088853322 ], [ 15.730321995338088, 60.066037472146057 ], [ 15.69781257634537, 60.037808299567956 ], [ 15.727555236274878, 60.016354128408601 ], [ 15.701962714940185, 60.006568015248192 ], [ 15.725480166977469, 59.966670784671152 ], [ 15.685362160560924, 59.92940827686806 ], [ 15.529731963255362, 59.951238836995117 ], [ 15.495839164731041, 59.932042999642015 ], [ 15.491689026136225, 59.895909658742049 ], [ 15.457796227611903, 59.885747156613931 ], [ 15.426670188150791, 59.848861037778548 ], [ 15.36026797063375, 59.873326320679567 ], [ 15.339517277659676, 59.895156880806631 ], [ 15.230230294662881, 59.967799951574271 ], [ 15.217779878878435, 59.990006900669044 ], [ 15.125785140026704, 60.004686070409655 ], [ 15.075983476888922, 60.038937466471083 ] ] ] ] } },
{ "type": "Feature", "properties": { "ID": "a072000000poD21AAE", "COUNTY_COUNCIL__C": "Kalmar", "PAYS__C": "Suède" }, "geometry": { "type": "MultiPolygon", "coordinates": [ [ [ [ 16.566574922193308, 56.40000892667026 ], [ 16.568649991490716, 56.368392253382787 ], [ 16.51677325905553, 56.301395017130766 ], [ 16.483572150297007, 56.240796393329781 ], [ 16.41716993277997, 56.203533885526689 ], [ 16.396419239805894, 56.220471389073552 ], [ 16.410253035121944, 56.252464451328727 ], [ 16.392269101211077, 56.271283899714128 ], [ 16.408869655590337, 56.351078360868222 ], [ 16.404027827229722, 56.421086708861907 ], [ 16.372210098002807, 56.45797282769729 ], [ 16.379818685426635, 56.519324229433693 ], [ 16.41993669184318, 56.601000635426324 ], [ 16.473196803809969, 56.657458980582525 ], [ 16.484955529828614, 56.69923815599811 ], [ 16.523690156713553, 56.747039554897022 ], [ 16.601159410483433, 56.835114573340697 ], [ 16.650961073621215, 56.883668750175026 ], [ 16.723588499030477, 56.884797917078146 ], [ 16.73327215575171, 56.932222927009356 ], [ 16.798290993737147, 57.005242386744705 ], [ 16.825266894603445, 57.017663222679069 ], [ 16.843250828514307, 57.065841010545689 ], [ 16.885443904228261, 57.096328516930036 ], [ 16.920028392518386, 57.170853532536221 ], [ 16.901352768841718, 57.19607159337265 ], [ 16.960146398934931, 57.22881743356325 ], [ 16.956687950105916, 57.286028556654863 ], [ 17.006489613243698, 57.332324399682946 ], [ 17.065283243336911, 57.365823017808957 ], [ 17.151052774296421, 57.308235505749636 ], [ 17.093642523734815, 57.302966060201719 ], [ 17.057674655913083, 57.278124388332998 ], [ 17.081192107950368, 57.231452156337205 ], [ 17.072200140994937, 57.179886867761212 ], [ 17.010639751838511, 57.128321579185219 ], [ 16.955996260340115, 57.06057156499778 ], [ 16.917953323220978, 57.037611837967589 ], [ 16.940087395726657, 57.005618775712414 ], [ 16.884752214462459, 56.984540993520767 ], [ 16.902736148373322, 56.946149318814548 ], [ 16.895819250715299, 56.922813202816656 ], [ 16.857776313596162, 56.885550695013563 ], [ 16.857776313596162, 56.832103461599033 ], [ 16.781690439357888, 56.793711786892814 ], [ 16.758172987320599, 56.724456216834547 ], [ 16.717363291138255, 56.654071479873153 ], [ 16.703529495822202, 56.599118690587787 ], [ 16.650269383855409, 56.562985349687821 ], [ 16.601851100249235, 56.449315881440008 ], [ 16.566574922193308, 56.40000892667026 ] ] ], [ [ [ 15.827850252316239, 56.320590854483875 ], [ 15.801566041215745, 56.337528358030738 ], [ 15.728246926040679, 56.411676984669207 ], [ 15.677061883371294, 56.436518656537935 ], [ 15.66737822665006, 56.449692270407716 ], [ 15.599592629601414, 56.470017274663945 ], [ 15.597517560304007, 56.487707556146219 ], [ 15.52350675536314, 56.494106168597256 ], [ 15.485463818244003, 56.470393663631654 ], [ 15.410069633771531, 56.489965889952472 ], [ 15.36303472969696, 56.474533942276445 ], [ 15.34366741625449, 56.496364502403509 ], [ 15.35473445250733, 56.541907567496175 ], [ 15.392777389626467, 56.565620072461776 ], [ 15.372026696652393, 56.596483967813832 ], [ 15.409377944005728, 56.625089529359634 ], [ 15.421828359790172, 56.657082591614817 ], [ 15.367184868291776, 56.77188122676575 ], [ 15.43220370627721, 56.774515949539705 ], [ 15.446729191359063, 56.788442341344904 ], [ 15.544949138103018, 56.796722898634478 ], [ 15.557399553887462, 56.82871596088966 ], [ 15.550482656229438, 56.88667986191669 ], [ 15.524198445128942, 56.894960419206264 ], [ 15.546332517634623, 56.918296535204156 ], [ 15.612734735151662, 56.91603820139791 ], [ 15.647319223441787, 56.899477086818763 ], [ 15.688128919624134, 56.905122921334382 ], [ 15.803641110513151, 56.904746532366673 ], [ 15.840992357866487, 56.937492372557266 ], [ 15.835458839740067, 56.986799327327013 ], [ 15.782198727773274, 57.016534055775942 ], [ 15.736547203230309, 57.055678508417571 ], [ 15.640402325783763, 57.101597962477946 ], [ 15.637635566720553, 57.124181300540428 ], [ 15.552557725526846, 57.138860470281038 ], [ 15.565699831077094, 57.170853532536221 ], [ 15.530423653021165, 57.187791036083077 ], [ 15.52073999629993, 57.196447982340359 ], [ 15.524198445128942, 57.237097990852824 ], [ 15.48200536941499, 57.244625770206987 ], [ 15.475088471756965, 57.298073003621518 ], [ 15.507597890749683, 57.304095227104845 ], [ 15.507597890749683, 57.371468852324575 ], [ 15.531115342786968, 57.385771633097477 ], [ 15.503447752154868, 57.407225804256832 ], [ 15.499989303325854, 57.434325809931806 ], [ 15.563624761779685, 57.459167481800534 ], [ 15.624493461170305, 57.443359145156805 ], [ 15.62034332257549, 57.474599429476562 ], [ 15.639710636017959, 57.524659162181727 ], [ 15.57884193662734, 57.540467498825464 ], [ 15.624493461170305, 57.582623063208757 ], [ 15.66461146758685, 57.593161954304577 ], [ 15.595442491006601, 57.613110569593104 ], [ 15.584375454753761, 57.635317518687877 ], [ 15.434278775574619, 57.688388363134699 ], [ 15.424595118853382, 57.697045309391982 ], [ 15.44880426065647, 57.706831422552391 ], [ 15.436353844872025, 57.738071706872155 ], [ 15.509672960047091, 57.758773100096093 ], [ 15.540798999508203, 57.782109216093993 ], [ 15.604434457962032, 57.811467555575213 ], [ 15.600284319367217, 57.847600896475178 ], [ 15.701271025174382, 57.850988397184551 ], [ 15.769748311988831, 57.844213395765806 ], [ 15.824391803487227, 57.809961999704385 ], [ 15.899094298193898, 57.821630057703331 ], [ 15.935062166015626, 57.804692554156468 ], [ 16.022215076506743, 57.852493953055387 ], [ 16.06302477268909, 57.867549511763706 ], [ 16.058874634094273, 57.903306463695962 ], [ 16.021523386740938, 57.937934248725099 ], [ 16.050574356904644, 57.979337035172975 ], [ 16.004231142595877, 58.013964820202112 ], [ 16.014606489082915, 58.077198166777052 ], [ 16.032590422993778, 58.064400941874979 ], [ 16.116976574421685, 58.071552332261433 ], [ 16.178536963578107, 58.055367606649988 ], [ 16.173695135217489, 58.100157893807236 ], [ 16.207587933741813, 58.09677039309787 ], [ 16.255314527582186, 58.134032900900955 ], [ 16.32586688369404, 58.109191229032234 ], [ 16.400569378400711, 58.124999565675964 ], [ 16.481497080999603, 58.082091223357253 ], [ 16.530607054371579, 58.106180117290563 ], [ 16.565191542661704, 58.09789956000099 ], [ 16.567958301724914, 58.071175943293724 ], [ 16.603234479780841, 58.054238439746868 ], [ 16.606692928609853, 58.022621766459395 ], [ 16.644044175963188, 57.987993981430257 ], [ 16.668945007532081, 57.991005093171921 ], [ 16.711138083246031, 57.963905087496947 ], [ 16.759556366852205, 58.000038428396913 ], [ 16.80520789139517, 57.987617592462549 ], [ 16.766473264510232, 57.937181470789682 ], [ 16.801057752800354, 57.911963409953245 ], [ 16.763706505447022, 57.858892565506416 ], [ 16.707679634417019, 57.892767572600135 ], [ 16.671020076829485, 57.870560623505369 ], [ 16.618451654628494, 57.895025906406389 ], [ 16.596317582122815, 57.933041192144891 ], [ 16.552741126877258, 57.898037018148052 ], [ 16.486338909360221, 57.885616182213688 ], [ 16.566574922193308, 57.823888391509577 ], [ 16.444145833646267, 57.855881453764752 ], [ 16.442762454114661, 57.837814783314769 ], [ 16.528531985074171, 57.823135613574159 ], [ 16.704912875353809, 57.727532815776328 ], [ 16.73327215575171, 57.681989750683663 ], [ 16.646119245260596, 57.676720305135753 ], [ 16.623293482989112, 57.647738354622241 ], [ 16.657186281513436, 57.606335568174359 ], [ 16.632285449944547, 57.569825838306684 ], [ 16.626060242052326, 57.571707783145229 ], [ 16.540982400858617, 57.607464735077485 ], [ 16.538907331561209, 57.579988340434802 ], [ 16.584558856104174, 57.555523057533783 ], [ 16.640585727134177, 57.551382778888993 ], [ 16.649577694089608, 57.512614715215072 ], [ 16.703529495822202, 57.489654988184881 ], [ 16.684853872145535, 57.454650814188042 ], [ 16.720130050201462, 57.439595255479723 ], [ 16.646119245260596, 57.408731360127668 ], [ 16.614993205799482, 57.365823017808957 ], [ 16.557582955237876, 57.374479964066239 ], [ 16.571416750553926, 57.336088289360028 ], [ 16.552049437111457, 57.310870228523591 ], [ 16.476655252638984, 57.278877166268408 ], [ 16.506397912568492, 57.243120214336152 ], [ 16.473888493575775, 57.216772986596595 ], [ 16.460746388025527, 57.174993811181004 ], [ 16.509164671631702, 57.120417410863347 ], [ 16.576258578914544, 57.088047959640463 ], [ 16.540290711092815, 57.045892395257169 ], [ 16.482188770765404, 57.015028499905114 ], [ 16.470430044746763, 56.992068772874923 ], [ 16.433770487159229, 56.98868127216555 ], [ 16.468354975449355, 56.946149318814548 ], [ 16.437228935988241, 56.922813202816656 ], [ 16.439995695051451, 56.881786805336482 ], [ 16.424778520203795, 56.818929847729251 ], [ 16.428928658798611, 56.786936785474069 ], [ 16.387427272850459, 56.774515949539705 ], [ 16.36529320034478, 56.75193261147723 ], [ 16.361143061749967, 56.685688153160626 ], [ 16.381202064958238, 56.669127038581472 ], [ 16.327250263225643, 56.645038144648161 ], [ 16.282290428448484, 56.656706202647108 ], [ 16.226955247184282, 56.594225634007579 ], [ 16.226263557418477, 56.550564513753457 ], [ 16.129426990206127, 56.452326993181671 ], [ 16.092767432618597, 56.422215875765033 ], [ 16.093459122384399, 56.381565867252569 ], [ 16.053341115967854, 56.314568631000547 ], [ 16.001464383532667, 56.290479737067237 ], [ 15.958579618052912, 56.311557519258884 ], [ 15.88595219264365, 56.308922796484929 ], [ 15.827850252316239, 56.320590854483875 ] ] ] ] } },
{ "type": "Feature", "properties": { "ID": "a072000000poD2aAAE", "COUNTY_COUNCIL__C": "Södermanland", "PAYS__C": "Suède" }, "geometry": { "type": "MultiPolygon", "coordinates": [ [ [ [ 17.483755551647423, 58.720823301557708 ], [ 17.42496192155421, 58.750558030006644 ], [ 17.463696548439149, 58.771635812198291 ], [ 17.509348072982114, 58.743783028587899 ], [ 17.483755551647423, 58.720823301557708 ] ] ], [ [ [ 17.110243078114074, 58.647051063886941 ], [ 17.051449448020861, 58.657213566015059 ], [ 17.00164778488308, 58.680549682012952 ], [ 17.031390444812587, 58.631995505178622 ], [ 16.906886286968138, 58.610164945051565 ], [ 16.874376867975421, 58.617316335438012 ], [ 16.741572432941339, 58.626726059630712 ], [ 16.708371324182821, 58.663988567433805 ], [ 16.638510657836768, 58.671139957820259 ], [ 16.575566889148742, 58.691841351044197 ], [ 16.463513147088737, 58.688830239302533 ], [ 16.385352203553055, 58.695605240721278 ], [ 16.3708267184712, 58.749428863103518 ], [ 16.307191260017373, 58.774646923939954 ], [ 16.276756910322064, 58.814167765549293 ], [ 16.267073253600827, 58.827341379419067 ], [ 16.197212587254775, 58.829599713225321 ], [ 16.186837240767737, 58.842773327095095 ], [ 16.139802336693165, 58.87288444451174 ], [ 16.096225881447609, 58.876271945221106 ], [ 16.083083775897361, 58.916169175798153 ], [ 15.975871862197975, 58.939881680763762 ], [ 15.930912027420813, 58.947409460117917 ], [ 15.872810087093402, 58.995210859016836 ], [ 15.836150529505868, 59.012148362563693 ], [ 15.739313962293519, 58.945903904247089 ], [ 15.726171856743273, 58.981284467211637 ], [ 15.692279058218951, 58.975638632696018 ], [ 15.627260220233515, 59.004996972177238 ], [ 15.639710636017959, 59.046023369657412 ], [ 15.715104820490431, 59.07086504152614 ], [ 15.720638338616851, 59.098341436168823 ], [ 15.807099559342165, 59.10549282655527 ], [ 15.771823381286238, 59.176253952484373 ], [ 15.770440001754633, 59.189803955321864 ], [ 15.769748311988831, 59.194320622934356 ], [ 15.897710918662291, 59.22556090725412 ], [ 15.88318543358044, 59.274491473056159 ], [ 15.946129202268466, 59.335090096857144 ], [ 15.997314244937851, 59.354662323177962 ], [ 16.049190977373041, 59.36068454666129 ], [ 16.077550257770941, 59.343370654146725 ], [ 16.184070481704527, 59.342241487243598 ], [ 16.270531702429839, 59.353533156274835 ], [ 16.256697907113789, 59.402840111044583 ], [ 16.260156355942801, 59.447630398201831 ], [ 16.269148322898232, 59.44800678716954 ], [ 16.489105668423427, 59.458545678265367 ], [ 16.646810935026398, 59.480752627360133 ], [ 16.708371324182821, 59.482258183230968 ], [ 16.751947779428377, 59.492420685359086 ], [ 16.831492102495666, 59.494302630197623 ], [ 16.886135593994062, 59.473224848005977 ], [ 16.955996260340115, 59.483763739101803 ], [ 16.971213435187771, 59.511240133744479 ], [ 17.077733659121357, 59.509358188905942 ], [ 17.112318147411479, 59.523284580711142 ], [ 17.148977704999012, 59.510863744776778 ], [ 17.160044741251852, 59.479623460457013 ], [ 17.206387955560622, 59.453652621685158 ], [ 17.349567737081738, 59.434080395364347 ], [ 17.388994053732482, 59.385526218530018 ], [ 17.415969954598779, 59.376869272272728 ], [ 17.427036990851619, 59.345628987952971 ], [ 17.348876047315933, 59.335090096857144 ], [ 17.34472590872112, 59.271856750282204 ], [ 17.276940311672476, 59.239110910091611 ], [ 17.254806239166797, 59.189427566354155 ], [ 17.283165519564697, 59.163080338614591 ], [ 17.320516766918033, 59.12995810945629 ], [ 17.316366628323216, 59.069359485655305 ], [ 17.384843915137665, 58.976391410631436 ], [ 17.550849458930266, 58.975262243728309 ], [ 17.578517049562365, 58.944021959408545 ], [ 17.613793227618292, 58.933859457280434 ], [ 17.627627022934341, 58.899231672251297 ], [ 17.574366910967548, 58.891703892897134 ], [ 17.573675221201746, 58.847666383675303 ], [ 17.498972726495076, 58.841267771224267 ], [ 17.463004858673347, 58.806263597227421 ], [ 17.429112060149023, 58.793089983357646 ], [ 17.388302363966677, 58.776905257746201 ], [ 17.400061089985321, 58.746041362394145 ], [ 17.281090450267289, 58.743030250652481 ], [ 17.272790173077659, 58.721199690525417 ], [ 17.205004576029015, 58.731738581621244 ], [ 17.118543355303704, 58.725339969170207 ], [ 17.083958867013578, 58.695228851753569 ], [ 17.035540583407403, 58.69598162968898 ], [ 17.075658589823949, 58.688830239302533 ], [ 17.152436153828027, 58.695228851753569 ], [ 17.110243078114074, 58.647051063886941 ] ] ] ] } },
{ "type": "Feature", "properties": { "ID": "a072000000poD2BAAU", "COUNTY_COUNCIL__C": "Kronoberg", "PAYS__C": "Suède" }, "geometry": { "type": "MultiPolygon", "coordinates": [ [ [ [ 15.550482656229438, 56.88667986191669 ], [ 15.557399553887462, 56.82871596088966 ], [ 15.544949138103018, 56.796722898634478 ], [ 15.446729191359063, 56.788442341344904 ], [ 15.43220370627721, 56.774515949539705 ], [ 15.367184868291776, 56.77188122676575 ], [ 15.421828359790172, 56.657082591614817 ], [ 15.409377944005728, 56.625089529359634 ], [ 15.372026696652393, 56.596483967813832 ], [ 15.392777389626467, 56.565620072461776 ], [ 15.35473445250733, 56.541907567496175 ], [ 15.34366741625449, 56.496364502403509 ], [ 15.36303472969696, 56.474533942276445 ], [ 15.333292069767452, 56.450821437310836 ], [ 15.27449843967424, 56.46211310634208 ], [ 15.219163258410042, 56.450821437310836 ], [ 15.221238327707448, 56.433131155828562 ], [ 15.174203423632878, 56.422215875765033 ], [ 15.129935278621518, 56.44743393660147 ], [ 15.016498157029908, 56.442540880021262 ], [ 14.971538322252746, 56.413935318475453 ], [ 14.936262144196819, 56.376296421704659 ], [ 14.90651948426731, 56.352583916739057 ], [ 14.858101200661135, 56.350325582932804 ], [ 14.764723082277799, 56.377801977575487 ], [ 14.674803412723474, 56.383071423123404 ], [ 14.585575432934952, 56.437647823441061 ], [ 14.51848152565211, 56.45270338214938 ], [ 14.343484014904076, 56.476039498147273 ], [ 14.32480839122741, 56.488836723049346 ], [ 14.178861850643083, 56.486202000275391 ], [ 14.127676807973698, 56.497493669306628 ], [ 14.124218359144685, 56.519700618401401 ], [ 14.075108385772708, 56.521958952207648 ], [ 14.035682069121965, 56.461360328406663 ], [ 13.907027772682699, 56.450445048343134 ], [ 13.88489370017702, 56.435765878602517 ], [ 13.761772921864175, 56.438400601376472 ], [ 13.723729984745038, 56.422968653700451 ], [ 13.700212532707752, 56.416946430217124 ], [ 13.588850480413551, 56.402267260476506 ], [ 13.541123886573178, 56.395115870090059 ], [ 13.471263220227126, 56.418451986087952 ], [ 13.460196183974286, 56.53061589846493 ], [ 13.445670698892433, 56.565996461429485 ], [ 13.406936072007493, 56.599871468523204 ], [ 13.362667926996133, 56.66536314890439 ], [ 13.318399781984773, 56.680795096580418 ], [ 13.328083438706008, 56.721821494060592 ], [ 13.314249643389958, 56.797852065537604 ], [ 13.301799227605514, 56.819682625664669 ], [ 13.341225544256256, 56.830974294695906 ], [ 13.335692026129836, 56.862214579015671 ], [ 13.507922777814658, 56.867107635595872 ], [ 13.521756573130709, 56.881410416368773 ], [ 13.604067655261206, 56.885550695013563 ], [ 13.689145496454913, 56.917167368301037 ], [ 13.689145496454913, 56.966850712038486 ], [ 13.714046328023803, 57.013146555066569 ], [ 13.752780954908744, 57.028954891710306 ], [ 13.803965997578128, 57.022179890291561 ], [ 13.842008934697265, 56.992821550810341 ], [ 13.928470155422577, 57.019545167517606 ], [ 13.92639508612517, 57.033095170355097 ], [ 14.016314755679495, 57.042128505580088 ], [ 14.091708940151968, 57.036482671064469 ], [ 14.103467666170609, 57.014652110937405 ], [ 14.183011989237897, 56.982282659714514 ], [ 14.21413802869901, 56.943138207072884 ], [ 14.228663513780862, 56.903240976495837 ], [ 14.257022794178765, 56.877646526691699 ], [ 14.29990755965852, 56.870871525272953 ], [ 14.331725288885433, 56.876893748756281 ], [ 14.34417570466988, 56.904370143398964 ], [ 14.382218641789017, 56.923942369719782 ], [ 14.392593988276055, 56.965345156167658 ], [ 14.370459915770375, 57.000349330164497 ], [ 14.336567117246052, 57.007500720550951 ], [ 14.33864218654346, 57.048150729063416 ], [ 14.362851328346547, 57.049279895966535 ], [ 14.356626120454324, 57.143753526861246 ], [ 14.398127506402474, 57.145635471699784 ], [ 14.471446621577538, 57.153539640021648 ], [ 14.489430555488404, 57.145259082732075 ], [ 14.546149116284209, 57.156927140731021 ], [ 14.559291221834457, 57.179886867761212 ], [ 14.618084851927669, 57.173488255310176 ], [ 14.614626403098656, 57.19607159337265 ], [ 14.696937485229153, 57.203975761694522 ], [ 14.719763247500637, 57.218654931435132 ], [ 14.78685715478348, 57.216772986596595 ], [ 14.840117266750271, 57.192307703695576 ], [ 14.881618652698421, 57.189296591953912 ], [ 14.907211174033113, 57.127568801249801 ], [ 14.99782253335324, 57.130956301959174 ], [ 15.010964638903488, 57.158809085569565 ], [ 15.066991509933491, 57.174617422213295 ], [ 15.123710070729295, 57.18590909124454 ], [ 15.152069351127199, 57.218278542467424 ], [ 15.226771845833868, 57.221289654209087 ], [ 15.261356334123994, 57.213761874854931 ], [ 15.384477112436837, 57.222795210079923 ], [ 15.428053567682396, 57.206610484468477 ], [ 15.52073999629993, 57.196447982340359 ], [ 15.530423653021165, 57.187791036083077 ], [ 15.565699831077094, 57.170853532536221 ], [ 15.552557725526846, 57.138860470281038 ], [ 15.637635566720553, 57.124181300540428 ], [ 15.640402325783763, 57.101597962477946 ], [ 15.736547203230309, 57.055678508417571 ], [ 15.782198727773274, 57.016534055775942 ], [ 15.835458839740067, 56.986799327327013 ], [ 15.840992357866487, 56.937492372557266 ], [ 15.803641110513151, 56.904746532366673 ], [ 15.688128919624134, 56.905122921334382 ], [ 15.647319223441787, 56.899477086818763 ], [ 15.612734735151662, 56.91603820139791 ], [ 15.546332517634623, 56.918296535204156 ], [ 15.524198445128942, 56.894960419206264 ], [ 15.550482656229438, 56.88667986191669 ] ] ] ] } },
{ "type": "Feature", "properties": { "ID": "a072000000poD2CAAU", "COUNTY_COUNCIL__C": "Västerbotten", "PAYS__C": "Suède" }, "geometry": { "type": "MultiPolygon", "coordinates": [ [ [ [ 20.876493852908681, 63.738088241105181 ], [ 20.825308810239296, 63.775350748908274 ], [ 20.843984433915963, 63.795299364196794 ], [ 20.900702994711768, 63.806591033228031 ], [ 20.934595793236092, 63.784760473100974 ], [ 20.936670862533497, 63.723409071364571 ], [ 20.909694961667199, 63.688028508400016 ], [ 20.864043437124234, 63.694427120851053 ], [ 20.876493852908681, 63.738088241105181 ] ] ], [ [ [ 20.737464209982377, 63.856274376965487 ], [ 20.738155899748179, 63.852134098320704 ], [ 20.736080830450774, 63.852510487288413 ], [ 20.737464209982377, 63.856274376965487 ] ] ], [ [ [ 18.81179990198822, 63.768575747489528 ], [ 18.811108212222418, 63.782125750327012 ], [ 18.667236740935497, 63.816753535356149 ], [ 18.575933691849567, 63.816000757420731 ], [ 18.513681612927343, 63.833314649935303 ], [ 18.491547540421664, 63.860038266642569 ], [ 18.418920115012401, 63.895418829607117 ], [ 18.406469699227955, 63.926659113926881 ], [ 18.45765474189734, 63.927411891862299 ], [ 18.455579672599931, 63.967685511407055 ], [ 18.403011250398944, 63.98499940392162 ], [ 18.342142551008322, 63.980106347341419 ], [ 17.907761378084352, 63.90708688760607 ], [ 17.74659766265237, 63.873211880512343 ], [ 17.458854720078534, 63.895418829607117 ], [ 17.263798206122228, 63.905581331735235 ], [ 17.161428120783459, 63.912732722121689 ], [ 16.881985455399249, 63.943220228506036 ], [ 16.720130050201462, 64.016239688241384 ], [ 16.611534756970471, 64.067804976817371 ], [ 16.544440849687629, 64.106573040491298 ], [ 16.403336137463917, 64.166418886356865 ], [ 16.357684612920956, 64.196530003773503 ], [ 16.249089319689961, 64.239061957124505 ], [ 16.226263557418477, 64.256375849639085 ], [ 16.029823663930571, 64.251482793058869 ], [ 16.020831696975137, 64.314339750666107 ], [ 15.976563551963778, 64.335417532857761 ], [ 15.867968258732784, 64.364023094403564 ], [ 15.866584879201181, 64.377573097241054 ], [ 15.780123658475867, 64.397898101497276 ], [ 15.738622272527717, 64.396392545626455 ], [ 15.724788477211668, 64.48634950890866 ], [ 15.707496233066605, 64.530763407098206 ], [ 15.636943876954749, 64.510814791809679 ], [ 15.648702602973392, 64.438924498977457 ], [ 15.57607517756413, 64.437042554138912 ], [ 15.510364649812892, 64.520600904970081 ], [ 15.432895396043012, 64.545442576838809 ], [ 15.429436947214, 64.567649525933589 ], [ 15.376176835247207, 64.570660637675246 ], [ 15.318074894919798, 64.604912033736667 ], [ 15.250980987636956, 64.629753705605395 ], [ 15.34366741625449, 64.637281484959558 ], [ 15.307007858666957, 64.667768991343905 ], [ 15.190112288246336, 64.736271783466762 ], [ 15.114026414008061, 64.747187063530291 ], [ 15.051082645320033, 64.745305118691761 ], [ 15.044165747662008, 64.785578738236509 ], [ 14.959087906468302, 64.845800973069785 ], [ 14.871243306211383, 64.860856531778111 ], [ 14.844959095110889, 64.887203759517661 ], [ 14.78962391384669, 64.898871817516607 ], [ 14.783398705954466, 64.930112101836372 ], [ 14.715613108905821, 64.950437106092608 ], [ 14.711462970311006, 64.972644055187374 ], [ 14.644369063028163, 64.988452391831117 ], [ 14.528165182373344, 65.038512124536282 ], [ 14.471446621577538, 65.054696850147721 ], [ 14.410577922186919, 65.088571857241433 ], [ 14.329650219588027, 65.11717741878725 ], [ 14.347634153498891, 65.185303821942398 ], [ 14.376685123662597, 65.249666335420457 ], [ 14.426486786800377, 65.269614950708984 ], [ 14.512256317759887, 65.322309406188097 ], [ 14.499114212209639, 65.438989986177575 ], [ 14.494964073614824, 65.511256667977506 ], [ 14.52401504377853, 65.579759460100362 ], [ 14.5157147665889, 65.620033079645111 ], [ 14.539923908391987, 65.661435866093001 ], [ 14.534390390265568, 65.688535871767968 ], [ 14.629843577946311, 65.808980341434534 ], [ 14.594567399890384, 65.87108452110634 ], [ 14.562057980897666, 65.973838709290618 ], [ 14.537157149328777, 66.090142900312401 ], [ 14.517098146120503, 66.134556798501933 ], [ 14.948020870215462, 66.148859579274841 ], [ 15.036557160238182, 66.151494302048789 ], [ 15.11955993213448, 66.181229030497718 ], [ 15.216396499346832, 66.201930423721663 ], [ 15.257206195529179, 66.221126261074772 ], [ 15.480621989883385, 66.281724884875757 ], [ 15.459871296909309, 66.335548507257997 ], [ 15.75868127573599, 66.28925266422992 ], [ 15.946820892034269, 66.231288763202883 ], [ 16.18268710217292, 66.146977634436297 ], [ 16.285748877277495, 66.122135962567569 ], [ 16.518156638587133, 66.046481780058272 ], [ 16.752639469194179, 66.028791498575998 ], [ 17.018248339262342, 65.935070645616705 ], [ 17.225755269003091, 65.843984515431373 ], [ 17.295615935349144, 65.809356730402229 ], [ 17.477530343755198, 65.740477549311677 ], [ 17.660136441927058, 65.65315530880342 ], [ 17.848276058225338, 65.61514002306491 ], [ 18.100051132977448, 65.586910850486817 ], [ 18.177520386747329, 65.56997334693996 ], [ 18.201037838784615, 65.543249730232688 ], [ 18.267440056301652, 65.516902502493124 ], [ 18.334533963584498, 65.486414996108778 ], [ 18.431370530796848, 65.491684441656687 ], [ 18.510223164098331, 65.447646932434864 ], [ 18.575933691849567, 65.430333039920285 ], [ 18.726722060794515, 65.431462206823412 ], [ 18.749547823065996, 65.400221922503647 ], [ 18.880277188802669, 65.365217748506808 ], [ 18.913478297561188, 65.347527467024534 ], [ 18.989564171799465, 65.334353853154752 ], [ 19.022765280557984, 65.307630236447494 ], [ 19.119601847770333, 65.294833011545421 ], [ 19.206063068495645, 65.272626062450641 ], [ 19.271081906481079, 65.245902445743383 ], [ 19.272465286012682, 65.20562882619862 ], [ 19.358234816972193, 65.187938544716346 ], [ 19.412878308470592, 65.143148257559091 ], [ 19.593409337345044, 65.184174655039271 ], [ 19.785007402472338, 65.306124680576659 ], [ 19.806449785212216, 65.310641348189151 ], [ 19.892219316171726, 65.373498305796389 ], [ 19.935104081651481, 65.369358027151591 ], [ 20.706338170521263, 65.223695496648602 ], [ 20.844676123681765, 65.196219102005927 ], [ 21.005148149347946, 65.186056599877801 ], [ 21.270757019416102, 65.15707464936429 ], [ 21.322633751851292, 65.125081587109108 ], [ 21.501089711428335, 65.074269076468539 ], [ 21.509389988617968, 65.062601018469593 ], [ 21.449904668758954, 65.016681564409211 ], [ 21.401486385152779, 65.009906562990466 ], [ 21.356526550375612, 64.983182946283208 ], [ 21.326783890446109, 64.962481553059263 ], [ 21.2417060492524, 64.947802383318646 ], [ 21.2417060492524, 64.922960711449917 ], [ 21.202279732601657, 64.900000984419734 ], [ 21.210580009791286, 64.871019033906222 ], [ 21.160778346653508, 64.846177362037494 ], [ 21.133110756021409, 64.816819022556274 ], [ 21.025207152556217, 64.856339864165605 ], [ 21.002381390284732, 64.843919028231241 ], [ 21.117893581173753, 64.795364851396911 ], [ 21.124810478831776, 64.77503984714069 ], [ 21.245856187847217, 64.779180125785473 ], [ 21.295657850984995, 64.753585675981327 ], [ 21.213346768854496, 64.738153728305306 ], [ 21.290816022624377, 64.68508288385847 ], [ 21.210580009791286, 64.68320093901994 ], [ 21.185679178222397, 64.658359267151212 ], [ 21.23893929018919, 64.64217454153976 ], [ 21.247931257144621, 64.606417589607503 ], [ 21.295657850984995, 64.603782866833555 ], [ 21.314333474661662, 64.581199528771066 ], [ 21.379352312647097, 64.601900921995011 ], [ 21.420853698595245, 64.56238008038568 ], [ 21.483105777517473, 64.570284248707537 ], [ 21.472730431030435, 64.449839779040985 ], [ 21.519073645339201, 64.466777282587842 ], [ 21.615910212551551, 64.445323111428493 ], [ 21.512156747681175, 64.408813381560819 ], [ 21.46927198220142, 64.378702264144181 ], [ 21.459588325480187, 64.350473091566073 ], [ 21.407019903279199, 64.343321701179619 ], [ 21.271448709181907, 64.286110578088014 ], [ 21.211271699557088, 64.27030224144427 ], [ 21.128960617426593, 64.200670282418301 ], [ 21.046649535296094, 64.193142503064138 ], [ 21.020365324195602, 64.158891107002717 ], [ 20.97333042012103, 64.150610549713136 ], [ 20.947737898786336, 64.122757766102751 ], [ 20.958804935039176, 64.094152204556934 ], [ 20.942896070425718, 64.06291192023717 ], [ 20.896552856116955, 64.029789691078875 ], [ 20.916611859325226, 64.014734132370549 ], [ 20.885485819864112, 63.974836901793502 ], [ 20.821158671644479, 63.939456338828954 ], [ 20.760289972253858, 63.864554934255068 ], [ 20.723630414666328, 63.864554934255068 ], [ 20.723630414666328, 63.862672989416524 ], [ 20.737464209982377, 63.856274376965487 ], [ 20.733314071387561, 63.856274376965487 ], [ 20.725013794197935, 63.857027154900905 ], [ 20.723630414666328, 63.858156321804032 ], [ 20.727088863495339, 63.841595207224877 ], [ 20.668986923167928, 63.852134098320704 ], [ 20.673137061762745, 63.814118812582194 ], [ 20.568691907126567, 63.804332699421785 ], [ 20.554858111810518, 63.785889640004093 ], [ 20.57422542525299, 63.735829907298935 ], [ 20.53341572907064, 63.735453518331227 ], [ 20.520273623520392, 63.77233963716661 ], [ 20.468396891085206, 63.773092415102028 ], [ 20.443496059516313, 63.762553524006201 ], [ 20.419978607479031, 63.692168787044807 ], [ 20.393694396378535, 63.670714615885451 ], [ 20.345967802538162, 63.700072955366672 ], [ 20.366718495512238, 63.720774348590609 ], [ 20.34804287183557, 63.745992409427046 ], [ 20.298241208697789, 63.732818795557264 ], [ 20.326600489095693, 63.698567399495843 ], [ 20.253973063686431, 63.669209060014623 ], [ 20.108026523102104, 63.65227155646776 ], [ 20.064450067856548, 63.672972949691697 ], [ 19.998047850339507, 63.660552113757333 ], [ 19.979372226662839, 63.610492381052168 ], [ 19.935104081651481, 63.622913216986532 ], [ 19.881152279918886, 63.606352102407385 ], [ 19.820283580528262, 63.554786813831392 ], [ 19.746272775587396, 63.535214587510573 ], [ 19.748347844884805, 63.533332642672036 ], [ 19.750422914182209, 63.528439586091835 ], [ 19.762181640200854, 63.464453461581471 ], [ 19.660503244627886, 63.431331232423169 ], [ 19.585109060155414, 63.502092358352272 ], [ 19.585109060155414, 63.524299307447045 ], [ 19.524932050530595, 63.535590976478282 ], [ 19.473055318095412, 63.570971539442837 ], [ 19.429478862849852, 63.521288195705381 ], [ 19.467521799968992, 63.494188190030407 ], [ 19.444004347931703, 63.456172904291897 ], [ 19.389360856433306, 63.460313182936687 ], [ 19.346476090953551, 63.439988178680451 ], [ 19.286299081328735, 63.470475685064798 ], [ 19.193612652711202, 63.555539591766802 ], [ 19.182545616458359, 63.595813211311565 ], [ 19.06910849486675, 63.662810447563587 ], [ 18.995789379691686, 63.725291016203109 ], [ 18.912786607795386, 63.773845193037438 ], [ 18.81179990198822, 63.768575747489528 ] ] ] ] } },
{ "type": "Feature", "properties": { "ID": "a072000000poD2GAAU", "COUNTY_COUNCIL__C": "Norrbotten", "PAYS__C": "Suède" }, "geometry": { "type": "MultiPolygon", "coordinates": [ [ [ [ 21.754939855477854, 65.265098283096478 ], [ 21.7673902712623, 65.285799676320423 ], [ 21.862151769177242, 65.257946892710038 ], [ 21.842092765968971, 65.244396889872547 ], [ 21.754939855477854, 65.265098283096478 ] ] ], [ [ [ 22.142286124327253, 65.467219158755668 ], [ 22.185862579572813, 65.469101103594213 ], [ 22.207996652078492, 65.425063594372375 ], [ 22.144361193624661, 65.434849707532791 ], [ 22.142286124327253, 65.467219158755668 ] ] ], [ [ [ 22.181712440977996, 65.536851117781652 ], [ 22.221138757628736, 65.546260841974345 ], [ 22.285465905848369, 65.525183059782705 ], [ 22.221138757628736, 65.500341387913977 ], [ 22.181712440977996, 65.536851117781652 ] ] ], [ [ [ 22.653444861255302, 65.583899738745146 ], [ 22.603643198117521, 65.554541399263925 ], [ 22.587734333504063, 65.617021967903455 ], [ 22.653444861255302, 65.583899738745146 ] ] ], [ [ [ 22.923203869918275, 65.688159482800259 ], [ 22.87755234537531, 65.711119209830457 ], [ 22.87755234537531, 65.738971993440842 ], [ 22.931504147107905, 65.742359494150207 ], [ 22.988914397669511, 65.705849764282533 ], [ 22.923203869918275, 65.688159482800259 ] ] ], [ [ [ 23.687521061130035, 65.74800532866584 ], [ 23.747698070754851, 65.735584492731476 ], [ 23.801649872487449, 65.740101160343968 ], [ 23.789199456703003, 65.718270600216897 ], [ 23.686137681598431, 65.708860876024204 ], [ 23.687521061130035, 65.74800532866584 ] ] ], [ [ [ 22.752356497765057, 65.758920608729369 ], [ 22.80008309160543, 65.743865050021043 ], [ 22.806308299497651, 65.706226153250242 ], [ 22.729530735493576, 65.721281711958568 ], [ 22.752356497765057, 65.758920608729369 ] ] ], [ [ [ 19.935104081651481, 65.369358027151591 ], [ 19.892219316171726, 65.373498305796389 ], [ 19.806449785212216, 65.310641348189151 ], [ 19.785007402472338, 65.306124680576659 ], [ 19.593409337345044, 65.184174655039271 ], [ 19.412878308470592, 65.143148257559091 ], [ 19.358234816972193, 65.187938544716346 ], [ 19.272465286012682, 65.20562882619862 ], [ 19.271081906481079, 65.245902445743383 ], [ 19.206063068495645, 65.272626062450641 ], [ 19.119601847770333, 65.294833011545421 ], [ 19.022765280557984, 65.307630236447494 ], [ 18.989564171799465, 65.334353853154752 ], [ 18.913478297561188, 65.347527467024534 ], [ 18.880277188802669, 65.365217748506808 ], [ 18.749547823065996, 65.400221922503647 ], [ 18.726722060794515, 65.431462206823412 ], [ 18.575933691849567, 65.430333039920285 ], [ 18.510223164098331, 65.447646932434864 ], [ 18.431370530796848, 65.491684441656687 ], [ 18.334533963584498, 65.486414996108778 ], [ 18.267440056301652, 65.516902502493124 ], [ 18.201037838784615, 65.543249730232688 ], [ 18.177520386747329, 65.56997334693996 ], [ 18.100051132977448, 65.586910850486817 ], [ 17.848276058225338, 65.61514002306491 ], [ 17.660136441927058, 65.65315530880342 ], [ 17.477530343755198, 65.740477549311677 ], [ 17.295615935349144, 65.809356730402229 ], [ 17.225755269003091, 65.843984515431373 ], [ 17.018248339262342, 65.935070645616705 ], [ 16.752639469194179, 66.028791498575998 ], [ 16.518156638587133, 66.046481780058272 ], [ 16.285748877277495, 66.122135962567569 ], [ 16.18268710217292, 66.146977634436297 ], [ 15.946820892034269, 66.231288763202883 ], [ 15.75868127573599, 66.28925266422992 ], [ 15.459871296909309, 66.335548507257997 ], [ 15.376176835247207, 66.48648048330891 ], [ 15.62864359976512, 66.592622172202553 ], [ 15.666686536884256, 66.634024958650429 ], [ 15.708187922832408, 66.653220796003538 ], [ 15.746922549717347, 66.694623582451413 ], [ 15.847909255524513, 66.769524987025306 ], [ 15.890102331238465, 66.788720824378416 ], [ 16.002156073298469, 66.872655564177293 ], [ 16.030515353696373, 66.909165294044968 ], [ 16.15986133990144, 66.961859749524095 ], [ 16.213121451868233, 66.990088922102188 ], [ 16.354917853857742, 67.038266709968809 ], [ 16.388810652382066, 67.043536155516719 ], [ 16.389502342147868, 67.115802837316664 ], [ 16.402644447698115, 67.183552851504089 ], [ 16.373593477534413, 67.223826471048852 ], [ 16.256006217347988, 67.311148711557109 ], [ 16.253931148050579, 67.324698714394586 ], [ 16.122510092548104, 67.416537622515335 ], [ 16.098300950745017, 67.424818179804916 ], [ 16.152944442243413, 67.520797366570449 ], [ 16.374285167300215, 67.530207090763156 ], [ 16.43100372809602, 67.544886260503759 ], [ 16.558274645003678, 67.642371003140127 ], [ 16.627443621583929, 67.738350189905674 ], [ 16.624676862520719, 67.756040471387948 ], [ 16.703529495822202, 67.870462717571172 ], [ 16.735347225049118, 67.897939112213862 ], [ 16.789990716547514, 67.935201620016954 ], [ 17.100559421392838, 68.030804417814778 ], [ 17.15935305148605, 68.040966919942889 ], [ 17.238205684787534, 68.082746095358473 ], [ 17.270715103780255, 68.114739157613656 ], [ 17.478913723286805, 68.081993317423056 ], [ 17.675353616774714, 68.039461364072054 ], [ 17.811616500637808, 67.991659965173142 ], [ 17.909144757615959, 67.970582182981502 ], [ 17.963096559348553, 68.034191918524144 ], [ 18.087600717193006, 68.130171105289691 ], [ 18.154694624475844, 68.194157229800041 ], [ 18.133943931501772, 68.297287806952028 ], [ 18.099359443211647, 68.423001722166504 ], [ 18.120801825951524, 68.46402811964667 ], [ 18.127027033843746, 68.535918412478892 ], [ 18.344909310071532, 68.574310087185111 ], [ 18.417536735480795, 68.579579532733021 ], [ 18.568325104425739, 68.5314017448664 ], [ 18.606368041544879, 68.509194795771634 ], [ 18.838084113088716, 68.510700351642456 ], [ 18.99717275922329, 68.516346186158074 ], [ 19.206063068495645, 68.476825344548743 ], [ 19.475822077158618, 68.437304502939398 ], [ 19.805758095446411, 68.374823934299883 ], [ 19.926803804461848, 68.356757263849886 ], [ 19.939254220246294, 68.370307266687377 ], [ 20.22008026516211, 68.482847568032071 ], [ 20.17097029179013, 68.505430906094546 ], [ 20.000122919636915, 68.537047579382019 ], [ 19.938562530480489, 68.555114249832002 ], [ 20.073442034811979, 68.59576425834446 ], [ 20.172353671321737, 68.654104548339205 ], [ 20.209013228909271, 68.66313788356419 ], [ 20.271956997597297, 68.74406151162141 ], [ 20.334209076519521, 68.793368466391158 ], [ 20.310691624482235, 68.883701818641072 ], [ 20.31138331424804, 68.928868494766036 ], [ 20.249131235325812, 68.946935165216019 ], [ 20.062374998559136, 69.045925463723222 ], [ 20.312766693779643, 69.050442131335714 ], [ 20.563850078765952, 69.058722688625295 ], [ 20.638552573472619, 69.035762961595097 ], [ 20.738155899748179, 69.035386572627388 ], [ 20.81285839445485, 69.021836569789912 ], [ 20.849517952042383, 68.989843507534729 ], [ 20.923528756983252, 68.96726016947224 ], [ 20.922145377451645, 68.944676831409765 ], [ 20.871652024548062, 68.917953214702507 ], [ 20.994081113095106, 68.881067095867124 ], [ 21.043882776232884, 68.885207374511907 ], [ 21.251389705973637, 68.807294858196357 ], [ 21.322633751851292, 68.757235125491192 ], [ 21.396644556792161, 68.756858736523483 ], [ 21.418086939532039, 68.698142057561029 ], [ 21.490022675175496, 68.670289273950644 ], [ 21.588242621919452, 68.669536496015226 ], [ 21.696837915150443, 68.632650377179843 ], [ 21.705138192340073, 68.587483701054893 ], [ 21.876677254259093, 68.581085088603857 ], [ 21.995647893977122, 68.539305913188258 ], [ 22.016398586951198, 68.498279515708091 ], [ 22.063433491025769, 68.475319788677908 ], [ 22.184479200041206, 68.464780897582088 ], [ 22.344259535941582, 68.476448955581034 ], [ 22.365010228915658, 68.43993922571336 ], [ 22.44040441338813, 68.456876729260216 ], [ 22.4867476276969, 68.433917002230032 ], [ 22.654828240786905, 68.413215609006087 ], [ 22.74820635917024, 68.380469768815487 ], [ 22.83397589012975, 68.383480880557158 ], [ 22.854726583103826, 68.356004485914482 ], [ 23.089209413710876, 68.289007249662461 ], [ 23.085750964881861, 68.26190724398748 ], [ 23.167370357246554, 68.238194739021878 ], [ 23.154919941462111, 68.148237775739673 ], [ 23.175670634436187, 68.125278048709475 ], [ 23.275273960711747, 68.14597944193342 ], [ 23.311241828533475, 68.145226663998002 ], [ 23.354126594013231, 68.108340545162619 ], [ 23.382485874411135, 68.053764144844962 ], [ 23.484164269984099, 68.010855802526251 ], [ 23.554716626095956, 68.005209968010632 ], [ 23.551258177266945, 67.982626629948157 ], [ 23.632185879865837, 67.96267801465963 ], [ 23.676454024877195, 67.939341898661738 ], [ 23.659853470497936, 67.908101614341973 ], [ 23.560941833988178, 67.887776610085737 ], [ 23.509756791318793, 67.861805771313897 ], [ 23.487622718813114, 67.794432146094152 ], [ 23.509756791318793, 67.785022421901459 ], [ 23.495231306236938, 67.686032123394256 ], [ 23.50283989366077, 67.654415450106782 ], [ 23.556791695393365, 67.621669609916196 ], [ 23.548491418203731, 67.567845987533957 ], [ 23.476555682560274, 67.555801540567302 ], [ 23.482780890452496, 67.519668199667336 ], [ 23.407386705980024, 67.485040414638192 ], [ 23.426754019422496, 67.45304735238301 ], [ 23.471713854199656, 67.443261239222608 ], [ 23.542957900077312, 67.450789018576771 ], [ 23.773290592089545, 67.423312623934081 ], [ 23.744239621925843, 67.387932060969533 ], [ 23.749081450286461, 67.342765384844569 ], [ 23.782974248810781, 67.337495939296659 ], [ 23.738014414033618, 67.270875092012346 ], [ 23.67991247370621, 67.272004258915473 ], [ 23.572008870241021, 67.251679254659237 ], [ 23.566475352114601, 67.211405635114488 ], [ 23.59967646087312, 67.201619521954086 ], [ 23.569242111177807, 67.152688956152048 ], [ 23.675762335111393, 67.091713943383354 ], [ 23.692362889490653, 67.04654726725839 ], [ 23.871510538833501, 66.943040301138694 ], [ 23.88811109321276, 66.902390292626222 ], [ 23.898486439699798, 66.897497236046021 ], [ 24.011231871525606, 66.813562496247144 ], [ 23.99324793761474, 66.773288876702395 ], [ 23.926845720097702, 66.784204156765924 ], [ 23.899869819231405, 66.75785692902636 ], [ 23.901253198763008, 66.694623582451413 ], [ 23.879810816023131, 66.555359664399461 ], [ 23.808566770145475, 66.53465827117553 ], [ 23.804416631550659, 66.507558265500549 ], [ 23.733864275438805, 66.486856872276604 ], [ 23.71933879035695, 66.464649923181838 ], [ 23.661236850029539, 66.452229087247474 ], [ 23.655011642137318, 66.407438800090233 ], [ 23.68544599183263, 66.388619351704833 ], [ 23.659853470497936, 66.285488774552846 ], [ 23.704813305275099, 66.212469314817483 ], [ 23.744931311691644, 66.184616531207098 ], [ 23.800266492955842, 66.17859430772377 ], [ 23.874277297896711, 66.15450541379046 ], [ 23.939987825647947, 66.148483190307132 ], [ 23.939987825647947, 66.076216508507201 ], [ 23.969038795811652, 66.048363724896802 ], [ 24.049966498410548, 66.001315103933308 ], [ 24.042357910986716, 65.952008149163561 ], [ 24.103918300143143, 65.923402587617758 ], [ 24.110835197801165, 65.896302581942777 ], [ 24.15925348140734, 65.854523406527193 ], [ 24.148186445154501, 65.814626175950139 ], [ 24.08731774576388, 65.8123678421439 ], [ 23.993939627380541, 65.791666448919955 ], [ 23.946213033540168, 65.799570617241827 ], [ 23.91024516571844, 65.766824777051227 ], [ 23.856293363985845, 65.804087284854319 ], [ 23.818942116632513, 65.781127557824135 ], [ 23.774673971621151, 65.793924782726208 ], [ 23.735247654970408, 65.8311872905293 ], [ 23.681295853237813, 65.835327569174083 ], [ 23.635644328694848, 65.793924782726208 ], [ 23.578925767899044, 65.790913670984537 ], [ 23.510448481084595, 65.814626175950139 ], [ 23.427445709188298, 65.820272010465771 ], [ 23.384560943708543, 65.7796220019533 ], [ 23.348593075886811, 65.805592840725154 ], [ 23.303633241109651, 65.790160893049119 ], [ 23.190887809283844, 65.824412289110555 ], [ 23.190196119518038, 65.792042837887664 ], [ 23.282882548135575, 65.741230327247081 ], [ 23.106501657855937, 65.716765044346062 ], [ 23.053933235654945, 65.754027552149154 ], [ 23.020732126896426, 65.74988727350437 ], [ 22.945337942423954, 65.776610890211643 ], [ 22.83950940825617, 65.795806727564752 ], [ 22.838817718490368, 65.82253034427201 ], [ 22.779332398631354, 65.862427574849065 ], [ 22.668662036102955, 65.904206750264649 ], [ 22.708088352753698, 65.830810901561591 ], [ 22.680420762121599, 65.776610890211643 ], [ 22.618860372965173, 65.806345618660572 ], [ 22.553841534979739, 65.787526170275171 ], [ 22.444554551982947, 65.858663685171976 ], [ 22.368468677744673, 65.842102570592829 ], [ 22.370543747042078, 65.7984414503387 ], [ 22.294457872803804, 65.77435255640539 ], [ 22.347717984770597, 65.742359494150207 ], [ 22.308983357885655, 65.725421990603351 ], [ 22.356018261960223, 65.702085874605459 ], [ 22.362243469852448, 65.666705311640911 ], [ 22.303449839759235, 65.668210867511732 ], [ 22.387144301421337, 65.62040946861282 ], [ 22.317283635075285, 65.607988632678456 ], [ 22.387144301421337, 65.566209457262872 ], [ 22.3207420839043, 65.562445567585797 ], [ 22.219063688331332, 65.570726124875364 ], [ 22.197621305591454, 65.558305288941 ], [ 22.085567563531448, 65.612505300290962 ], [ 22.010865068824778, 65.603471965065964 ], [ 22.00602324046416, 65.639228916998221 ], [ 21.952071438731565, 65.646003918416966 ], [ 21.902269775593787, 65.668587256479441 ], [ 21.843476145500574, 65.670845590285694 ], [ 21.779148997280942, 65.716765044346062 ], [ 21.787449274470571, 65.696816429057549 ], [ 21.788140964236373, 65.69644004008984 ], [ 21.797824620957609, 65.687406704864841 ], [ 21.819267003697487, 65.669340034414859 ], [ 21.935470884352306, 65.63734697215969 ], [ 22.012248448356381, 65.589545573260764 ], [ 22.110468395100337, 65.581265015971198 ], [ 22.158886678706512, 65.534969172943107 ], [ 22.133294157371822, 65.512385834880632 ], [ 22.077267286341819, 65.526688615653541 ], [ 21.99772296327453, 65.512385834880632 ], [ 21.883594151917119, 65.527065004621249 ], [ 22.004639860932556, 65.453669155918192 ], [ 21.98388916795848, 65.415277481211973 ], [ 21.931320745757489, 65.441624708951537 ], [ 21.887052600746131, 65.408126090825519 ], [ 21.871143736132673, 65.400598311471356 ], [ 21.744564508990816, 65.398339977665117 ], [ 21.694071156087233, 65.411889980502593 ], [ 21.631127387399207, 65.406244145986975 ], [ 21.558499961989945, 65.425063594372375 ], [ 21.554349823395128, 65.395705254891155 ], [ 21.508698298852163, 65.385919141730753 ], [ 21.487255916112286, 65.352044134637026 ], [ 21.636660905525627, 65.323438573091224 ], [ 21.624902179506982, 65.300102457093331 ], [ 21.671245393815752, 65.286928843223549 ], [ 21.668478634752539, 65.265098283096478 ], [ 21.525298853231426, 65.227459386325691 ], [ 21.588934311685254, 65.150676036913254 ], [ 21.516306886275991, 65.139007978914307 ], [ 21.534982509952659, 65.114166307045579 ], [ 21.509389988617968, 65.062601018469593 ], [ 21.501089711428335, 65.074269076468539 ], [ 21.322633751851292, 65.125081587109108 ], [ 21.270757019416102, 65.15707464936429 ], [ 21.005148149347946, 65.186056599877801 ], [ 20.844676123681765, 65.196219102005927 ], [ 20.706338170521263, 65.223695496648602 ], [ 19.935104081651481, 65.369358027151591 ] ] ] ] } },
{ "type": "Feature", "properties": { "ID": "a072000000poD2kAAE", "COUNTY_COUNCIL__C": "Stockholm", "PAYS__C": "Suède" }, "geometry": { "type": "MultiPolygon", "coordinates": [ [ [ [ 18.302716234357582, 58.924449733087734 ], [ 18.217638393163874, 58.904501117799207 ], [ 18.216946703398072, 58.9372469579898 ], [ 18.249456122390789, 58.958701129149155 ], [ 18.317241719439433, 58.968110853341855 ], [ 18.302716234357582, 58.924449733087734 ] ] ], [ [ [ 18.104892961338066, 58.977144188566847 ], [ 18.039874123352632, 58.959453907084573 ], [ 18.015664981549545, 58.929719178635644 ], [ 17.97278021606979, 58.951926127730417 ], [ 18.019123430378556, 58.990317802436628 ], [ 18.035032294992014, 58.959077518116864 ], [ 18.082758888832387, 58.994458081081419 ], [ 18.098667753445845, 59.023063642627221 ], [ 18.189970802531775, 59.024945587465766 ], [ 18.150544485881031, 58.9699927981804 ], [ 18.104892961338066, 58.977144188566847 ] ] ], [ [ [ 18.488780781358454, 59.086673378169877 ], [ 18.407161388993757, 59.007255305983492 ], [ 18.364968313279807, 59.009137250822029 ], [ 18.339375791945113, 59.030967810949093 ], [ 18.3635849337482, 59.073499764300095 ], [ 18.410619837822772, 59.08554421126675 ], [ 18.480480504168824, 59.120924774231298 ], [ 18.488780781358454, 59.086673378169877 ] ] ], [ [ [ 18.139477449628192, 59.39004288614251 ], [ 18.257064709814617, 59.367083159112326 ], [ 18.234238947543133, 59.352027600404007 ], [ 18.205187977379428, 59.338101208598808 ], [ 18.148469416583623, 59.342994265179016 ], [ 18.093134235319425, 59.382138717820645 ], [ 18.139477449628192, 59.39004288614251 ] ] ], [ [ [ 18.413386596885982, 59.39004288614251 ], [ 18.294415957167949, 59.413002613172701 ], [ 18.321391858034247, 59.444242897492458 ], [ 18.359434795153387, 59.429940116719557 ], [ 18.362201554216597, 59.40472205588312 ], [ 18.413386596885982, 59.39004288614251 ] ] ], [ [ [ 17.879402097686452, 58.831105269096149 ], [ 17.851734507054353, 58.807016375162839 ], [ 17.817841708530029, 58.817931655226374 ], [ 17.804007913213979, 58.873260833479442 ], [ 17.731380487804717, 58.928590011732517 ], [ 17.752822870544595, 58.995587247984538 ], [ 17.743830903589163, 59.060326150430313 ], [ 17.769423424923854, 59.088931711976123 ], [ 17.70993810506484, 59.062584484236559 ], [ 17.685037273495951, 59.087049767137579 ], [ 17.706479656235828, 59.100599769975069 ], [ 17.653911234034837, 59.099470603071943 ], [ 17.613793227618292, 59.034731700626175 ], [ 17.628318712700143, 58.997845581790791 ], [ 17.616559986681501, 58.985801134824136 ], [ 17.619326745744711, 58.970745576115824 ], [ 17.622093504807921, 58.990694191404337 ], [ 17.651836164737428, 59.009513639789738 ], [ 17.626243643402738, 59.023816420562639 ], [ 17.644919267079406, 59.071241430493849 ], [ 17.691262481388172, 59.043012257915748 ], [ 17.709246415299038, 59.015535863273065 ], [ 17.697487689280393, 58.985801134824136 ], [ 17.698871068812, 58.925578899990853 ], [ 17.633852230826566, 58.924449733087734 ], [ 17.644919267079406, 58.961712240890819 ], [ 17.619326745744715, 58.970745576115817 ], [ 17.620018435510516, 58.966981686438736 ], [ 17.578517049562365, 58.944021959408545 ], [ 17.550849458930266, 58.975262243728309 ], [ 17.384843915137665, 58.976391410631436 ], [ 17.316366628323216, 59.069359485655305 ], [ 17.320516766918033, 59.12995810945629 ], [ 17.283165519564697, 59.163080338614591 ], [ 17.254806239166797, 59.189427566354155 ], [ 17.276940311672476, 59.239110910091611 ], [ 17.34472590872112, 59.271856750282204 ], [ 17.348876047315933, 59.335090096857144 ], [ 17.427036990851619, 59.345628987952971 ], [ 17.415969954598779, 59.376869272272728 ], [ 17.432570508978039, 59.386278996465435 ], [ 17.438104027104458, 59.435962340202884 ], [ 17.508656383216312, 59.432574839493512 ], [ 17.507273003684709, 59.455158177555994 ], [ 17.468538376799767, 59.499195686777824 ], [ 17.529407076190388, 59.518391524130934 ], [ 17.570908462138537, 59.550760975353825 ], [ 17.52456524782977, 59.581248481738172 ], [ 17.53009876595619, 59.626415157863129 ], [ 17.590967465346811, 59.641094327603739 ], [ 17.632468851294959, 59.686637392696404 ], [ 17.8379007117383, 59.672334611923503 ], [ 17.846200988927933, 59.690401282373486 ], [ 17.898077721363119, 59.704704063146387 ], [ 17.961021490051145, 59.705833230049514 ], [ 18.0039062555309, 59.733309624692197 ], [ 18.083450578598189, 59.734438791595323 ], [ 18.109734789698685, 59.748365183400516 ], [ 18.130485482672761, 59.802565194750464 ], [ 18.176828696981527, 59.821384643135865 ], [ 18.239772465669553, 59.822137421071282 ], [ 18.274356953959678, 59.845097148101466 ], [ 18.362893243982398, 59.855259650229584 ], [ 18.397477732272524, 59.89139299112955 ], [ 18.385719006253879, 59.940699945899297 ], [ 18.429987151265241, 59.950109670091997 ], [ 18.428603771733634, 59.977209675766971 ], [ 18.473563606510798, 59.986619399959672 ], [ 18.463188260023763, 60.013719405634646 ], [ 18.398861111804131, 60.039690244406501 ], [ 18.45212122377092, 60.053993025179402 ], [ 18.451429534005118, 60.071683306661676 ], [ 18.49569767901648, 60.094643033691867 ], [ 18.511606543629938, 60.149972211944942 ], [ 18.558641447704506, 60.120990261431423 ], [ 18.625043665221547, 60.143573599493905 ], [ 18.7232636119655, 60.125130540076213 ], [ 18.757848100255625, 60.110074981367887 ], [ 18.808341453159208, 60.120990261431423 ], [ 18.854684667467975, 60.021247184988809 ], [ 18.914861677092794, 59.978338842670098 ], [ 18.905178020371558, 59.953873559769079 ], [ 18.935612370066867, 59.928279109964933 ], [ 19.015848382899957, 59.907201327773286 ], [ 19.083633979948601, 59.876337432421231 ], [ 19.073258633461563, 59.817997142426492 ], [ 19.022765280557984, 59.821384643135865 ], [ 18.979188825312427, 59.862787429583747 ], [ 18.944604337022298, 59.858647150938957 ], [ 18.926620403111436, 59.827406866619192 ], [ 18.868518462784024, 59.788638802945272 ], [ 18.857451426531185, 59.773583244236953 ], [ 18.943912647256496, 59.775841578043199 ], [ 19.073950323227368, 59.763797131076544 ], [ 19.07187525392996, 59.71750128804846 ], [ 19.026915419152797, 59.703198507275559 ], [ 18.928003782643039, 59.715619343209923 ], [ 18.797274416906369, 59.687766559599531 ], [ 18.804191314564392, 59.679109613342249 ], [ 18.723955301731301, 59.656149886312058 ], [ 18.726722060794515, 59.617758211605846 ], [ 18.667928430701302, 59.579742925867336 ], [ 18.582158899741792, 59.551890142256944 ], [ 18.458346431663145, 59.501454020584077 ], [ 18.388485765317093, 59.453276232717457 ], [ 18.308249752484002, 59.454781788588285 ], [ 18.265364987004247, 59.422412337365401 ], [ 18.300641165060174, 59.386655385433137 ], [ 18.207263046676836, 59.387408163368555 ], [ 18.15261955517844, 59.397947054464382 ], [ 18.167836730026096, 59.433704006396638 ], [ 18.14431927798881, 59.447254009234129 ], [ 18.091059166022017, 59.415637335946656 ], [ 18.102126202274857, 59.397570665496673 ], [ 18.051632849371273, 59.374610938466482 ], [ 18.068925093516334, 59.373105382595654 ], [ 18.095900994382635, 59.365953992209199 ], [ 18.167145040260291, 59.319658149181116 ], [ 18.299257785528567, 59.362566491499827 ], [ 18.355976346324375, 59.361060935628998 ], [ 18.409236458291165, 59.357297045951917 ], [ 18.452812913536725, 59.334713707889435 ], [ 18.455579672599931, 59.3941831647873 ], [ 18.470796847447588, 59.421283170462274 ], [ 18.535815685433022, 59.39531233169042 ], [ 18.537199064964629, 59.382515106788354 ], [ 18.630577183347967, 59.366330381176908 ], [ 18.616051698266112, 59.342994265179016 ], [ 18.642335909366608, 59.340735931372762 ], [ 18.664469981872287, 59.305355368408215 ], [ 18.710813196181057, 59.278631751700949 ], [ 18.654786325151054, 59.252284523961386 ], [ 18.593225935994631, 59.25529563570305 ], [ 18.582158899741792, 59.224055351383292 ], [ 18.496389368782282, 59.214645627190592 ], [ 18.459038121428947, 59.239863688027022 ], [ 18.42376194337302, 59.24475674460723 ], [ 18.382260557424868, 59.274867862023868 ], [ 18.329000445458078, 59.283901197248859 ], [ 18.353209587261162, 59.311001202923833 ], [ 18.321391858034247, 59.325303983696735 ], [ 18.297874405996964, 59.309119258085296 ], [ 18.315166650142025, 59.279760918604069 ], [ 18.364968313279807, 59.266587304734294 ], [ 18.27781540278869, 59.256424802606176 ], [ 18.370501831406227, 59.228572018995784 ], [ 18.414769976417585, 59.1962025677729 ], [ 18.36911845187462, 59.173995618678127 ], [ 18.390560834614497, 59.158940059969808 ], [ 18.459038121428947, 59.157058115131264 ], [ 18.405778009462153, 59.12882894255317 ], [ 18.299949475294369, 59.120548385263589 ], [ 18.331767204521284, 59.092695601653205 ], [ 18.256373020048812, 59.081027543654251 ], [ 18.105584651103868, 59.067101151849059 ], [ 18.043332572181644, 59.035860867529294 ], [ 18.000447806701889, 59.040377535141793 ], [ 18.021890189441766, 59.015535863273065 ], [ 17.955487971924725, 58.953055294633536 ], [ 17.979005423962011, 58.918051120636697 ], [ 17.913986585976577, 58.857828885803414 ], [ 17.934045589184848, 58.823201100774284 ], [ 17.879402097686452, 58.831105269096149 ] ] ], [ [ [ 18.600142833652654, 59.433704006396638 ], [ 18.555182998875495, 59.435962340202884 ], [ 18.516448371990553, 59.462309567942448 ], [ 18.50953147433253, 59.492797074326795 ], [ 18.554491309109689, 59.507852633035114 ], [ 18.644410978664016, 59.561676255417353 ], [ 18.675537018125127, 59.530435971097589 ], [ 18.661703222809077, 59.507476244067405 ], [ 18.596684384823643, 59.498066519874705 ], [ 18.600142833652654, 59.433704006396638 ] ] ], [ [ [ 18.676228707890932, 59.179265064226037 ], [ 18.697671090630809, 59.212387293384339 ], [ 18.748856133300194, 59.20147201332081 ], [ 18.676228707890932, 59.179265064226037 ] ] ], [ [ [ 18.767531756976862, 59.251155357058266 ], [ 18.722571922199698, 59.27411508408845 ], [ 18.774448654634885, 59.29820397802176 ], [ 18.8062663838618, 59.291428976603015 ], [ 18.767531756976862, 59.251155357058266 ] ] ], [ [ [ 18.643027599132409, 59.372728993627945 ], [ 18.704587988288832, 59.369717881886281 ], [ 18.745397684471179, 59.348640099694634 ], [ 18.748164443534392, 59.327185928535279 ], [ 18.714271645010069, 59.306108146343632 ], [ 18.643027599132409, 59.372728993627945 ] ] ], [ [ [ 18.851917908404765, 59.430316505687266 ], [ 18.910019848732176, 59.447254009234129 ], [ 18.912786607795386, 59.417519280785193 ], [ 18.869210152549826, 59.396441498593546 ], [ 18.851917908404765, 59.430316505687266 ] ] ], [ [ [ 18.940454198427485, 59.652009607667267 ], [ 18.972271927654401, 59.626415157863129 ], [ 18.8892691557581, 59.615876266767302 ], [ 18.940454198427485, 59.652009607667267 ] ] ], [ [ [ 18.948062785851313, 59.856388817132711 ], [ 18.98887248203366, 59.841709647392094 ], [ 19.011698244305144, 59.781111023591109 ], [ 18.873360291144643, 59.788262413977563 ], [ 18.924545333814027, 59.823266587974402 ], [ 18.948062785851313, 59.856388817132711 ] ] ], [ [ [ 18.791049209014147, 60.152606934718897 ], [ 18.719113473370687, 60.159005547169926 ], [ 18.735714027749946, 60.215087503358419 ], [ 18.788974139716739, 60.186858330780318 ], [ 18.791049209014147, 60.152606934718897 ] ] ] ] } },
{ "type": "Feature", "properties": { "ID": "a072000000poD2LAAU", "COUNTY_COUNCIL__C": "Örebro", "PAYS__C": "Suède" }, "geometry": { "type": "MultiPolygon", "coordinates": [ [ [ [ 14.389135539447041, 58.871378888640905 ], [ 14.324116701461607, 58.895467782574215 ], [ 14.29160728246889, 58.934612235215845 ], [ 14.293682351766297, 58.975262243728309 ], [ 14.29714080059531, 59.006878917015783 ], [ 14.33587542748025, 59.089684489911541 ], [ 14.306824457316544, 59.106621993458397 ], [ 14.293682351766297, 59.18265256493541 ], [ 14.304749388019136, 59.277502584797823 ], [ 14.325500080993212, 59.310248424988416 ], [ 14.334492047948645, 59.310624813956125 ], [ 14.358009499985929, 59.324927594729033 ], [ 14.360776259049139, 59.361437324596707 ], [ 14.398819196168276, 59.399076221367501 ], [ 14.464529723919515, 59.43332761742893 ], [ 14.398127506402474, 59.511616522712188 ], [ 14.438245512819019, 59.535705416645499 ], [ 14.476288449938156, 59.524037358646552 ], [ 14.467988172748527, 59.572967924448591 ], [ 14.443087341179638, 59.617005433670428 ], [ 14.428561856097785, 59.702069340372432 ], [ 14.403661024528894, 59.74610684959427 ], [ 14.436862133287415, 59.761162408302589 ], [ 14.42164495843976, 59.796542971267137 ], [ 14.42164495843976, 59.904566604999332 ], [ 14.367001466941362, 59.906824938805578 ], [ 14.342792325138275, 59.946345780414916 ], [ 14.456229446729884, 59.964788839832607 ], [ 14.438245512819019, 60.017859684279436 ], [ 14.758497874385576, 59.990383289636753 ], [ 14.745355768835328, 60.075447196338757 ], [ 14.795157431973109, 60.099912479239777 ], [ 14.912744692159533, 60.041572189245038 ], [ 15.019956605858921, 60.05022913550232 ], [ 15.075983476888922, 60.038937466471083 ], [ 15.125785140026704, 60.004686070409655 ], [ 15.217779878878435, 59.990006900669044 ], [ 15.230230294662881, 59.967799951574271 ], [ 15.339517277659676, 59.895156880806631 ], [ 15.36026797063375, 59.873326320679567 ], [ 15.426670188150791, 59.848861037778548 ], [ 15.457796227611903, 59.818373531394201 ], [ 15.435662155106222, 59.786004080171317 ], [ 15.506906200983881, 59.788638802945272 ], [ 15.550482656229438, 59.72691101224116 ], [ 15.555324484590056, 59.691154060308904 ], [ 15.52904027348956, 59.685884614760987 ], [ 15.519356616768325, 59.626791546830837 ], [ 15.618268253278082, 59.621145712315219 ], [ 15.632102048594133, 59.513874856518441 ], [ 15.674295124308085, 59.528554026259052 ], [ 15.710954681895618, 59.521026246904889 ], [ 15.720638338616851, 59.516509579292396 ], [ 15.71717988978784, 59.471719292135148 ], [ 15.734472133932902, 59.40472205588312 ], [ 15.637635566720553, 59.401334555173747 ], [ 15.606509527259441, 59.368965103950863 ], [ 15.638327256486356, 59.329444262341525 ], [ 15.61757656351228, 59.283901197248859 ], [ 15.699195955876975, 59.263952581960339 ], [ 15.722713407914259, 59.219915072738502 ], [ 15.792574074260312, 59.222173406544748 ], [ 15.769748311988831, 59.194320622934356 ], [ 15.770440001754633, 59.189803955321864 ], [ 15.771823381286238, 59.176253952484373 ], [ 15.807099559342165, 59.10549282655527 ], [ 15.720638338616851, 59.098341436168823 ], [ 15.715104820490431, 59.07086504152614 ], [ 15.639710636017959, 59.046023369657412 ], [ 15.627260220233515, 59.004996972177238 ], [ 15.692279058218951, 58.975638632696018 ], [ 15.556016174355857, 58.948538627021044 ], [ 15.597517560304007, 58.895844171541924 ], [ 15.541490689274006, 58.858205274771123 ], [ 15.44603750159326, 58.85481777406175 ], [ 15.459871296909309, 58.814544154517002 ], [ 15.417678221195358, 58.804005263421175 ], [ 15.395544148689677, 58.839385826385723 ], [ 15.344359106020292, 58.832987213934693 ], [ 15.280031957800659, 58.857828885803414 ], [ 15.224696776536462, 58.819813600064911 ], [ 15.123710070729295, 58.793466372325355 ], [ 15.127860209324112, 58.766366366650374 ], [ 15.077366856420529, 58.755451086586845 ], [ 15.033098711409169, 58.699745519366061 ], [ 14.905136104735707, 58.685819127560869 ], [ 14.782015326422862, 58.640276062468203 ], [ 14.705237762418784, 58.68657190549628 ], [ 14.69832086476076, 58.731362192653535 ], [ 14.620851610990879, 58.727974691944162 ], [ 14.627076818883101, 58.687701072399406 ], [ 14.593875710124582, 58.677538570271295 ], [ 14.483205347596181, 58.722328857428543 ], [ 14.47421338064075, 58.775776090843074 ], [ 14.420261578908153, 58.787067759874319 ], [ 14.419569889142352, 58.791584427486811 ], [ 14.368384846472967, 58.839009437418021 ], [ 14.389135539447041, 58.871378888640905 ] ] ] ] } },
{ "type": "Feature", "properties": { "ID": "a072000000poD2pAAE", "COUNTY_COUNCIL__C": "Uppsala", "PAYS__C": "Suède" }, "geometry": { "type": "MultiPolygon", "coordinates": [ [ [ [ 17.432570508978039, 59.386278996465435 ], [ 17.415969954598779, 59.376869272272728 ], [ 17.388994053732482, 59.385526218530018 ], [ 17.349567737081738, 59.434080395364347 ], [ 17.206387955560622, 59.453652621685158 ], [ 17.160044741251852, 59.479623460457013 ], [ 17.148977704999012, 59.510863744776778 ], [ 17.112318147411479, 59.523284580711142 ], [ 17.077733659121357, 59.509358188905942 ], [ 16.971213435187771, 59.511240133744479 ], [ 16.915186564157768, 59.545867918773617 ], [ 16.841175759216902, 59.674592945729749 ], [ 16.783765508655293, 59.709220730758886 ], [ 16.780998749592083, 59.740461015078651 ], [ 16.73327215575171, 59.770948521462998 ], [ 16.810049719755789, 59.808587418233792 ], [ 16.823191825306036, 59.858270761971248 ], [ 16.804516201629369, 59.87144437584103 ], [ 16.797599303971342, 59.943334668673252 ], [ 16.740189053409736, 59.97344578608989 ], [ 16.723588499030477, 60.049476357566903 ], [ 16.704912875353809, 60.057756914856483 ], [ 16.709754703714424, 60.10292359098144 ], [ 16.743647502238748, 60.121743039366841 ], [ 16.740189053409736, 60.157499991299098 ], [ 16.709754703714424, 60.188363886651153 ], [ 16.783073818889491, 60.181212496264699 ], [ 16.81627492764801, 60.209065279875091 ], [ 16.879218696336039, 60.219604170970918 ], [ 16.91034473579715, 60.274180571288575 ], [ 16.963604847763943, 60.279826405804194 ], [ 17.074966900058143, 60.255361122903174 ], [ 17.108859698582467, 60.278697238901067 ], [ 17.163503190080867, 60.279826405804194 ], [ 17.198779368136794, 60.294129186577095 ], [ 17.194629229541977, 60.33891947373435 ], [ 17.211921473687042, 60.348329197927043 ], [ 17.189787401181359, 60.39274309611659 ], [ 17.213996542984447, 60.429252825984264 ], [ 17.285932278627907, 60.439791717080091 ], [ 17.299766073943957, 60.498508396042531 ], [ 17.364093222163589, 60.603144529065354 ], [ 17.378618707245444, 60.652451483835101 ], [ 17.478913723286805, 60.647934816222602 ], [ 17.543240871506438, 60.652451483835101 ], [ 17.617943366213108, 60.64341814861011 ], [ 17.637310679655577, 60.614436198096591 ], [ 17.602726191365452, 60.574538967519544 ], [ 17.622785194573723, 60.541793127328951 ], [ 17.669128408882493, 60.517327844427932 ], [ 17.716163312957061, 60.519209789266476 ], [ 17.728613728741507, 60.543298683199787 ], [ 17.773573563518671, 60.568140355068508 ], [ 17.814383259701017, 60.57077507784247 ], [ 17.937504038013863, 60.602015362162234 ], [ 17.991455839746457, 60.603520918033063 ], [ 18.018431740612755, 60.582819524809125 ], [ 18.021198499675965, 60.528619513459176 ], [ 18.008748083891518, 60.504530619525859 ], [ 18.056474677731892, 60.495873673268576 ], [ 18.124951964546341, 60.426994492178018 ], [ 18.245997673561774, 60.381075038117643 ], [ 18.260523158643629, 60.335531973024978 ], [ 18.327617065926471, 60.356609755216624 ], [ 18.406469699227955, 60.335531973024978 ], [ 18.445896015878699, 60.341554196508305 ], [ 18.470796847447588, 60.308431967350003 ], [ 18.54342427285685, 60.285472240319812 ], [ 18.613976628968707, 60.235036118646946 ], [ 18.537199064964629, 60.189493053554273 ], [ 18.498464438079687, 60.202666667424054 ], [ 18.464571639555366, 60.189493053554273 ], [ 18.511606543629938, 60.149972211944942 ], [ 18.49569767901648, 60.094643033691867 ], [ 18.451429534005118, 60.071683306661676 ], [ 18.45212122377092, 60.053993025179402 ], [ 18.398861111804131, 60.039690244406501 ], [ 18.463188260023763, 60.013719405634646 ], [ 18.473563606510798, 59.986619399959672 ], [ 18.428603771733634, 59.977209675766971 ], [ 18.429987151265241, 59.950109670091997 ], [ 18.385719006253879, 59.940699945899297 ], [ 18.397477732272524, 59.89139299112955 ], [ 18.362893243982398, 59.855259650229584 ], [ 18.274356953959678, 59.845097148101466 ], [ 18.239772465669553, 59.822137421071282 ], [ 18.176828696981527, 59.821384643135865 ], [ 18.130485482672761, 59.802565194750464 ], [ 18.109734789698685, 59.748365183400516 ], [ 18.083450578598189, 59.734438791595323 ], [ 18.0039062555309, 59.733309624692197 ], [ 17.961021490051145, 59.705833230049514 ], [ 17.898077721363119, 59.704704063146387 ], [ 17.846200988927933, 59.690401282373486 ], [ 17.8379007117383, 59.672334611923503 ], [ 17.632468851294959, 59.686637392696404 ], [ 17.648377715908417, 59.714113787339087 ], [ 17.605492950428662, 59.735567958498443 ], [ 17.540474112443228, 59.725405456370325 ], [ 17.541857491974831, 59.707338785920342 ], [ 17.474071894926187, 59.656902664247475 ], [ 17.385535604903467, 59.655020719408938 ], [ 17.382768845840257, 59.57861375896421 ], [ 17.468538376799767, 59.499195686777824 ], [ 17.507273003684709, 59.455158177555994 ], [ 17.508656383216312, 59.432574839493512 ], [ 17.438104027104458, 59.435962340202884 ], [ 17.432570508978039, 59.386278996465435 ] ] ], [ [ [ 18.508148094800923, 60.371288924957234 ], [ 18.562791586299319, 60.368654202183279 ], [ 18.589075797399815, 60.33891947373435 ], [ 18.579392140678582, 60.297893076254176 ], [ 18.400244491335734, 60.367148646312444 ], [ 18.379493798361658, 60.417208379017609 ], [ 18.411311527588573, 60.502272285719613 ], [ 18.447279395410305, 60.480818114560257 ], [ 18.468721778150183, 60.425112547339474 ], [ 18.469413467915984, 60.392366707148881 ], [ 18.508148094800923, 60.371288924957234 ] ] ] ] } },
{ "type": "Feature", "properties": { "ID": "a072000000poD2QAAU", "COUNTY_COUNCIL__C": "Östergötland", "PAYS__C": "Suède" }, "geometry": { "type": "MultiPolygon", "coordinates": [ [ [ [ 15.039323919301392, 57.866796733828288 ], [ 15.001972671948057, 57.892391183632427 ], [ 15.005431120777068, 57.9240078569199 ], [ 15.014423087732501, 57.983100924850056 ], [ 15.082208684781147, 57.985735647624011 ], [ 15.068374889465096, 58.021116210588559 ], [ 15.051082645320033, 58.024880100265641 ], [ 15.015114777498304, 58.100157893807236 ], [ 14.977763530144969, 58.121235675998889 ], [ 14.907902863798917, 58.131774567094709 ], [ 14.899602586609287, 58.131398178127 ], [ 14.889918929888051, 58.081714834389544 ], [ 14.770948290170022, 58.076821777809343 ], [ 14.759881253917181, 58.094135670323908 ], [ 14.598717538485198, 58.091877336517662 ], [ 14.465221413685317, 58.126505121546799 ], [ 14.461762964856305, 58.149088459609274 ], [ 14.413344681250129, 58.182963466702994 ], [ 14.502572661038652, 58.326367663399736 ], [ 14.524706733544331, 58.350080168365345 ], [ 14.546149116284209, 58.373416284363238 ], [ 14.582808673871742, 58.415571848746531 ], [ 14.629151888180509, 58.449070466872541 ], [ 14.696245795463351, 58.519455203833935 ], [ 14.737055491645698, 58.593227441504702 ], [ 14.782015326422862, 58.640276062468203 ], [ 14.905136104735707, 58.685819127560869 ], [ 15.033098711409169, 58.699745519366061 ], [ 15.077366856420529, 58.755451086586845 ], [ 15.127860209324112, 58.766366366650374 ], [ 15.123710070729295, 58.793466372325355 ], [ 15.224696776536462, 58.819813600064911 ], [ 15.280031957800659, 58.857828885803414 ], [ 15.344359106020292, 58.832987213934693 ], [ 15.395544148689677, 58.839385826385723 ], [ 15.417678221195358, 58.804005263421175 ], [ 15.459871296909309, 58.814544154517002 ], [ 15.44603750159326, 58.85481777406175 ], [ 15.541490689274006, 58.858205274771123 ], [ 15.597517560304007, 58.895844171541924 ], [ 15.556016174355857, 58.948538627021044 ], [ 15.692279058218951, 58.975638632696018 ], [ 15.726171856743273, 58.981284467211637 ], [ 15.739313962293519, 58.945903904247089 ], [ 15.836150529505868, 59.012148362563693 ], [ 15.872810087093402, 58.995210859016836 ], [ 15.930912027420813, 58.947409460117917 ], [ 15.975871862197975, 58.939881680763762 ], [ 16.083083775897361, 58.916169175798153 ], [ 16.096225881447609, 58.876271945221106 ], [ 16.139802336693165, 58.87288444451174 ], [ 16.186837240767737, 58.842773327095095 ], [ 16.197212587254775, 58.829599713225321 ], [ 16.267073253600827, 58.827341379419067 ], [ 16.276756910322064, 58.814167765549293 ], [ 16.307191260017373, 58.774646923939954 ], [ 16.3708267184712, 58.749428863103518 ], [ 16.385352203553055, 58.695605240721278 ], [ 16.463513147088737, 58.688830239302533 ], [ 16.575566889148742, 58.691841351044197 ], [ 16.638510657836768, 58.671139957820259 ], [ 16.708371324182821, 58.663988567433805 ], [ 16.741572432941339, 58.626726059630712 ], [ 16.608767997907261, 58.636135783823413 ], [ 16.464896526620343, 58.65683717704735 ], [ 16.352151094794536, 58.666246901240051 ], [ 16.267073253600827, 58.663612178466096 ], [ 16.258081286645393, 58.629360782404667 ], [ 16.211046382570824, 58.630489949307794 ], [ 16.209663003039218, 58.607530222277603 ], [ 16.315491537207002, 58.607153833309894 ], [ 16.381202064958238, 58.619951058211967 ], [ 16.4254702099696, 58.592851052536993 ], [ 16.440687384817252, 58.63801772866195 ], [ 16.54513253945343, 58.615810779567184 ], [ 16.549974367814048, 58.633501061049458 ], [ 16.666178248468867, 58.615434390599475 ], [ 16.686928941442943, 58.602637165697402 ], [ 16.795524234673934, 58.597744109117201 ], [ 16.789299026781713, 58.558599656475565 ], [ 16.834950551324678, 58.55483576679849 ], [ 16.882677145165051, 58.512303813447488 ], [ 16.951154431979496, 58.48332186293397 ], [ 16.866076590785791, 58.471277415967315 ], [ 16.848784346640727, 58.443424632356923 ], [ 16.773390162168255, 58.440413520615259 ], [ 16.739497363643935, 58.420841294294448 ], [ 16.594934202591212, 58.44417741029234 ], [ 16.50570622280269, 58.473912138741269 ], [ 16.416478243014168, 58.475794083579814 ], [ 16.496714255847255, 58.461491302806905 ], [ 16.71943836043566, 58.393364899651758 ], [ 16.792757475610728, 58.362124615332 ], [ 16.794832544908132, 58.333519053786191 ], [ 16.889594042823077, 58.297385712886225 ], [ 16.852242795469742, 58.26614542856646 ], [ 16.825958584369246, 58.293621823209143 ], [ 16.700762736758993, 58.263510705792505 ], [ 16.789990716547514, 58.240927367730023 ], [ 16.841867448982704, 58.185598189476949 ], [ 16.798290993737147, 58.126881510514508 ], [ 16.750564399896774, 58.101663449678071 ], [ 16.745030881770354, 58.071552332261433 ], [ 16.761631436149614, 58.013588431234403 ], [ 16.711138083246031, 58.018857876782313 ], [ 16.706296254885412, 57.994392593881294 ], [ 16.668945007532081, 57.991005093171921 ], [ 16.644044175963188, 57.987993981430257 ], [ 16.606692928609853, 58.022621766459395 ], [ 16.603234479780841, 58.054238439746868 ], [ 16.567958301724914, 58.071175943293724 ], [ 16.565191542661704, 58.09789956000099 ], [ 16.530607054371579, 58.106180117290563 ], [ 16.481497080999603, 58.082091223357253 ], [ 16.400569378400711, 58.124999565675964 ], [ 16.32586688369404, 58.109191229032234 ], [ 16.255314527582186, 58.134032900900955 ], [ 16.207587933741813, 58.09677039309787 ], [ 16.173695135217489, 58.100157893807236 ], [ 16.178536963578107, 58.055367606649988 ], [ 16.116976574421685, 58.071552332261433 ], [ 16.032590422993778, 58.064400941874979 ], [ 16.014606489082915, 58.077198166777052 ], [ 16.004231142595877, 58.013964820202112 ], [ 16.050574356904644, 57.979337035172975 ], [ 16.021523386740938, 57.937934248725099 ], [ 16.058874634094273, 57.903306463695962 ], [ 16.06302477268909, 57.867549511763706 ], [ 16.022215076506743, 57.852493953055387 ], [ 15.935062166015626, 57.804692554156468 ], [ 15.899094298193898, 57.821630057703331 ], [ 15.824391803487227, 57.809961999704385 ], [ 15.769748311988831, 57.844213395765806 ], [ 15.701271025174382, 57.850988397184551 ], [ 15.600284319367217, 57.847600896475178 ], [ 15.604434457962032, 57.811467555575213 ], [ 15.540798999508203, 57.782109216093993 ], [ 15.509672960047091, 57.758773100096093 ], [ 15.436353844872025, 57.738071706872155 ], [ 15.44880426065647, 57.706831422552391 ], [ 15.424595118853382, 57.697045309391982 ], [ 15.297324201945724, 57.705702255649271 ], [ 15.16382807714584, 57.696292531456571 ], [ 15.127168519558309, 57.717370313648217 ], [ 15.124401760495099, 57.739577262742984 ], [ 15.087050513141763, 57.765171712547129 ], [ 15.070449958762502, 57.823135613574159 ], [ 15.039323919301392, 57.866796733828288 ] ] ], [ [ [ 16.808666340224185, 58.392988510684056 ], [ 16.820425066242827, 58.361748226364291 ], [ 16.874376867975421, 58.332766275850773 ], [ 16.832183792261468, 58.321098217851826 ], [ 16.808666340224185, 58.33803572139869 ], [ 16.808666340224185, 58.392988510684056 ] ] ] ] } },
{ "type": "Feature", "properties": { "ID": "a072000000poD2uAAE", "COUNTY_COUNCIL__C": "Värmland", "PAYS__C": "Suède" }, "geometry": { "type": "MultiPolygon", "coordinates": [ [ [ [ 12.385310287917202, 57.3394757900694 ], [ 12.424044914802142, 57.315010507168381 ], [ 12.450329125902638, 57.271349386914252 ], [ 12.522264861546097, 57.284899389751736 ], [ 12.541632174988568, 57.313128562329837 ], [ 12.61979311852425, 57.340228568004811 ], [ 12.631551844542892, 57.322914675490246 ], [ 12.697954062059932, 57.327054954135036 ], [ 12.746372345666106, 57.293932724976727 ], [ 12.760206140982156, 57.267585497237171 ], [ 12.685503646275487, 57.222418821112214 ], [ 12.630860154777089, 57.205481317565351 ], [ 12.638468742200917, 57.165207698020602 ], [ 12.577600042810296, 57.098586850736282 ], [ 12.610801151568817, 57.014652110937405 ], [ 12.532640208033134, 56.991692383907214 ], [ 12.487680373255973, 57.007124331583242 ], [ 12.421969845504735, 57.002984052938459 ], [ 12.366634664240534, 56.986046549391595 ], [ 12.350034109861275, 57.006371553647831 ], [ 12.271873166325593, 57.048150729063416 ], [ 12.217229674827195, 57.135849358539375 ], [ 12.201320810213737, 57.174241033245593 ], [ 12.166736321923613, 57.200211872017441 ], [ 12.094108896514349, 57.233334101175743 ], [ 12.104484243001387, 57.268714664140298 ], [ 12.163969562860402, 57.286404945622571 ], [ 12.16604463215781, 57.307859116781927 ], [ 12.241438816630282, 57.308235505749636 ], [ 12.278098374217816, 57.292427169105899 ], [ 12.318908070400163, 57.299202170524644 ], [ 12.353492558690288, 57.333077177618364 ], [ 12.385310287917202, 57.3394757900694 ] ] ], [ [ [ 13.422844936620951, 58.951549738762708 ], [ 13.404861002710085, 58.905630284702333 ], [ 13.347450752148479, 58.798735817873265 ], [ 13.428378454747371, 58.739642749943108 ], [ 13.420078177557741, 58.734749693362907 ], [ 13.258222772359955, 58.717435800848335 ], [ 13.219488145475015, 58.737760805104571 ], [ 12.982238555804759, 58.792713594389937 ], [ 12.900619163440064, 58.806263597227421 ], [ 12.872259883042162, 58.904124728831498 ], [ 12.839058774283641, 58.979026133405391 ], [ 12.776115005595614, 59.025321976433474 ], [ 12.754672622855736, 59.127699775650044 ], [ 12.70279589042055, 59.165338672420845 ], [ 12.630860154777089, 59.170608117968754 ], [ 12.628785085479683, 59.138615055713579 ], [ 12.553390901007209, 59.120924774231298 ], [ 12.464162921218687, 59.12468866390838 ], [ 12.459321092858069, 59.187545621515611 ], [ 12.424736604567945, 59.185663676677073 ], [ 12.349342420095471, 59.167597006227091 ], [ 12.275331615154606, 59.181147009064581 ], [ 12.251122473351517, 59.211258126481219 ], [ 12.241438816630282, 59.251531746025975 ], [ 12.137685351759908, 59.240616465962439 ], [ 12.082350170495708, 59.250778968090557 ], [ 12.096183965811758, 59.192815067063528 ], [ 12.083733550027313, 59.169478951065628 ], [ 11.993813880472988, 59.213892849255174 ], [ 11.895593933729034, 59.216903960996838 ], [ 11.840258752464834, 59.226690074157247 ], [ 11.820891439022363, 59.234594242479112 ], [ 11.836108613870017, 59.24475674460723 ], [ 11.815357920895943, 59.329067873373816 ], [ 11.820199749256561, 59.347510932791508 ], [ 11.786306950732238, 59.377245661240437 ], [ 11.76763132705557, 59.416766502849782 ], [ 11.747572323847297, 59.496937352971578 ], [ 11.70952938672816, 59.543985973935079 ], [ 11.693620522114703, 59.606466542574601 ], [ 11.774548224713596, 59.643352661409985 ], [ 11.862392824970513, 59.648622106957902 ], [ 11.896977313260638, 59.691530449276613 ], [ 11.941245458271998, 59.694541561018269 ], [ 11.934328560613974, 59.721265177725542 ], [ 11.925336593658541, 59.797295749202554 ], [ 11.854092547780883, 59.829288811457729 ], [ 11.946778976398418, 59.893651324935796 ], [ 11.990355431643975, 59.90080271532225 ], [ 12.03877371525015, 59.885747156613931 ], [ 12.181953496771268, 59.889887435258721 ], [ 12.226913331548429, 59.928655498932642 ], [ 12.311991172742138, 59.951615225962826 ], [ 12.360409456348313, 59.977209675766971 ], [ 12.372859872132757, 60.000545791764864 ], [ 12.454479264497452, 60.041195800277329 ], [ 12.502897548103627, 60.107440258593932 ], [ 12.510506135527454, 60.112333315174141 ], [ 12.509814445761652, 60.116849982786633 ], [ 12.540940485222764, 60.177072217619916 ], [ 12.520881482014492, 60.225626394454245 ], [ 12.498055719743009, 60.323863915026024 ], [ 12.563074557728445, 60.359244477990579 ], [ 12.60872608227141, 60.402529209276999 ], [ 12.612184531100421, 60.465762555851938 ], [ 12.594892286955359, 60.541793127328951 ], [ 12.518114722951282, 60.595993138678907 ], [ 12.504280927635232, 60.653957039705929 ], [ 12.39291887534103, 60.733751500860023 ], [ 12.344500591734855, 60.82145013033599 ], [ 12.323749898760781, 60.906137648070285 ], [ 12.236596988269666, 60.99609461135249 ], [ 12.231755159909047, 61.018301560447263 ], [ 12.401910842296463, 61.046154344057655 ], [ 12.522264861546097, 61.052552956508691 ], [ 12.56999145538647, 61.046154344057655 ], [ 12.670978161193634, 61.056316846185773 ], [ 12.70556264948376, 60.985932109224379 ], [ 12.830066807328208, 60.929473764068177 ], [ 12.895777335079446, 60.887694588652593 ], [ 13.000222489715624, 60.834247355238062 ], [ 13.05970780957464, 60.815051517884953 ], [ 13.166919723274026, 60.748054281632932 ], [ 13.200120832032546, 60.677669544671538 ], [ 13.254764323530944, 60.680304267445493 ], [ 13.284506983460451, 60.627609811966373 ], [ 13.304565986668724, 60.619705643644508 ], [ 13.437370421702804, 60.509047287138358 ], [ 13.467804771398113, 60.451836164046746 ], [ 13.548040784231203, 60.414950045211363 ], [ 13.623434968703675, 60.405163932050954 ], [ 13.670469872778245, 60.398388930632208 ], [ 13.71612139732121, 60.350963920701005 ], [ 13.791515581793682, 60.291118074835431 ], [ 13.826791759849609, 60.247833343549011 ], [ 13.968588161839122, 60.168791660330335 ], [ 13.998330821768629, 60.206054168133427 ], [ 13.954754366523073, 60.244822231807348 ], [ 13.990722234344803, 60.246327787678183 ], [ 14.022539963571717, 60.220733337874037 ], [ 14.149810880479377, 60.221862504777164 ], [ 14.154652708839995, 60.195138888069899 ], [ 14.196845784553947, 60.16088749200847 ], [ 14.218979857059628, 60.085233309499166 ], [ 14.323425011695804, 60.058133303824192 ], [ 14.438245512819019, 60.017859684279436 ], [ 14.456229446729884, 59.964788839832607 ], [ 14.342792325138275, 59.946345780414916 ], [ 14.367001466941362, 59.906824938805578 ], [ 14.42164495843976, 59.904566604999332 ], [ 14.42164495843976, 59.796542971267137 ], [ 14.436862133287415, 59.761162408302589 ], [ 14.403661024528894, 59.74610684959427 ], [ 14.428561856097785, 59.702069340372432 ], [ 14.443087341179638, 59.617005433670428 ], [ 14.467988172748527, 59.572967924448591 ], [ 14.476288449938156, 59.524037358646552 ], [ 14.438245512819019, 59.535705416645499 ], [ 14.398127506402474, 59.511616522712188 ], [ 14.464529723919515, 59.43332761742893 ], [ 14.398819196168276, 59.399076221367501 ], [ 14.360776259049139, 59.361437324596707 ], [ 14.358009499985929, 59.324927594729033 ], [ 14.334492047948645, 59.310624813956125 ], [ 14.325500080993212, 59.310248424988416 ], [ 14.304749388019136, 59.277502584797823 ], [ 14.293682351766297, 59.18265256493541 ], [ 14.306824457316544, 59.106621993458397 ], [ 14.33587542748025, 59.089684489911541 ], [ 14.29714080059531, 59.006878917015783 ], [ 14.178861850643083, 59.033226144755339 ], [ 14.15050257024518, 59.045270591721994 ], [ 14.054357692798632, 59.041130313077204 ], [ 14.040523897482583, 59.022310864691811 ], [ 13.943687330270233, 59.022310864691811 ], [ 13.828175139381216, 59.030215033013675 ], [ 13.729263502871458, 59.043765035851166 ], [ 13.605451034792811, 59.050916426237613 ], [ 13.596459067837378, 59.050540037269904 ], [ 13.501005880156633, 59.000856693532455 ], [ 13.422844936620951, 58.951549738762708 ] ] ] ] } },
{ "type": "Feature", "properties": { "ID": "a072000000poD2VAAU", "COUNTY_COUNCIL__C": "Skåne", "PAYS__C": "Suède" }, "geometry": { "type": "MultiPolygon", "coordinates": [ [ [ [ 13.423536626386753, 55.354023985409761 ], [ 13.363359616761937, 55.337086481862904 ], [ 13.295574019713291, 55.341226760507695 ], [ 13.164844653976619, 55.369455933085789 ], [ 13.031348529176736, 55.381500380052444 ], [ 12.96840476048871, 55.40182538430868 ], [ 12.925519995008955, 55.385264269729525 ], [ 12.886093678358211, 55.396932327728472 ], [ 12.815541322246357, 55.37848926831078 ], [ 12.827991738030802, 55.414998998178454 ], [ 12.868801434213148, 55.437205947273227 ], [ 12.891627196484631, 55.408976774695127 ], [ 12.946962377748832, 55.415751776113872 ], [ 12.96840476048871, 55.459412896368001 ], [ 12.938662100559201, 55.493664292429429 ], [ 12.901310853205867, 55.559155972810615 ], [ 12.919986476882533, 55.593030979904334 ], [ 12.962871242362288, 55.601687926161617 ], [ 13.020973182689698, 55.635939322223045 ], [ 13.063166258403651, 55.666426828607392 ], [ 13.054865981214022, 55.692397667379247 ], [ 12.993305592057599, 55.730036564150041 ], [ 12.969096450254511, 55.72514350756984 ], [ 12.92690337454056, 55.771815739565632 ], [ 12.924136615477348, 55.818487971561417 ], [ 12.881943539763396, 55.858761591106173 ], [ 12.830758497094012, 55.853492145558263 ], [ 12.805165975759319, 55.912961602456122 ], [ 12.759514451216354, 55.953235222000878 ], [ 12.753289243324131, 55.981088005611269 ], [ 12.704179269952155, 56.006682455415415 ], [ 12.675128299788449, 56.066528301280982 ], [ 12.592817217657952, 56.127879703017385 ], [ 12.589358768828939, 56.131643592694466 ], [ 12.589358768828939, 56.132396370629884 ], [ 12.56722469632326, 56.143311650693413 ], [ 12.554774280538815, 56.195253328237115 ], [ 12.530565138735728, 56.246442227845399 ], [ 12.484913614192763, 56.28935057016411 ], [ 12.51742303318548, 56.294620015712027 ], [ 12.657144365877585, 56.2558519520381 ], [ 12.671669850959436, 56.239290837458952 ], [ 12.772656556766602, 56.217836666299597 ], [ 12.790640490677466, 56.223858889782925 ], [ 12.83836708451784, 56.27053112177871 ], [ 12.762972900045366, 56.310051963388048 ], [ 12.740147137773885, 56.358982529190087 ], [ 12.688270405338697, 56.380813089317151 ], [ 12.639160431966719, 56.388340868671314 ], [ 12.618409738992645, 56.421086708861907 ], [ 12.657836055643386, 56.455714493891044 ], [ 12.728388411755242, 56.47189921950249 ], [ 12.861192846789322, 56.430872822022316 ], [ 12.898544094142657, 56.447810325569172 ], [ 12.962179552596487, 56.434636711699397 ], [ 12.969788140020313, 56.39473948112235 ], [ 12.960104483299078, 56.362370029899459 ], [ 12.986388694399574, 56.350325582932804 ], [ 13.077691743485504, 56.34204502564323 ], [ 13.157927756318593, 56.346938082223431 ], [ 13.204270970627361, 56.31795613170992 ], [ 13.235397010088473, 56.323978355193248 ], [ 13.307332745731934, 56.377801977575487 ], [ 13.355751029338109, 56.380436700349442 ], [ 13.415928038962926, 56.410924206733789 ], [ 13.471263220227126, 56.418451986087952 ], [ 13.541123886573178, 56.395115870090059 ], [ 13.588850480413551, 56.402267260476506 ], [ 13.700212532707752, 56.416946430217124 ], [ 13.723729984745038, 56.422968653700451 ], [ 13.761772921864175, 56.438400601376472 ], [ 13.88489370017702, 56.435765878602517 ], [ 13.907027772682699, 56.450445048343134 ], [ 14.035682069121965, 56.461360328406663 ], [ 14.075108385772708, 56.521958952207648 ], [ 14.124218359144685, 56.519700618401401 ], [ 14.127676807973698, 56.497493669306628 ], [ 14.178861850643083, 56.486202000275391 ], [ 14.32480839122741, 56.488836723049346 ], [ 14.343484014904076, 56.476039498147273 ], [ 14.51848152565211, 56.45270338214938 ], [ 14.47698013970396, 56.401138093573387 ], [ 14.420953268673957, 56.393986703186933 ], [ 14.425795097034573, 56.362746418867168 ], [ 14.395360747339264, 56.293490848808901 ], [ 14.428561856097785, 56.286339458422447 ], [ 14.446545790008649, 56.219342222170425 ], [ 14.568974878555691, 56.215954721461053 ], [ 14.580733604574334, 56.189607493721496 ], [ 14.591108951061372, 56.113576922244484 ], [ 14.550990944644827, 56.057494966055991 ], [ 14.460379585324699, 56.021738014123734 ], [ 14.433403684458401, 55.992756063610216 ], [ 14.349709222796299, 55.962268557225869 ], [ 14.320658252632594, 55.939685219163394 ], [ 14.317891493569384, 55.915219936262375 ], [ 14.272931658792222, 55.897153265812392 ], [ 14.222438305888639, 55.833919919237445 ], [ 14.196154094788145, 55.756760180857313 ], [ 14.204454371977775, 55.702560169507358 ], [ 14.271548279260617, 55.674707385896966 ], [ 14.284690384810865, 55.617496262805354 ], [ 14.357317810220128, 55.559908750746033 ], [ 14.348325843264695, 55.509472629073166 ], [ 14.282615315513457, 55.473339288173193 ], [ 14.214829718464813, 55.402578162244097 ], [ 14.201687612914565, 55.38714621456807 ], [ 14.147044121416167, 55.376983712439952 ], [ 14.055049382564434, 55.380371213149324 ], [ 13.974121679965542, 55.421397610629491 ], [ 13.917403119169737, 55.434194835531564 ], [ 13.844084003994674, 55.421021221661789 ], [ 13.704362671302569, 55.424785111338863 ], [ 13.656636077462196, 55.417257331984707 ], [ 13.599225826900588, 55.388651770438898 ], [ 13.495472362030213, 55.383758713858697 ], [ 13.423536626386753, 55.354023985409761 ] ] ] ] } },
{ "type": "Feature", "properties": { "ID": "a072000000poD39AAE", "COUNTY_COUNCIL__C": "Västernorrland", "PAYS__C": "Suède" }, "geometry": { "type": "MultiPolygon", "coordinates": [ [ [ [ 17.49551, 62.35636 ], [ 17.40905, 62.36314 ], [ 17.41251, 62.41659 ], [ 17.38623, 62.47756 ], [ 17.49136, 62.45987 ], [ 17.47338, 62.43578 ], [ 17.51834, 62.41395 ], [ 17.52111, 62.36615 ], [ 17.49551, 62.35636 ] ] ], [ [ [ 17.99837, 62.68796 ], [ 18.02742, 62.74931 ], [ 18.07377, 62.75684 ], [ 18.14778, 62.75007 ], [ 18.15815, 62.7256 ], [ 18.11112, 62.70979 ], [ 18.10835, 62.68759 ], [ 18.0295, 62.67291 ], [ 17.99837, 62.68796 ] ] ], [ [ [ 18.61744, 63.01919 ], [ 18.64441, 63.06398 ], [ 18.69421, 63.06736 ], [ 18.67208, 63.02747 ], [ 18.61744, 63.01919 ] ] ], [ [ [ 17.72516, 62.39777 ], [ 17.62486, 62.43127 ], [ 17.52733, 62.45272 ], [ 17.51834, 62.48471 ], [ 17.47891, 62.51257 ], [ 17.33573, 62.48697 ], [ 17.35718, 62.46439 ], [ 17.39522, 62.43503 ], [ 17.39729, 62.4004 ], [ 17.37239, 62.37255 ], [ 17.36478, 62.33491 ], [ 17.42842, 62.33077 ], [ 17.46854, 62.29953 ], [ 17.45885, 62.26302 ], [ 17.65806, 62.23554 ], [ 17.64146, 62.2171 ], [ 17.57506, 62.18962 ], [ 17.56468, 62.22726 ], [ 17.50243, 62.22914 ], [ 17.52733, 62.16666 ], [ 17.48237, 62.13279 ], [ 17.34611, 62.14897 ], [ 17.24996, 62.14709 ], [ 17.21123, 62.15537 ], [ 17.08673, 62.14822 ], [ 16.89236, 62.16666 ], [ 16.81212, 62.1964 ], [ 16.60808, 62.20957 ], [ 16.53891, 62.22576 ], [ 16.25877, 62.22764 ], [ 16.03397, 62.24872 ], [ 16.0236, 62.25286 ], [ 15.63487, 62.33566 ], [ 15.4993, 62.33152 ], [ 15.491, 62.32211 ], [ 15.37964, 62.29163 ], [ 15.33537, 62.2634 ], [ 15.25582, 62.27845 ], [ 15.14515, 62.24345 ], [ 15.05177, 62.28071 ], [ 14.94041, 62.3127 ], [ 14.86848, 62.39099 ], [ 14.80899, 62.39814 ], [ 14.72115, 62.34507 ], [ 14.6838, 62.33491 ], [ 14.56828, 62.27619 ], [ 14.48736, 62.29577 ], [ 14.3421, 62.29426 ], [ 14.30752, 62.32475 ], [ 14.25633, 62.33604 ], [ 14.18163, 62.37368 ], [ 14.06819, 62.4546 ], [ 14.07234, 62.4817 ], [ 14.0177, 62.51106 ], [ 14.00248, 62.58709 ], [ 13.95752, 62.61683 ], [ 13.87867, 62.61795 ], [ 13.87729, 62.67215 ], [ 13.82126, 62.70565 ], [ 13.7092, 62.67818 ], [ 13.62136, 62.67441 ], [ 13.50723, 62.70076 ], [ 13.43737, 62.75157 ], [ 13.38134, 62.73576 ], [ 13.37789, 62.66312 ], [ 13.44429, 62.63 ], [ 13.33293, 62.60252 ], [ 13.28174, 62.60892 ], [ 13.27275, 62.64919 ], [ 13.18975, 62.66801 ], [ 13.14271, 62.70189 ], [ 13.04449, 62.70151 ], [ 12.96771, 62.73388 ], [ 12.87018, 62.68834 ], [ 12.76851, 62.70151 ], [ 12.64124, 62.69925 ], [ 12.60527, 62.72447 ], [ 12.49736, 62.75985 ], [ 12.34173, 62.75157 ], [ 12.13492, 62.74931 ], [ 12.10933, 62.80653 ], [ 12.08927, 62.88256 ], [ 12.07543, 62.89535 ], [ 12.31683, 62.92208 ], [ 12.57622, 62.95821 ], [ 12.77266, 62.968 ], [ 13.11089, 62.96649 ], [ 13.2181, 63.01693 ], [ 13.35713, 63.01881 ], [ 13.42907, 63.05381 ], [ 13.55219, 63.08204 ], [ 13.70021, 63.08844 ], [ 13.75486, 63.06812 ], [ 13.79982, 63.08806 ], [ 13.86068, 63.08618 ], [ 13.83855, 63.0493 ], [ 13.93677, 63.05344 ], [ 13.93954, 63.03989 ], [ 14.12629, 63.05231 ], [ 14.13944, 63.03462 ], [ 14.20169, 63.0237 ], [ 14.2674, 63.0444 ], [ 14.32619, 63.04666 ], [ 14.41265, 63.0636 ], [ 14.45346, 63.00639 ], [ 14.54338, 63.00112 ], [ 14.54407, 62.94692 ], [ 14.59457, 62.93977 ], [ 14.60218, 62.89949 ], [ 14.69071, 62.90288 ], [ 14.71354, 62.88557 ], [ 14.78271, 62.88369 ], [ 14.79516, 62.92471 ], [ 14.87539, 62.91869 ], [ 14.92796, 62.9025 ], [ 14.98468, 62.91794 ], [ 14.97776, 62.95821 ], [ 15.05385, 62.97891 ], [ 15.02272, 63.04553 ], [ 15.12994, 63.05795 ], [ 15.10642, 63.13812 ], [ 15.18804, 63.12759 ], [ 15.27312, 63.09446 ], [ 15.316, 63.13624 ], [ 15.30009, 63.17162 ], [ 15.22954, 63.1784 ], [ 15.22055, 63.23222 ], [ 15.28072, 63.22959 ], [ 15.33329, 63.27626 ], [ 15.37064, 63.29094 ], [ 15.43359, 63.27513 ], [ 15.4578, 63.24878 ], [ 15.52282, 63.28228 ], [ 15.50068, 63.35831 ], [ 15.53527, 63.3952 ], [ 15.58161, 63.41929 ], [ 15.67014, 63.43547 ], [ 15.69505, 63.46746 ], [ 15.7905, 63.50661 ], [ 15.85206, 63.49908 ], [ 15.99178, 63.50774 ], [ 15.98486, 63.55705 ], [ 15.81125, 63.63759 ], [ 15.82923, 63.65604 ], [ 15.89771, 63.67147 ], [ 15.92192, 63.64512 ], [ 15.98279, 63.647 ], [ 16.07755, 63.69443 ], [ 16.16055, 63.67862 ], [ 16.22488, 63.6534 ], [ 16.27537, 63.65453 ], [ 16.31134, 63.6869 ], [ 16.38189, 63.6933 ], [ 16.55412, 63.69744 ], [ 16.61361, 63.7076 ], [ 16.57557, 63.7697 ], [ 16.56796, 63.83256 ], [ 16.58387, 63.86907 ], [ 16.66618, 63.95188 ], [ 16.66479, 63.96543 ], [ 16.72013, 64.01624 ], [ 16.88199, 63.94322 ], [ 17.16143, 63.91273 ], [ 17.2638, 63.90558 ], [ 17.45885, 63.89542 ], [ 17.7466, 63.87321 ], [ 17.90776, 63.90709 ], [ 18.34214, 63.98011 ], [ 18.40301, 63.985 ], [ 18.45558, 63.96769 ], [ 18.45765, 63.92741 ], [ 18.40647, 63.92666 ], [ 18.41892, 63.89542 ], [ 18.49155, 63.86004 ], [ 18.51368, 63.83331 ], [ 18.57593, 63.816 ], [ 18.66724, 63.81675 ], [ 18.81111, 63.78213 ], [ 18.8118, 63.76858 ], [ 18.91279, 63.77385 ], [ 18.99579, 63.72529 ], [ 19.06911, 63.66281 ], [ 19.18255, 63.59581 ], [ 19.19361, 63.55554 ], [ 19.2863, 63.47048 ], [ 19.25448, 63.43698 ], [ 19.25241, 63.33535 ], [ 19.17494, 63.32067 ], [ 19.13482, 63.32745 ], [ 19.10992, 63.24652 ], [ 19.06012, 63.20851 ], [ 18.99095, 63.21001 ], [ 18.92455, 63.24728 ], [ 18.88512, 63.23335 ], [ 18.88097, 63.20399 ], [ 18.82702, 63.21453 ], [ 18.70459, 63.16522 ], [ 18.63542, 63.18555 ], [ 18.58562, 63.1735 ], [ 18.6036, 63.14528 ], [ 18.57524, 63.12081 ], [ 18.53305, 63.10463 ], [ 18.50538, 63.06925 ], [ 18.4708, 63.02935 ], [ 18.41685, 63.06473 ], [ 18.2958, 63.01881 ], [ 18.31655, 62.98343 ], [ 18.40232, 63.00639 ], [ 18.53512, 62.98945 ], [ 18.54342, 62.95821 ], [ 18.4625, 62.97101 ], [ 18.421, 62.94579 ], [ 18.5123, 62.93487 ], [ 18.48671, 62.9089 ], [ 18.421, 62.91267 ], [ 18.45558, 62.8754 ], [ 18.34768, 62.83551 ], [ 18.29303, 62.89535 ], [ 18.24807, 62.89987 ], [ 18.20035, 62.86185 ], [ 18.2121, 62.84228 ], [ 18.28473, 62.85169 ], [ 18.27228, 62.8212 ], [ 18.22317, 62.79599 ], [ 18.17752, 62.7941 ], [ 18.11181, 62.77039 ], [ 18.05647, 62.79787 ], [ 18.154, 62.81255 ], [ 18.05025, 62.85207 ], [ 17.97486, 62.83325 ], [ 17.91814, 62.84115 ], [ 17.88355, 62.91267 ], [ 17.85588, 62.94127 ], [ 17.79432, 62.96724 ], [ 17.82614, 63.00375 ], [ 17.78741, 63.01806 ], [ 17.79017, 63.03725 ], [ 17.78672, 63.04741 ], [ 17.75006, 62.97289 ], [ 17.7798, 62.94203 ], [ 17.81646, 62.93977 ], [ 17.85381, 62.90777 ], [ 17.87594, 62.83137 ], [ 17.87594, 62.82685 ], [ 17.88079, 62.82346 ], [ 17.93059, 62.79335 ], [ 17.9299, 62.76926 ], [ 17.97001, 62.74028 ], [ 17.98938, 62.70377 ], [ 17.9541, 62.64393 ], [ 18.01843, 62.63527 ], [ 18.05993, 62.6108 ], [ 17.97693, 62.56451 ], [ 17.91122, 62.58709 ], [ 17.90569, 62.54832 ], [ 17.8794, 62.51106 ], [ 17.81715, 62.49111 ], [ 17.73276, 62.50843 ], [ 17.68158, 62.49337 ], [ 17.65668, 62.46288 ], [ 17.73553, 62.41056 ], [ 17.72516, 62.39777 ] ], [ [ 14.63814, 62.75684 ], [ 14.64368, 62.72523 ], [ 14.79032, 62.73087 ], [ 14.77787, 62.74367 ], [ 14.69555, 62.76324 ], [ 14.63814, 62.75684 ] ] ] ] } },
{ "type": "Feature", "properties": { "ID": "a072000000poD3EAAU", "COUNTY_COUNCIL__C": "Västmanland", "PAYS__C": "Suède" }, "geometry": { "type": "MultiPolygon", "coordinates": [ [ [ [ 15.897710918662291, 59.22556090725412 ], [ 15.769748311988831, 59.194320622934356 ], [ 15.792574074260312, 59.222173406544748 ], [ 15.722713407914259, 59.219915072738502 ], [ 15.699195955876975, 59.263952581960339 ], [ 15.61757656351228, 59.283901197248859 ], [ 15.638327256486356, 59.329444262341525 ], [ 15.606509527259441, 59.368965103950863 ], [ 15.637635566720553, 59.401334555173747 ], [ 15.734472133932902, 59.40472205588312 ], [ 15.71717988978784, 59.471719292135148 ], [ 15.720638338616851, 59.516509579292396 ], [ 15.710954681895618, 59.521026246904889 ], [ 15.674295124308085, 59.528554026259052 ], [ 15.632102048594133, 59.513874856518441 ], [ 15.618268253278082, 59.621145712315219 ], [ 15.519356616768325, 59.626791546830837 ], [ 15.52904027348956, 59.685884614760987 ], [ 15.555324484590056, 59.691154060308904 ], [ 15.550482656229438, 59.72691101224116 ], [ 15.506906200983881, 59.788638802945272 ], [ 15.435662155106222, 59.786004080171317 ], [ 15.457796227611903, 59.818373531394201 ], [ 15.426670188150791, 59.848861037778548 ], [ 15.457796227611903, 59.885747156613931 ], [ 15.491689026136225, 59.895909658742049 ], [ 15.495839164731041, 59.932042999642015 ], [ 15.529731963255362, 59.951238836995117 ], [ 15.685362160560924, 59.92940827686806 ], [ 15.725480166977469, 59.966670784671152 ], [ 15.701962714940185, 60.006568015248192 ], [ 15.727555236274878, 60.016354128408601 ], [ 15.69781257634537, 60.037808299567956 ], [ 15.730321995338088, 60.066037472146057 ], [ 15.726863546509076, 60.092761088853322 ], [ 15.760756345033396, 60.111956926206432 ], [ 15.798107592386732, 60.171802772071999 ], [ 15.863126430372168, 60.160134714073052 ], [ 15.926070199060195, 60.162016658911597 ], [ 15.942670753439455, 60.176319439684498 ], [ 16.024290145804152, 60.174061105878252 ], [ 16.055416185265262, 60.139056931881406 ], [ 16.09138405308699, 60.140186098784532 ], [ 16.15709458083823, 60.119484705560588 ], [ 16.161936409198848, 60.079211086015839 ], [ 16.189603999830947, 60.070930528726258 ], [ 16.325175193928239, 60.070177750790847 ], [ 16.396419239805894, 60.076952752209586 ], [ 16.428928658798611, 60.113838871044969 ], [ 16.535448882732197, 60.130023596656414 ], [ 16.549282678048247, 60.170673605168879 ], [ 16.656494591747634, 60.178201384523035 ], [ 16.709754703714424, 60.188363886651153 ], [ 16.740189053409736, 60.157499991299098 ], [ 16.743647502238748, 60.121743039366841 ], [ 16.709754703714424, 60.10292359098144 ], [ 16.704912875353809, 60.057756914856483 ], [ 16.723588499030477, 60.049476357566903 ], [ 16.740189053409736, 59.97344578608989 ], [ 16.797599303971342, 59.943334668673252 ], [ 16.804516201629369, 59.87144437584103 ], [ 16.823191825306036, 59.858270761971248 ], [ 16.810049719755789, 59.808587418233792 ], [ 16.73327215575171, 59.770948521462998 ], [ 16.780998749592083, 59.740461015078651 ], [ 16.783765508655293, 59.709220730758886 ], [ 16.841175759216902, 59.674592945729749 ], [ 16.915186564157768, 59.545867918773617 ], [ 16.971213435187771, 59.511240133744479 ], [ 16.955996260340115, 59.483763739101803 ], [ 16.886135593994062, 59.473224848005977 ], [ 16.831492102495666, 59.494302630197623 ], [ 16.751947779428377, 59.492420685359086 ], [ 16.708371324182821, 59.482258183230968 ], [ 16.646810935026398, 59.480752627360133 ], [ 16.489105668423427, 59.458545678265367 ], [ 16.269148322898232, 59.44800678716954 ], [ 16.260156355942801, 59.447630398201831 ], [ 16.256697907113789, 59.402840111044583 ], [ 16.270531702429839, 59.353533156274835 ], [ 16.184070481704527, 59.342241487243598 ], [ 16.077550257770941, 59.343370654146725 ], [ 16.049190977373041, 59.36068454666129 ], [ 15.997314244937851, 59.354662323177962 ], [ 15.946129202268466, 59.335090096857144 ], [ 15.88318543358044, 59.274491473056159 ], [ 15.897710918662291, 59.22556090725412 ] ] ] ] } },
{ "type": "Feature", "properties": { "ID": "a072000000poD3JAAU", "COUNTY_COUNCIL__C": "Västra Götaland", "PAYS__C": "Suède" }, "geometry": { "type": "MultiPolygon", "coordinates": [ [ [ [ 11.527614978322104, 57.961646753690701 ], [ 11.544215532701363, 57.994392593881294 ], [ 11.507555975113831, 58.014717598137523 ], [ 11.511706113708646, 58.054991217682279 ], [ 11.567041294972846, 58.063648163939561 ], [ 11.587100298181118, 58.051603716972906 ], [ 11.645202238508528, 58.062518997036442 ], [ 11.659727723590381, 58.087737057872879 ], [ 11.701920799304332, 58.093759281356206 ], [ 11.695003901646308, 58.112955118709309 ], [ 11.628601684129269, 58.129892622256172 ], [ 11.594708885604947, 58.128387066385336 ], [ 11.555974258720006, 58.085478724066625 ], [ 11.410027718135678, 58.139678735416581 ], [ 11.417636305559506, 58.178070410122793 ], [ 11.448070655254815, 58.176564854251957 ], [ 11.493722179797782, 58.201406526120685 ], [ 11.544215532701363, 58.210816250313385 ], [ 11.610617750218402, 58.242809312568568 ], [ 11.612001129750009, 58.242809312568568 ], [ 11.679095037032852, 58.242809312568568 ], [ 11.689470383519888, 58.295503768047688 ], [ 11.740655426189273, 58.302278769466426 ], [ 11.782156812137423, 58.257488482309178 ], [ 11.84233382176224, 58.233775977343576 ], [ 11.849942409186069, 58.166778741091555 ], [ 11.799449056282485, 58.133656511933253 ], [ 11.735813597828656, 58.116342619418681 ], [ 11.702612489070136, 58.093006503420789 ], [ 11.754489221505324, 58.072305110196851 ], [ 11.75656429080273, 58.00606065188024 ], [ 11.686703624456678, 57.969174533044857 ], [ 11.648660687337541, 57.962399531626119 ], [ 11.5822584698205, 57.932664803177182 ], [ 11.527614978322104, 57.961646753690701 ] ] ], [ [ [ 11.993122190707185, 57.558910558243156 ], [ 11.926719973190146, 57.548748056115038 ], [ 11.919803075532121, 57.625531405527468 ], [ 11.881068448647181, 57.611605013722269 ], [ 11.836800303635821, 57.65865363468577 ], [ 11.827808336680388, 57.692528641779489 ], [ 11.751722462442114, 57.686506418296162 ], [ 11.701229109538531, 57.708336978423226 ], [ 11.71506290485458, 57.736189762033618 ], [ 11.802907505111499, 57.753880043515892 ], [ 11.816049610661745, 57.780603660223157 ], [ 11.743422185252482, 57.796788385834603 ], [ 11.726821630873223, 57.824264780477286 ], [ 11.674944898438035, 57.853623119958506 ], [ 11.75656429080273, 57.90405924163138 ], [ 11.745497254549891, 57.939439804595928 ], [ 11.76486456799236, 57.969550922012566 ], [ 11.813282851598535, 57.989875926268802 ], [ 11.813974541364338, 58.075316221938515 ], [ 11.831266785509401, 58.09263011445308 ], [ 11.840950442230636, 58.143442625093655 ], [ 11.863084514736315, 58.156992627931146 ], [ 11.856859306844093, 58.194631524701947 ], [ 11.895593933729034, 58.200653748185275 ], [ 11.847175650122859, 58.269156540308124 ], [ 11.813282851598535, 58.289481544564353 ], [ 11.815357920895943, 58.315828772303917 ], [ 11.765556257758163, 58.33803572139869 ], [ 11.727513320639027, 58.315452383336208 ], [ 11.677019967735443, 58.310935715723716 ], [ 11.670103070077419, 58.274049596888332 ], [ 11.586408608415315, 58.257488482309178 ], [ 11.564274535909636, 58.23791625598836 ], [ 11.505480905816423, 58.245820424310232 ], [ 11.479196694715929, 58.23678708908524 ], [ 11.469513037994693, 58.206299582700893 ], [ 11.415561236262098, 58.198019025411313 ], [ 11.431470100875556, 58.242809312568568 ], [ 11.508247664879633, 58.260123205083133 ], [ 11.536606945277535, 58.30943015985288 ], [ 11.571191433567661, 58.329002386173698 ], [ 11.630676753426675, 58.382826008555938 ], [ 11.627909994363465, 58.400139901070503 ], [ 11.699154040241122, 58.428369073648604 ], [ 11.600934093497168, 58.413689903907994 ], [ 11.572574813099266, 58.476546861515224 ], [ 11.584333539117909, 58.413313514940285 ], [ 11.559432707549018, 58.382826008555938 ], [ 11.574649882396674, 58.364382949138246 ], [ 11.518623011366671, 58.30528988120809 ], [ 11.477121625418521, 58.279695431403951 ], [ 11.39965237164864, 58.316581550239334 ], [ 11.405877579540864, 58.347821834559092 ], [ 11.357459295934689, 58.348574612494509 ], [ 11.463287830102471, 58.45471630138816 ], [ 11.387893645629999, 58.393741288619466 ], [ 11.338783672258021, 58.363630171202828 ], [ 11.302815804436291, 58.373416284363238 ], [ 11.266847936614562, 58.351585724236173 ], [ 11.220504722305794, 58.409173236295494 ], [ 11.261314418488141, 58.445306577195467 ], [ 11.314574530454934, 58.468266304225651 ], [ 11.317341289518144, 58.482192696030843 ], [ 11.250939072001104, 58.523595482478726 ], [ 11.234338517621843, 58.548437154347454 ], [ 11.276531593335797, 58.585699662150546 ], [ 11.281373421696413, 58.607906611245312 ], [ 11.250939072001104, 58.683937182722325 ], [ 11.216354583710979, 58.70953163252647 ], [ 11.174853197762829, 58.717435800848335 ], [ 11.238488656216658, 58.834116380837813 ], [ 11.190762062376287, 58.828846935289903 ], [ 11.142343778770112, 58.849171939546132 ], [ 11.116751257435419, 58.878530279027359 ], [ 11.110526049543196, 58.920309454442943 ], [ 11.167936300104804, 58.936494180054389 ], [ 11.117442947201221, 58.968110853341855 ], [ 11.144418848067518, 58.988059468630382 ], [ 11.127126603922457, 59.022687253659512 ], [ 11.174853197762829, 59.066348373913641 ], [ 11.228804999495424, 59.091566434750078 ], [ 11.347083949447651, 59.113020605909433 ], [ 11.377518299142961, 59.097212269265697 ], [ 11.408644338604073, 59.044894202754286 ], [ 11.452220793849632, 59.011395584628275 ], [ 11.470896417526298, 58.935741402118971 ], [ 11.464671209634076, 58.890198337026305 ], [ 11.535915255511734, 58.886058058381515 ], [ 11.653502515698158, 58.907135840573162 ], [ 11.694312211880506, 58.954937239472081 ], [ 11.703995868601741, 59.02344003159493 ], [ 11.776623294011003, 59.087049767137579 ], [ 11.782156812137423, 59.137109499842744 ], [ 11.772473155416188, 59.1773831193875 ], [ 11.782848501903226, 59.209376181642675 ], [ 11.820891439022363, 59.234594242479112 ], [ 11.840258752464834, 59.226690074157247 ], [ 11.895593933729034, 59.216903960996838 ], [ 11.993813880472988, 59.213892849255174 ], [ 12.083733550027313, 59.169478951065628 ], [ 12.096183965811758, 59.192815067063528 ], [ 12.082350170495708, 59.250778968090557 ], [ 12.137685351759908, 59.240616465962439 ], [ 12.241438816630282, 59.251531746025975 ], [ 12.251122473351517, 59.211258126481219 ], [ 12.275331615154606, 59.181147009064581 ], [ 12.349342420095471, 59.167597006227091 ], [ 12.424736604567945, 59.185663676677073 ], [ 12.459321092858069, 59.187545621515611 ], [ 12.464162921218687, 59.12468866390838 ], [ 12.553390901007209, 59.120924774231298 ], [ 12.628785085479683, 59.138615055713579 ], [ 12.630860154777089, 59.170608117968754 ], [ 12.70279589042055, 59.165338672420845 ], [ 12.754672622855736, 59.127699775650044 ], [ 12.776115005595614, 59.025321976433474 ], [ 12.839058774283641, 58.979026133405391 ], [ 12.872259883042162, 58.904124728831498 ], [ 12.900619163440064, 58.806263597227421 ], [ 12.982238555804759, 58.792713594389937 ], [ 13.219488145475015, 58.737760805104571 ], [ 13.258222772359955, 58.717435800848335 ], [ 13.420078177557741, 58.734749693362907 ], [ 13.428378454747371, 58.739642749943108 ], [ 13.347450752148479, 58.798735817873265 ], [ 13.404861002710085, 58.905630284702333 ], [ 13.422844936620951, 58.951549738762708 ], [ 13.501005880156633, 59.000856693532455 ], [ 13.596459067837378, 59.050540037269904 ], [ 13.605451034792811, 59.050916426237613 ], [ 13.729263502871458, 59.043765035851166 ], [ 13.828175139381216, 59.030215033013675 ], [ 13.943687330270233, 59.022310864691811 ], [ 14.040523897482583, 59.022310864691811 ], [ 14.054357692798632, 59.041130313077204 ], [ 14.15050257024518, 59.045270591721994 ], [ 14.178861850643083, 59.033226144755339 ], [ 14.29714080059531, 59.006878917015783 ], [ 14.293682351766297, 58.975262243728309 ], [ 14.29160728246889, 58.934612235215845 ], [ 14.324116701461607, 58.895467782574215 ], [ 14.389135539447041, 58.871378888640905 ], [ 14.368384846472967, 58.839009437418021 ], [ 14.419569889142352, 58.791584427486811 ], [ 14.420261578908153, 58.787067759874319 ], [ 14.47421338064075, 58.775776090843074 ], [ 14.483205347596181, 58.722328857428543 ], [ 14.593875710124582, 58.677538570271295 ], [ 14.627076818883101, 58.687701072399406 ], [ 14.620851610990879, 58.727974691944162 ], [ 14.69832086476076, 58.731362192653535 ], [ 14.705237762418784, 58.68657190549628 ], [ 14.782015326422862, 58.640276062468203 ], [ 14.737055491645698, 58.593227441504702 ], [ 14.696245795463351, 58.519455203833935 ], [ 14.629151888180509, 58.449070466872541 ], [ 14.582808673871742, 58.415571848746531 ], [ 14.546149116284209, 58.373416284363238 ], [ 14.524706733544331, 58.350080168365345 ], [ 14.502572661038652, 58.326367663399736 ], [ 14.413344681250129, 58.182963466702994 ], [ 14.372534985067782, 58.172048186639465 ], [ 14.311666285677163, 58.124246787740553 ], [ 14.16710312462444, 58.1219884539343 ], [ 14.130443567036908, 58.138549568513454 ], [ 14.11730146148666, 58.061389830133315 ], [ 14.07026655741209, 58.036548158264587 ], [ 14.0730333164753, 58.018481487814604 ], [ 13.965821402775912, 58.000038428396913 ], [ 13.943687330270233, 58.030525934781259 ], [ 13.89042721830344, 58.041441214844795 ], [ 13.831633588210227, 58.038430103103131 ], [ 13.786673753433066, 58.049721772134369 ], [ 13.778373476243434, 57.999662039429204 ], [ 13.72165491544763, 57.983477313817765 ], [ 13.732030261934668, 57.925137023823027 ], [ 13.765231370693188, 57.931535636274063 ], [ 13.795665720388499, 57.901424518857425 ], [ 13.738947159592692, 57.840073117121023 ], [ 13.752780954908744, 57.759525878031511 ], [ 13.723038294979235, 57.7354369840982 ], [ 13.704362671302569, 57.698550865262817 ], [ 13.728571813105656, 57.654513356040979 ], [ 13.66908649324664, 57.610852235786858 ], [ 13.696062394112937, 57.553641112695239 ], [ 13.67462001137306, 57.529928607729637 ], [ 13.604759345027007, 57.49944110134529 ], [ 13.586083721350342, 57.462178593542198 ], [ 13.542507266104783, 57.423786918835987 ], [ 13.510689536877868, 57.41324802774016 ], [ 13.477488428119347, 57.366199406776666 ], [ 13.440137180766014, 57.341734123875646 ], [ 13.391027207394036, 57.334582733489192 ], [ 13.36197623723033, 57.310493839555882 ], [ 13.289348811821068, 57.297696614653809 ], [ 13.27343994720761, 57.246884104013233 ], [ 13.214646317114399, 57.248389659884062 ], [ 13.162077894913409, 57.173111866342467 ], [ 13.101900885288591, 57.138107692345621 ], [ 13.033423598474144, 57.14789380550603 ], [ 13.036882047303155, 57.174993811181004 ], [ 12.921369856414138, 57.168595198729967 ], [ 12.921369856414138, 57.213761874854931 ], [ 12.951112516343647, 57.22881743356325 ], [ 12.919986476882533, 57.263068829624672 ], [ 12.836292015220431, 57.263068829624672 ], [ 12.813466252948949, 57.293179947041317 ], [ 12.760206140982156, 57.267585497237171 ], [ 12.746372345666106, 57.293932724976727 ], [ 12.697954062059932, 57.327054954135036 ], [ 12.631551844542892, 57.322914675490246 ], [ 12.61979311852425, 57.340228568004811 ], [ 12.541632174988568, 57.313128562329837 ], [ 12.522264861546097, 57.284899389751736 ], [ 12.450329125902638, 57.271349386914252 ], [ 12.424044914802142, 57.315010507168381 ], [ 12.385310287917202, 57.3394757900694 ], [ 12.39291887534103, 57.34474523561731 ], [ 12.410902809251894, 57.377491075807903 ], [ 12.408136050188684, 57.431314698190143 ], [ 12.347267350798065, 57.441100811350552 ], [ 12.349342420095471, 57.473093873605734 ], [ 12.320983139697569, 57.525411940117145 ], [ 12.342425522437447, 57.544984166437956 ], [ 12.329283416887201, 57.566814726565021 ], [ 12.281556823046827, 57.590903620498331 ], [ 12.187487014897687, 57.557781391340029 ], [ 12.096183965811758, 57.55213555682441 ], [ 12.015256263212866, 57.537832776051509 ], [ 11.993122190707185, 57.558910558243156 ] ] ], [ [ [ 10.992247099590969, 58.915040008895033 ], [ 11.062799455702825, 58.871378888640905 ], [ 11.042740452494552, 58.864227498254451 ], [ 10.982563442869735, 58.886810836316933 ], [ 10.992247099590969, 58.915040008895033 ] ] ] ] } }
]
}
