{
"type": "FeatureCollection",
"name": "group_TPEspagne",
"crs": { "type": "name", "properties": { "name": "urn:ogc:def:crs:OGC:1.3:CRS84" } },
"features": [
{ "type": "Feature", "properties": { "OWNERID__R.NAME": "Antonio Pinilla Gallego", "OWNERID__R.MANAGER.NAME": "Gilles San Pedro", "OWNERID__R.DIVISION": "ESPAGNE", "PAYS__C": "Espagne" }, "geometry": { "type": "MultiPolygon", "coordinates": [ [ [ [ -5.530964, 40.19472 ], [ -5.599027, 40.21682 ], [ -5.61004, 40.21548 ], [ -5.624009, 40.24706 ], [ -5.648852, 40.24958 ], [ -5.656503, 40.26994 ], [ -5.692662, 40.29211 ], [ -5.737562, 40.29412 ], [ -5.714319, 40.32531 ], [ -5.690074, 40.33774 ], [ -5.673031, 40.34853 ], [ -5.686359, 40.35537 ], [ -5.678428, 40.38671 ], [ -5.691189, 40.42199 ], [ -5.643723, 40.44627 ], [ -5.622764, 40.46576 ], [ -5.589799, 40.46725 ], [ -5.560924, 40.4771 ], [ -5.56013, 40.46676 ], [ -5.573156, 40.44808 ], [ -5.544753, 40.4231 ], [ -5.51111, 40.42803 ], [ -5.520173, 40.4485 ], [ -5.500397, 40.45891 ], [ -5.465547, 40.46591 ], [ -5.461802, 40.4851 ], [ -5.461954, 40.49119 ], [ -5.450324, 40.4975 ], [ -5.43345, 40.53297 ], [ -5.431077, 40.56723 ], [ -5.508167, 40.54879 ], [ -5.516793, 40.5773 ], [ -5.510076, 40.59037 ], [ -5.483639, 40.58161 ], [ -5.454949, 40.57919 ], [ -5.432811, 40.59181 ], [ -5.414346, 40.60977 ], [ -5.408619, 40.60893 ], [ -5.396775, 40.6142 ], [ -5.381747, 40.63069 ], [ -5.371934, 40.64774 ], [ -5.387, 40.66928 ], [ -5.368499, 40.68098 ], [ -5.340825, 40.68709 ], [ -5.334839, 40.7007 ], [ -5.307616, 40.7058 ], [ -5.253798, 40.73428 ], [ -5.255051, 40.73946 ], [ -5.214437, 40.75783 ], [ -5.218992, 40.77297 ], [ -5.178276, 40.79639 ], [ -5.17763, 40.80527 ], [ -5.157471, 40.82411 ], [ -5.168709, 40.84039 ], [ -5.16337, 40.86549 ], [ -5.163809, 40.86838 ], [ -5.138852, 40.89372 ], [ -5.115527, 40.90229 ], [ -5.111216, 40.91493 ], [ -5.128171, 40.94858 ], [ -5.098069, 40.97715 ], [ -5.092022, 41.00693 ], [ -5.106605, 41.0295 ], [ -5.140792, 41.03725 ], [ -5.146543, 41.04364 ], [ -5.152265, 41.08193 ], [ -5.129166, 41.10538 ], [ -5.124929, 41.13205 ], [ -5.13617, 41.14401 ], [ -5.185063, 41.16672 ], [ -5.21822, 41.15959 ], [ -5.229257, 41.18984 ], [ -5.252968, 41.19977 ], [ -5.288467, 41.19562 ], [ -5.288744, 41.18199 ], [ -5.33135, 41.17854 ], [ -5.340297, 41.19411 ], [ -5.29637, 41.22723 ], [ -5.30152, 41.26282 ], [ -5.291741, 41.26919 ], [ -5.305488, 41.31821 ], [ -5.32212, 41.32633 ], [ -5.333494, 41.36479 ], [ -5.333041, 41.38154 ], [ -5.307537, 41.41405 ], [ -5.339238, 41.4256 ], [ -5.324791, 41.45534 ], [ -5.34187, 41.47416 ], [ -5.310972, 41.4903 ], [ -5.301736, 41.49908 ], [ -5.253932, 41.5097 ], [ -5.230112, 41.52717 ], [ -5.247786, 41.54677 ], [ -5.274108, 41.5531 ], [ -5.293073, 41.57437 ], [ -5.270538, 41.60114 ], [ -5.328894, 41.61592 ], [ -5.319512, 41.63677 ], [ -5.323618, 41.64913 ], [ -5.324086, 41.65048 ], [ -5.327354, 41.68053 ], [ -5.340822, 41.69911 ], [ -5.375196, 41.71979 ], [ -5.390743, 41.75751 ], [ -5.365059, 41.77935 ], [ -5.349497, 41.78087 ], [ -5.33356, 41.78934 ], [ -5.314009, 41.79381 ], [ -5.276815, 41.82289 ], [ -5.32955, 41.83114 ], [ -5.305336, 41.86709 ], [ -5.311477, 41.88268 ], [ -5.300517, 41.90705 ], [ -5.293733, 41.91994 ], [ -5.335215, 41.93747 ], [ -5.305664, 41.95355 ], [ -5.288824, 41.97149 ], [ -5.272947, 41.98011 ], [ -5.254609, 41.98033 ], [ -5.254679, 41.98165 ], [ -5.260505, 41.98461 ], [ -5.280649, 41.9788 ], [ -5.301777, 41.99133 ], [ -5.323314, 42.01887 ], [ -5.348946, 42.02259 ], [ -5.376294, 42.04147 ], [ -5.374437, 42.06813 ], [ -5.3816, 42.09645 ], [ -5.377596, 42.11289 ], [ -5.371524, 42.13006 ], [ -5.381153, 42.15068 ], [ -5.388875, 42.17254 ], [ -5.388988, 42.21794 ], [ -5.345755, 42.21975 ], [ -5.311567, 42.19957 ], [ -5.296987, 42.22536 ], [ -5.257147, 42.21076 ], [ -5.234044, 42.21895 ], [ -5.227765, 42.2299 ], [ -5.254001, 42.23978 ], [ -5.244687, 42.26387 ], [ -5.213145, 42.27613 ], [ -5.18272, 42.26421 ], [ -5.144316, 42.28155 ], [ -5.112002, 42.31184 ], [ -5.109587, 42.31183 ], [ -5.093754, 42.30929 ], [ -5.054809, 42.25752 ], [ -5.041604, 42.26756 ], [ -5.03835, 42.29713 ], [ -5.002141, 42.28913 ], [ -5.00866, 42.26146 ], [ -5.010341, 42.22812 ], [ -5.024667, 42.21989 ], [ -5.012394, 42.18976 ], [ -5.029858, 42.17394 ], [ -5.026966, 42.15391 ], [ -4.98125, 42.14685 ], [ -4.927498, 42.15022 ], [ -4.928993, 42.13051 ], [ -4.917825, 42.09079 ], [ -4.904177, 42.07839 ], [ -4.927747, 42.0735 ], [ -4.9497, 42.05102 ], [ -4.938131, 42.01988 ], [ -4.936006, 42.01792 ], [ -4.951009, 42.01207 ], [ -4.975494, 41.99355 ], [ -4.976109, 41.97361 ], [ -5.005104, 41.94723 ], [ -4.983683, 41.91003 ], [ -4.949587, 41.93383 ], [ -4.910356, 41.91828 ], [ -4.889777, 41.93278 ], [ -4.867696, 41.9176 ], [ -4.855941, 41.91559 ], [ -4.833675, 41.88883 ], [ -4.789248, 41.81802 ], [ -4.758421, 41.82579 ], [ -4.72644, 41.85452 ], [ -4.728247, 41.86883 ], [ -4.720502, 41.87261 ], [ -4.678378, 41.89987 ], [ -4.658431, 41.89681 ], [ -4.637305, 41.88811 ], [ -4.631984, 41.86277 ], [ -4.618078, 41.85123 ], [ -4.59105, 41.83681 ], [ -4.566083, 41.81257 ], [ -4.53824, 41.82932 ], [ -4.520959, 41.82318 ], [ -4.491884, 41.83841 ], [ -4.473335, 41.83205 ], [ -4.461148, 41.82036 ], [ -4.487341, 41.8201 ], [ -4.501183, 41.77141 ], [ -4.454238, 41.75917 ], [ -4.442186, 41.75865 ], [ -4.403963, 41.78317 ], [ -4.329457, 41.76886 ], [ -4.31764, 41.76344 ], [ -4.28658, 41.77488 ], [ -4.260234, 41.80526 ], [ -4.236025, 41.81397 ], [ -4.232927, 41.80812 ], [ -4.215118, 41.79958 ], [ -4.186005, 41.8024 ], [ -4.135716, 41.80326 ], [ -4.123195, 41.80731 ], [ -4.117897, 41.80027 ], [ -4.089093, 41.77963 ], [ -4.040877, 41.76835 ], [ -4.038901, 41.7727 ], [ -4.037998, 41.78985 ], [ -4.090067, 41.83086 ], [ -4.079319, 41.84845 ], [ -4.088825, 41.87065 ], [ -4.066328, 41.87648 ], [ -4.047423, 41.87375 ], [ -4.035217, 41.87379 ], [ -3.9807, 41.90062 ], [ -3.983136, 41.9133 ], [ -3.98134, 41.9307 ], [ -3.952183, 41.93531 ], [ -3.936601, 41.95699 ], [ -3.892398, 41.95757 ], [ -3.891469, 41.99665 ], [ -3.9102, 41.99697 ], [ -3.990702, 41.95975 ], [ -4.019604, 41.95836 ], [ -4.029092, 41.97656 ], [ -4.014775, 41.99859 ], [ -3.994778, 42.00541 ], [ -3.971074, 42.03322 ], [ -3.978251, 42.04202 ], [ -4.010904, 42.05152 ], [ -4.047884, 42.03905 ], [ -4.079887, 42.03678 ], [ -4.104106, 42.06163 ], [ -4.103036, 42.08704 ], [ -4.077486, 42.08268 ], [ -4.056207, 42.10091 ], [ -4.103779, 42.10969 ], [ -4.115209, 42.12479 ], [ -4.178316, 42.13076 ], [ -4.186898, 42.12642 ], [ -4.200554, 42.13203 ], [ -4.190579, 42.16532 ], [ -4.20584, 42.19245 ], [ -4.231439, 42.20845 ], [ -4.22693, 42.22956 ], [ -4.231433, 42.2561 ], [ -4.246423, 42.27849 ], [ -4.251886, 42.31 ], [ -4.276502, 42.36506 ], [ -4.272729, 42.38572 ], [ -4.321588, 42.3799 ], [ -4.330956, 42.39095 ], [ -4.335344, 42.43061 ], [ -4.317094, 42.45893 ], [ -4.309173, 42.45428 ], [ -4.242642, 42.45624 ], [ -4.242595, 42.45624 ], [ -4.246118, 42.49293 ], [ -4.272148, 42.51998 ], [ -4.277691, 42.54469 ], [ -4.302299, 42.56656 ], [ -4.270812, 42.58139 ], [ -4.292596, 42.60596 ], [ -4.269028, 42.62766 ], [ -4.271402, 42.63588 ], [ -4.237116, 42.66254 ], [ -4.166806, 42.66658 ], [ -4.147803, 42.67897 ], [ -4.154761, 42.7067 ], [ -4.182033, 42.71533 ], [ -4.191004, 42.72976 ], [ -4.164642, 42.74598 ], [ -4.127383, 42.75241 ], [ -4.109554, 42.73388 ], [ -4.08134, 42.76146 ], [ -4.045912, 42.76661 ], [ -4.003094, 42.76336 ], [ -3.978885, 42.75808 ], [ -3.946582, 42.76191 ], [ -3.902051, 42.78845 ], [ -3.894446, 42.80454 ], [ -3.864612, 42.78661 ], [ -3.829047, 42.79872 ], [ -3.816032, 42.81056 ], [ -3.816512, 42.83593 ], [ -3.833776, 42.85217 ], [ -3.825353, 42.86863 ], [ -3.861938, 42.88843 ], [ -3.852085, 42.91895 ], [ -3.829927, 42.92769 ], [ -3.854233, 42.94858 ], [ -3.887383, 42.94877 ], [ -3.891277, 42.92549 ], [ -3.941844, 42.90976 ], [ -3.972855, 42.91169 ], [ -3.989574, 42.93372 ], [ -3.974032, 42.9686 ], [ -3.945465, 43.00577 ], [ -3.909261, 43.0161 ], [ -3.878085, 43.04243 ], [ -3.874582, 43.04349 ], [ -3.851115, 43.03909 ], [ -3.833725, 43.06318 ], [ -3.847458, 43.07301 ], [ -3.846961, 43.0844 ], [ -3.810208, 43.08665 ], [ -3.790281, 43.07813 ], [ -3.760558, 43.08352 ], [ -3.755982, 43.09911 ], [ -3.719249, 43.10835 ], [ -3.702927, 43.11809 ], [ -3.676622, 43.15508 ], [ -3.655162, 43.17157 ], [ -3.630312, 43.17288 ], [ -3.585584, 43.1545 ], [ -3.53703, 43.14539 ], [ -3.508439, 43.13658 ], [ -3.474542, 43.13655 ], [ -3.417646, 43.13343 ], [ -3.412991, 43.13414 ], [ -3.383734, 43.14329 ], [ -3.359207, 43.15226 ], [ -3.34197, 43.16684 ], [ -3.302736, 43.17849 ], [ -3.285943, 43.18692 ], [ -3.276879, 43.19433 ], [ -3.253043, 43.19827 ], [ -3.223498, 43.17225 ], [ -3.179567, 43.17429 ], [ -3.156094, 43.1772 ], [ -3.148419, 43.17401 ], [ -3.141351, 43.16154 ], [ -3.161848, 43.15426 ], [ -3.171198, 43.13154 ], [ -3.169659, 43.10959 ], [ -3.133941, 43.09723 ], [ -3.154283, 43.07134 ], [ -3.153898, 43.07119 ], [ -3.140186, 43.06245 ], [ -3.147677, 43.0345 ], [ -3.177802, 43.02198 ], [ -3.141835, 43.00723 ], [ -3.089418, 43.00175 ], [ -3.066786, 43.00414 ], [ -3.036957, 42.98223 ], [ -3.041475, 42.96992 ], [ -2.99608, 42.95287 ], [ -2.981357, 42.93898 ], [ -3.016225, 42.91055 ], [ -3.090134, 42.89902 ], [ -3.126531, 42.90406 ], [ -3.150834, 42.91919 ], [ -3.144732, 42.93468 ], [ -3.221481, 42.94916 ], [ -3.248545, 42.91215 ], [ -3.277239, 42.90158 ], [ -3.286767, 42.88515 ], [ -3.282609, 42.87551 ], [ -3.21697, 42.82652 ], [ -3.159229, 42.80459 ], [ -3.123301, 42.78933 ], [ -3.13121, 42.75809 ], [ -3.098997, 42.76689 ], [ -3.060442, 42.762 ], [ -3.040242, 42.7383 ], [ -3.006217, 42.73309 ], [ -2.987007, 42.70885 ], [ -2.930346, 42.70084 ], [ -2.919976, 42.69919 ], [ -2.905155, 42.69396 ], [ -2.897093, 42.67695 ], [ -2.899586, 42.6735 ], [ -2.888384, 42.64879 ], [ -2.856385, 42.63746 ], [ -2.894736, 42.62766 ], [ -2.904435, 42.62016 ], [ -2.933868, 42.63473 ], [ -2.972826, 42.64022 ], [ -3.004756, 42.64426 ], [ -3.018013, 42.63218 ], [ -3.040788, 42.64005 ], [ -3.084152, 42.64069 ], [ -3.078191, 42.62373 ], [ -3.05983, 42.58919 ], [ -3.086196, 42.58221 ], [ -3.088283, 42.56711 ], [ -3.134271, 42.54205 ], [ -3.107456, 42.52877 ], [ -3.084159, 42.53532 ], [ -3.076092, 42.52019 ], [ -3.090422, 42.47788 ], [ -3.064209, 42.47095 ], [ -3.046004, 42.44515 ], [ -3.063299, 42.42491 ], [ -3.053143, 42.37342 ], [ -3.057694, 42.37012 ], [ -3.064414, 42.37334 ], [ -3.082652, 42.39738 ], [ -3.104397, 42.38541 ], [ -3.070811, 42.36947 ], [ -3.066945, 42.35504 ], [ -3.109256, 42.35188 ], [ -3.095863, 42.32691 ], [ -3.102618, 42.30895 ], [ -3.089621, 42.27305 ], [ -3.088589, 42.24573 ], [ -3.102483, 42.23223 ], [ -3.101466, 42.21715 ], [ -3.128864, 42.20094 ], [ -3.114967, 42.1788 ], [ -3.089815, 42.15935 ], [ -3.083814, 42.13346 ], [ -3.066172, 42.13332 ], [ -3.034373, 42.08596 ], [ -2.960874, 42.08429 ], [ -2.935333, 42.08941 ], [ -2.913624, 42.02285 ], [ -2.87846, 42.0114 ], [ -2.87672, 42.01187 ], [ -2.856779, 42.02885 ], [ -2.797986, 42.04684 ], [ -2.801569, 42.0834 ], [ -2.791608, 42.10875 ], [ -2.774851, 42.12354 ], [ -2.73843, 42.12482 ], [ -2.706723, 42.10567 ], [ -2.708421, 42.08629 ], [ -2.757584, 42.03262 ], [ -2.748353, 42.0115 ], [ -2.705136, 42.01514 ], [ -2.673581, 41.99806 ], [ -2.659789, 42.00536 ], [ -2.626635, 42.0065 ], [ -2.579909, 41.99626 ], [ -2.552033, 42.0456 ], [ -2.51488, 42.06886 ], [ -2.518256, 42.09077 ], [ -2.514676, 42.11454 ], [ -2.508512, 42.11544 ], [ -2.484369, 42.10635 ], [ -2.458615, 42.11532 ], [ -2.438461, 42.13727 ], [ -2.4014, 42.13958 ], [ -2.318205, 42.14518 ], [ -2.28216, 42.1317 ], [ -2.269589, 42.08855 ], [ -2.22408, 42.09815 ], [ -2.148111, 42.10445 ], [ -2.127239, 42.08046 ], [ -2.161913, 42.06673 ], [ -2.150752, 42.04549 ], [ -2.117008, 42.02151 ], [ -2.107632, 42.00277 ], [ -2.112107, 41.99702 ], [ -2.115144, 41.96609 ], [ -2.076215, 41.95088 ], [ -2.051252, 41.95087 ], [ -2.028314, 41.95339 ], [ -1.98209, 41.91926 ], [ -1.947363, 41.92573 ], [ -1.906665, 41.94559 ], [ -1.899795, 41.94654 ], [ -1.877515, 41.95249 ], [ -1.856541, 41.9664 ], [ -1.857281, 41.90952 ], [ -1.84964, 41.90085 ], [ -1.839969, 41.87748 ], [ -1.839984, 41.87529 ], [ -1.832128, 41.86333 ], [ -1.820242, 41.86238 ], [ -1.819989, 41.86174 ], [ -1.818562, 41.82995 ], [ -1.852408, 41.78851 ], [ -1.825323, 41.77837 ], [ -1.802677, 41.75122 ], [ -1.80935, 41.73703 ], [ -1.775371, 41.72479 ], [ -1.786861, 41.69943 ], [ -1.809079, 41.68468 ], [ -1.813114, 41.66056 ], [ -1.858991, 41.66153 ], [ -1.873982, 41.63798 ], [ -1.897898, 41.63241 ], [ -1.907921, 41.6211 ], [ -1.9231, 41.59833 ], [ -1.984507, 41.60707 ], [ -1.993686, 41.57709 ], [ -1.967334, 41.54607 ], [ -1.978178, 41.52669 ], [ -1.981111, 41.48644 ], [ -1.969978, 41.48145 ], [ -1.953275, 41.46245 ], [ -1.94874, 41.42964 ], [ -1.936524, 41.4199 ], [ -1.937877, 41.40739 ], [ -1.953685, 41.40863 ], [ -2.025114, 41.3838 ], [ -2.034189, 41.38634 ], [ -2.035623, 41.42689 ], [ -2.10152, 41.44579 ], [ -2.116767, 41.42495 ], [ -2.119449, 41.39033 ], [ -2.097666, 41.37834 ], [ -2.104316, 41.34867 ], [ -2.131309, 41.32965 ], [ -2.132576, 41.26206 ], [ -2.119729, 41.26575 ], [ -2.088373, 41.23697 ], [ -2.073796, 41.23406 ], [ -2.070546, 41.19482 ], [ -2.079149, 41.17412 ], [ -2.079896, 41.17098 ], [ -2.051693, 41.14685 ], [ -2.050589, 41.1259 ], [ -2.065622, 41.09579 ], [ -2.056434, 41.06969 ], [ -2.117443, 41.10294 ], [ -2.135122, 41.11699 ], [ -2.143445, 41.10257 ], [ -2.173499, 41.08892 ], [ -2.222555, 41.09343 ], [ -2.240707, 41.08914 ], [ -2.263543, 41.06754 ], [ -2.293581, 41.07125 ], [ -2.323407, 41.05651 ], [ -2.355329, 41.08645 ], [ -2.40213, 41.06166 ], [ -2.420494, 41.06023 ], [ -2.442272, 41.0773 ], [ -2.463187, 41.07739 ], [ -2.469466, 41.07811 ], [ -2.482261, 41.11627 ], [ -2.511134, 41.12734 ], [ -2.517545, 41.14812 ], [ -2.542529, 41.15067 ], [ -2.575577, 41.13947 ], [ -2.594947, 41.1499 ], [ -2.577212, 41.17782 ], [ -2.602566, 41.18866 ], [ -2.619339, 41.18329 ], [ -2.591779, 41.20313 ], [ -2.589486, 41.22454 ], [ -2.616969, 41.21944 ], [ -2.654831, 41.24065 ], [ -2.668537, 41.23712 ], [ -2.709317, 41.25189 ], [ -2.716772, 41.27567 ], [ -2.760945, 41.27402 ], [ -2.777975, 41.25202 ], [ -2.828713, 41.26194 ], [ -2.866493, 41.27478 ], [ -2.875455, 41.32138 ], [ -2.906668, 41.32763 ], [ -2.934071, 41.31343 ], [ -2.94406, 41.29748 ], [ -3.005988, 41.2844 ], [ -3.018015, 41.28912 ], [ -3.061901, 41.27343 ], [ -3.108657, 41.28789 ], [ -3.164888, 41.29536 ], [ -3.178599, 41.29981 ], [ -3.207351, 41.30424 ], [ -3.238935, 41.28794 ], [ -3.244365, 41.27069 ], [ -3.275759, 41.27503 ], [ -3.290549, 41.25784 ], [ -3.325064, 41.26133 ], [ -3.33635, 41.25303 ], [ -3.369394, 41.26042 ], [ -3.394227, 41.25698 ], [ -3.415147, 41.2732 ], [ -3.410623, 41.25994 ], [ -3.402486, 41.21362 ], [ -3.378057, 41.19925 ], [ -3.362135, 41.14894 ], [ -3.366451, 41.12782 ], [ -3.355532, 41.11108 ], [ -3.352701, 41.0759 ], [ -3.361757, 41.05787 ], [ -3.382684, 41.05061 ], [ -3.381352, 41.03018 ], [ -3.407997, 41.01634 ], [ -3.3945, 41.00025 ], [ -3.418296, 40.98756 ], [ -3.421586, 40.96728 ], [ -3.448855, 40.92253 ], [ -3.456218, 40.89921 ], [ -3.44147, 40.88152 ], [ -3.472423, 40.86434 ], [ -3.476756, 40.82541 ], [ -3.493497, 40.79729 ], [ -3.502204, 40.79763 ], [ -3.504506, 40.78918 ], [ -3.498281, 40.78888 ], [ -3.47645, 40.78468 ], [ -3.44686, 40.76375 ], [ -3.445013, 40.74759 ], [ -3.451284, 40.73825 ], [ -3.448874, 40.7331 ], [ -3.43861, 40.73498 ], [ -3.442181, 40.72003 ], [ -3.468545, 40.68994 ], [ -3.447788, 40.67747 ], [ -3.404735, 40.66964 ], [ -3.383064, 40.68332 ], [ -3.36545, 40.65074 ], [ -3.33575, 40.6399 ], [ -3.316778, 40.65271 ], [ -3.314975, 40.64859 ], [ -3.32164, 40.61216 ], [ -3.330717, 40.60092 ], [ -3.316084, 40.58407 ], [ -3.286709, 40.57257 ], [ -3.289852, 40.53175 ], [ -3.256411, 40.54179 ], [ -3.231781, 40.53939 ], [ -3.200493, 40.51497 ], [ -3.201229, 40.49875 ], [ -3.195394, 40.47841 ], [ -3.198597, 40.44225 ], [ -3.155515, 40.43942 ], [ -3.142556, 40.41417 ], [ -3.130597, 40.40512 ], [ -3.150126, 40.37342 ], [ -3.143566, 40.35785 ], [ -3.151361, 40.33549 ], [ -3.182068, 40.30456 ], [ -3.18034, 40.30193 ], [ -3.183737, 40.26987 ], [ -3.197304, 40.25767 ], [ -3.19538, 40.24762 ], [ -3.173397, 40.23417 ], [ -3.153617, 40.26368 ], [ -3.112084, 40.28563 ], [ -3.109507, 40.28519 ], [ -3.07991, 40.22776 ], [ -3.08823, 40.20032 ], [ -3.067907, 40.15767 ], [ -3.089385, 40.16291 ], [ -3.096755, 40.14239 ], [ -3.072687, 40.12989 ], [ -3.053373, 40.09914 ], [ -3.088802, 40.07059 ], [ -3.11819, 40.06143 ], [ -3.161377, 40.06487 ], [ -3.163166, 40.08371 ], [ -3.188618, 40.0825 ], [ -3.210479, 40.06166 ], [ -3.273141, 40.04829 ], [ -3.286429, 40.05234 ], [ -3.292621, 40.05224 ], [ -3.327747, 40.07914 ], [ -3.345027, 40.08011 ], [ -3.377708, 40.07477 ], [ -3.374735, 40.05961 ], [ -3.394179, 40.03551 ], [ -3.425981, 40.04659 ], [ -3.47311, 40.04192 ], [ -3.510566, 40.04287 ], [ -3.515196, 40.04328 ], [ -3.517191, 40.03647 ], [ -3.519882, 40.02087 ], [ -3.550737, 40.0177 ], [ -3.591005, 40.01212 ], [ -3.615616, 39.99395 ], [ -3.618946, 39.99226 ], [ -3.631027, 39.96869 ], [ -3.665954, 39.96351 ], [ -3.687796, 39.95296 ], [ -3.711105, 39.95471 ], [ -3.74387, 39.9408 ], [ -3.756583, 39.92111 ], [ -3.778798, 39.91085 ], [ -3.804455, 39.88479 ], [ -3.810046, 39.88555 ], [ -3.814871, 39.88583 ], [ -3.834549, 39.89996 ], [ -3.873143, 39.90904 ], [ -3.867444, 39.93212 ], [ -3.827718, 39.94274 ], [ -3.821988, 39.94656 ], [ -3.769101, 39.95917 ], [ -3.762216, 39.94805 ], [ -3.739446, 39.96149 ], [ -3.746711, 39.97952 ], [ -3.723374, 39.99027 ], [ -3.715723, 40.00336 ], [ -3.705402, 40.01542 ], [ -3.667872, 40.02867 ], [ -3.636753, 40.04103 ], [ -3.622829, 40.05424 ], [ -3.603901, 40.09352 ], [ -3.606714, 40.10921 ], [ -3.616171, 40.11252 ], [ -3.656415, 40.1254 ], [ -3.667184, 40.14336 ], [ -3.683887, 40.1325 ], [ -3.712708, 40.14182 ], [ -3.717948, 40.1464 ], [ -3.742136, 40.13418 ], [ -3.771871, 40.13958 ], [ -3.800053, 40.17565 ], [ -3.806799, 40.1773 ], [ -3.840867, 40.1626 ], [ -3.853439, 40.1794 ], [ -3.876245, 40.19111 ], [ -3.884849, 40.1897 ], [ -3.925087, 40.20007 ], [ -3.938662, 40.2036 ], [ -3.949151, 40.19953 ], [ -3.956281, 40.19907 ], [ -3.952916, 40.21234 ], [ -3.991002, 40.20948 ], [ -4.026159, 40.23561 ], [ -4.023768, 40.24902 ], [ -4.046872, 40.2506 ], [ -4.068772, 40.23583 ], [ -4.080456, 40.26694 ], [ -4.104244, 40.2418 ], [ -4.14362, 40.24486 ], [ -4.144077, 40.26427 ], [ -4.172485, 40.2881 ], [ -4.203745, 40.28737 ], [ -4.226248, 40.26995 ], [ -4.23148, 40.27667 ], [ -4.250392, 40.27173 ], [ -4.269691, 40.23598 ], [ -4.280961, 40.22972 ], [ -4.295471, 40.21873 ], [ -4.348217, 40.23684 ], [ -4.356858, 40.27027 ], [ -4.356386, 40.30862 ], [ -4.379662, 40.31801 ], [ -4.393045, 40.28691 ], [ -4.435034, 40.2593 ], [ -4.437448, 40.23769 ], [ -4.473716, 40.23147 ], [ -4.517113, 40.21446 ], [ -4.522144, 40.2024 ], [ -4.550529, 40.20184 ], [ -4.579006, 40.2174 ], [ -4.616908, 40.20021 ], [ -4.653997, 40.19821 ], [ -4.679285, 40.20698 ], [ -4.687204, 40.24961 ], [ -4.701797, 40.25723 ], [ -4.698141, 40.28219 ], [ -4.72749, 40.27353 ], [ -4.761188, 40.26094 ], [ -4.804251, 40.27509 ], [ -4.817949, 40.25561 ], [ -4.81876, 40.23096 ], [ -4.835409, 40.2125 ], [ -4.83541, 40.2125 ], [ -4.849382, 40.20904 ], [ -4.859664, 40.20347 ], [ -4.896653, 40.18507 ], [ -4.924675, 40.16998 ], [ -4.922476, 40.14154 ], [ -4.945839, 40.13264 ], [ -4.948716, 40.13312 ], [ -4.954546, 40.12113 ], [ -5.013344, 40.11106 ], [ -5.006672, 40.12994 ], [ -5.018542, 40.15905 ], [ -5.057002, 40.14922 ], [ -5.066453, 40.15115 ], [ -5.128018, 40.10197 ], [ -5.16693, 40.08795 ], [ -5.1819, 40.08771 ], [ -5.201074, 40.08255 ], [ -5.215311, 40.10785 ], [ -5.249351, 40.10873 ], [ -5.293469, 40.1096 ], [ -5.315838, 40.10703 ], [ -5.335977, 40.11582 ], [ -5.355968, 40.14667 ], [ -5.36732, 40.1609 ], [ -5.366917, 40.19528 ], [ -5.36967, 40.21831 ], [ -5.343209, 40.26405 ], [ -5.395009, 40.25046 ], [ -5.426377, 40.25341 ], [ -5.429825, 40.25226 ], [ -5.439772, 40.23363 ], [ -5.468071, 40.22415 ], [ -5.488068, 40.20474 ], [ -5.497069, 40.2 ], [ -5.518745, 40.19687 ], [ -5.530964, 40.19472 ] ], [ [ -3.269332, 41.34154 ], [ -3.272127, 41.35273 ], [ -3.27208, 41.35254 ], [ -3.269332, 41.34154 ] ], [ [ -2.46047, 41.92612 ], [ -2.466499, 41.92811 ], [ -2.468582, 41.92879 ], [ -2.46047, 41.92612 ] ], [ [ -4.062137, 42.13158 ], [ -4.076292, 42.16786 ], [ -4.102733, 42.13724 ], [ -4.062137, 42.13158 ] ] ], [ [ [ -5.484804, 41.98457 ], [ -5.488406, 41.99554 ], [ -5.472806, 42.01358 ], [ -5.507744, 42.05751 ], [ -5.501584, 42.06652 ], [ -5.520891, 42.09714 ], [ -5.490923, 42.07513 ], [ -5.480923, 42.05243 ], [ -5.438676, 42.0315 ], [ -5.421588, 42.03068 ], [ -5.447437, 42.01366 ], [ -5.431166, 42.00246 ], [ -5.438279, 41.96739 ], [ -5.484804, 41.98457 ] ] ], [ [ [ -5.303324, 42.252 ], [ -5.337114, 42.23082 ], [ -5.345342, 42.26777 ], [ -5.306439, 42.27158 ], [ -5.301758, 42.26924 ], [ -5.303324, 42.252 ] ] ], [ [ [ -2.778448, 42.79302 ], [ -2.750976, 42.79282 ], [ -2.737648, 42.79277 ], [ -2.682642, 42.77977 ], [ -2.657154, 42.7731 ], [ -2.634205, 42.76492 ], [ -2.609057, 42.77076 ], [ -2.589366, 42.75032 ], [ -2.563946, 42.74618 ], [ -2.56433, 42.73687 ], [ -2.608979, 42.69596 ], [ -2.585834, 42.6818 ], [ -2.596333, 42.65085 ], [ -2.618223, 42.64837 ], [ -2.643548, 42.6533 ], [ -2.67425, 42.66927 ], [ -2.677557, 42.66933 ], [ -2.707223, 42.68632 ], [ -2.731098, 42.68097 ], [ -2.751544, 42.67606 ], [ -2.771062, 42.6773 ], [ -2.78352, 42.69616 ], [ -2.815476, 42.70743 ], [ -2.82437, 42.70879 ], [ -2.82732, 42.71217 ], [ -2.863376, 42.74521 ], [ -2.852791, 42.76955 ], [ -2.821061, 42.78781 ], [ -2.778448, 42.79302 ] ] ] ] } },
{ "type": "Feature", "properties": { "OWNERID__R.NAME": "Gilles San Pedro", "OWNERID__R.MANAGER.NAME": "Sébastien Gèze", "OWNERID__R.DIVISION": "ESPAGNE", "PAYS__C": "Espagne" }, "geometry": { "type": "MultiPolygon", "coordinates": [ [ [ [ 1.668637161975425, 41.245300438364495 ], [ 1.690815447275043, 41.271787833341818 ], [ 1.693357195777935, 41.28040768586601 ], [ 1.71015470957218, 41.301339045860232 ], [ 1.743311153087234, 41.296571298126878 ], [ 1.778004614421434, 41.329202885604673 ], [ 1.79361433873072, 41.323434675369924 ], [ 1.847733054636763, 41.319347305233919 ], [ 1.847733102300822, 41.319347289945426 ], [ 1.869163817156448, 41.296210876830457 ], [ 1.871377930047402, 41.278830393707665 ], [ 1.896239904747802, 41.28157284481091 ], [ 1.914860411778591, 41.288869802699196 ], [ 1.944523312900571, 41.279889656582384 ], [ 1.97794916002573, 41.296594980873635 ], [ 2.00282313707811, 41.26473103311065 ], [ 1.931828859714074, 41.262622649016009 ], [ 1.912841201760045, 41.256135823809188 ], [ 1.880213768250769, 41.245715569917593 ], [ 1.834415551136772, 41.235938639756398 ], [ 1.814020113337563, 41.235943959246299 ], [ 1.756273751732238, 41.219419663086967 ], [ 1.751709855125682, 41.218621431134125 ], [ 1.683320948802759, 41.201763248175325 ], [ 1.645214062978596, 41.195630550809256 ], [ 1.640971833183528, 41.235365785102886 ], [ 1.668637161975425, 41.245300438364495 ] ] ], [ [ [ 2.081987772317802, 41.541230222196987 ], [ 2.066022268113159, 41.542508591398359 ], [ 2.064868079098574, 41.553609102378175 ], [ 2.074938723343394, 41.551135732028399 ], [ 2.081987772317802, 41.541230222196987 ] ] ] ] } },
{ "type": "Feature", "properties": { "OWNERID__R.NAME": "Mourad Rakba Zeroil", "OWNERID__R.MANAGER.NAME": "Gilles San Pedro", "OWNERID__R.DIVISION": "ESPAGNE", "PAYS__C": "Espagne" }, "geometry": { "type": "MultiPolygon", "coordinates": [ [ [ [ -3.642808, 40.85181 ], [ -3.650423, 40.87975 ], [ -3.599347, 40.88867 ], [ -3.571011, 40.85099 ], [ -3.604707, 40.84218 ], [ -3.642808, 40.85181 ] ] ], [ [ [ -2.10152, 41.44579 ], [ -2.035623, 41.42689 ], [ -2.034189, 41.38634 ], [ -2.025114, 41.3838 ], [ -1.953685, 41.40863 ], [ -1.937877, 41.40739 ], [ -1.936524, 41.4199 ], [ -1.94874, 41.42964 ], [ -1.953275, 41.46245 ], [ -1.969978, 41.48145 ], [ -1.981111, 41.48644 ], [ -1.978178, 41.52669 ], [ -1.967334, 41.54607 ], [ -1.993686, 41.57709 ], [ -1.984507, 41.60707 ], [ -1.9231, 41.59833 ], [ -1.907921, 41.6211 ], [ -1.897898, 41.63241 ], [ -1.873982, 41.63798 ], [ -1.858991, 41.66153 ], [ -1.813114, 41.66056 ], [ -1.809079, 41.68468 ], [ -1.786861, 41.69943 ], [ -1.775371, 41.72479 ], [ -1.80935, 41.73703 ], [ -1.802677, 41.75122 ], [ -1.825323, 41.77837 ], [ -1.852408, 41.78851 ], [ -1.818562, 41.82995 ], [ -1.819989, 41.86174 ], [ -1.820242, 41.86238 ], [ -1.832128, 41.86333 ], [ -1.839984, 41.87529 ], [ -1.839969, 41.87748 ], [ -1.84964, 41.90085 ], [ -1.857281, 41.90952 ], [ -1.856541, 41.9664 ], [ -1.877515, 41.95249 ], [ -1.899795, 41.94654 ], [ -1.906665, 41.94559 ], [ -1.947363, 41.92573 ], [ -1.98209, 41.91926 ], [ -2.028314, 41.95339 ], [ -2.051252, 41.95087 ], [ -2.076215, 41.95088 ], [ -2.115144, 41.96609 ], [ -2.112107, 41.99702 ], [ -2.107632, 42.00277 ], [ -2.117008, 42.02151 ], [ -2.150752, 42.04549 ], [ -2.161913, 42.06673 ], [ -2.127239, 42.08046 ], [ -2.148111, 42.10445 ], [ -2.22408, 42.09815 ], [ -2.269589, 42.08855 ], [ -2.28216, 42.1317 ], [ -2.318205, 42.14518 ], [ -2.4014, 42.13958 ], [ -2.438461, 42.13727 ], [ -2.458615, 42.11532 ], [ -2.484369, 42.10635 ], [ -2.508512, 42.11544 ], [ -2.514676, 42.11454 ], [ -2.518256, 42.09077 ], [ -2.51488, 42.06886 ], [ -2.552033, 42.0456 ], [ -2.579909, 41.99626 ], [ -2.626635, 42.0065 ], [ -2.659789, 42.00536 ], [ -2.673581, 41.99806 ], [ -2.705136, 42.01514 ], [ -2.748353, 42.0115 ], [ -2.757584, 42.03262 ], [ -2.708421, 42.08629 ], [ -2.706723, 42.10567 ], [ -2.73843, 42.12482 ], [ -2.774851, 42.12354 ], [ -2.791608, 42.10875 ], [ -2.801569, 42.0834 ], [ -2.797986, 42.04684 ], [ -2.856779, 42.02885 ], [ -2.87672, 42.01187 ], [ -2.87846, 42.0114 ], [ -2.913624, 42.02285 ], [ -2.935333, 42.08941 ], [ -2.960874, 42.08429 ], [ -3.034373, 42.08596 ], [ -3.066172, 42.13332 ], [ -3.083814, 42.13346 ], [ -3.089815, 42.15935 ], [ -3.114967, 42.1788 ], [ -3.128864, 42.20094 ], [ -3.101466, 42.21715 ], [ -3.102483, 42.23223 ], [ -3.088589, 42.24573 ], [ -3.089621, 42.27305 ], [ -3.102618, 42.30895 ], [ -3.095863, 42.32691 ], [ -3.109256, 42.35188 ], [ -3.066945, 42.35504 ], [ -3.070811, 42.36947 ], [ -3.104397, 42.38541 ], [ -3.082652, 42.39738 ], [ -3.064414, 42.37334 ], [ -3.057694, 42.37012 ], [ -3.053143, 42.37342 ], [ -3.063299, 42.42491 ], [ -3.046004, 42.44515 ], [ -3.064209, 42.47095 ], [ -3.090422, 42.47788 ], [ -3.076092, 42.52019 ], [ -3.084159, 42.53532 ], [ -3.107456, 42.52877 ], [ -3.134271, 42.54205 ], [ -3.088283, 42.56711 ], [ -3.086196, 42.58221 ], [ -3.05983, 42.58919 ], [ -3.078191, 42.62373 ], [ -3.084152, 42.64069 ], [ -3.040788, 42.64005 ], [ -3.018013, 42.63218 ], [ -3.004756, 42.64426 ], [ -2.972826, 42.64022 ], [ -2.933868, 42.63473 ], [ -2.904435, 42.62016 ], [ -2.894736, 42.62766 ], [ -2.856385, 42.63746 ], [ -2.8418, 42.6086 ], [ -2.819899, 42.6145 ], [ -2.823643, 42.60146 ], [ -2.840847, 42.58119 ], [ -2.824995, 42.55494 ], [ -2.815819, 42.56784 ], [ -2.803488, 42.5646 ], [ -2.776426, 42.58813 ], [ -2.765925, 42.62003 ], [ -2.730575, 42.61762 ], [ -2.70794, 42.60025 ], [ -2.681579, 42.59562 ], [ -2.699112, 42.52749 ], [ -2.705495, 42.51677 ], [ -2.694481, 42.51844 ], [ -2.668403, 42.50977 ], [ -2.654329, 42.49754 ], [ -2.608549, 42.4987 ], [ -2.60091, 42.48456 ], [ -2.591242, 42.48274 ], [ -2.568259, 42.49415 ], [ -2.549032, 42.48445 ], [ -2.537246, 42.48336 ], [ -2.529349, 42.48539 ], [ -2.538038, 42.49318 ], [ -2.505399, 42.5129 ], [ -2.513166, 42.48985 ], [ -2.476955, 42.48693 ], [ -2.47254, 42.4925 ], [ -2.449182, 42.49689 ], [ -2.420612, 42.48914 ], [ -2.400344, 42.47199 ], [ -2.351469, 42.46537 ], [ -2.342515, 42.45182 ], [ -2.326998, 42.46862 ], [ -2.287999, 42.46718 ], [ -2.283942, 42.47362 ], [ -2.278258, 42.48643 ], [ -2.229288, 42.47204 ], [ -2.198275, 42.49543 ], [ -2.162455, 42.48834 ], [ -2.148261, 42.5174 ], [ -2.120047, 42.4998 ], [ -2.081095, 42.50261 ], [ -2.046456, 42.50224 ], [ -2.036228, 42.49893 ], [ -2.007316, 42.51966 ], [ -1.971958, 42.53141 ], [ -1.934672, 42.52651 ], [ -1.929887, 42.56283 ], [ -1.888958, 42.58533 ], [ -1.893211, 42.59028 ], [ -1.90324, 42.614 ], [ -1.862323, 42.62732 ], [ -1.833684, 42.64028 ], [ -1.808577, 42.63755 ], [ -1.778255, 42.62421 ], [ -1.771689, 42.62601 ], [ -1.749051, 42.6259 ], [ -1.702154, 42.61129 ], [ -1.680503, 42.62901 ], [ -1.671331, 42.63369 ], [ -1.656121, 42.65721 ], [ -1.632041, 42.66767 ], [ -1.602984, 42.69306 ], [ -1.59612, 42.69218 ], [ -1.590222, 42.73435 ], [ -1.598279, 42.75547 ], [ -1.54053, 42.74549 ], [ -1.517775, 42.76455 ], [ -1.510495, 42.78107 ], [ -1.510609, 42.78639 ], [ -1.522721, 42.79533 ], [ -1.508075, 42.8066 ], [ -1.491976, 42.84649 ], [ -1.501648, 42.86947 ], [ -1.521588, 42.86547 ], [ -1.549013, 42.86097 ], [ -1.573932, 42.83505 ], [ -1.595962, 42.83908 ], [ -1.587207, 42.87173 ], [ -1.579735, 42.89635 ], [ -1.578748, 42.91185 ], [ -1.552652, 42.93461 ], [ -1.567247, 42.97834 ], [ -1.552651, 42.99932 ], [ -1.554972, 43.0394 ], [ -1.556108, 43.04001 ], [ -1.537819, 43.07212 ], [ -1.510459, 43.09006 ], [ -1.472082, 43.0822 ], [ -1.44082, 43.04634 ], [ -1.393634, 43.03642 ], [ -1.387509, 43.03468 ], [ -1.359935, 43.02955 ], [ -1.353774, 43.02799 ], [ -1.34445, 43.05122 ], [ -1.346214, 43.09459 ], [ -1.322028, 43.1124 ], [ -1.269939, 43.11824 ], [ -1.299822, 43.09241 ], [ -1.309711, 43.06914 ], [ -1.27095, 43.05503 ], [ -1.26431, 43.04425 ], [ -1.229721, 43.05546 ], [ -1.180962, 43.03258 ], [ -1.144333, 43.02398 ], [ -1.141854, 43.00762 ], [ -1.11381, 43.02453 ], [ -1.072089, 42.99785 ], [ -1.018277, 42.99378 ], [ -0.9703789, 42.96206 ], [ -0.9451652, 42.95337 ], [ -0.9162897, 42.96408 ], [ -0.8970562, 42.95822 ], [ -0.865338, 42.95114 ], [ -0.8105103, 42.95139 ], [ -0.7669379, 42.96927 ], [ -0.7316736, 42.94547 ], [ -0.7276133, 42.91932 ], [ -0.7330411, 42.89799 ], [ -0.6984282, 42.87895 ], [ -0.6787623, 42.88457 ], [ -0.662044, 42.86459 ], [ -0.6042802, 42.83326 ], [ -0.599297, 42.80303 ], [ -0.5692211, 42.80691 ], [ -0.5702023, 42.78436 ], [ -0.5510774, 42.77766 ], [ -0.5227361, 42.79929 ], [ -0.5109503, 42.82453 ], [ -0.4785865, 42.80968 ], [ -0.4396392, 42.79709 ], [ -0.3653039, 42.81589 ], [ -0.3442655, 42.8376 ], [ -0.313075, 42.84751 ], [ -0.2784534, 42.83668 ], [ -0.23741, 42.80771 ], [ -0.1779768, 42.78533 ], [ -0.1408443, 42.7679 ], [ -0.1091254, 42.73461 ], [ -0.1063656, 42.72095 ], [ -0.06840984, 42.7186 ], [ -0.06161225, 42.69471 ], [ 0.0007245551, 42.68521 ], [ 0.01179416, 42.69276 ], [ 0.04951308, 42.69573 ], [ 0.08983341, 42.71684 ], [ 0.1058823, 42.71029 ], [ 0.151171, 42.72423 ], [ 0.1846304, 42.73565 ], [ 0.2267404, 42.71737 ], [ 0.2597822, 42.71617 ], [ 0.276522, 42.68762 ], [ 0.294984, 42.67336 ], [ 0.3236399, 42.6875 ], [ 0.3252393, 42.70623 ], [ 0.3601142, 42.7242 ], [ 0.3929625, 42.71318 ], [ 0.3964993, 42.69432 ], [ 0.4362705, 42.68973 ], [ 0.4679019, 42.6949 ], [ 0.5188966, 42.69226 ], [ 0.5255465, 42.70214 ], [ 0.5773814, 42.69369 ], [ 0.6021946, 42.702 ], [ 0.6600682, 42.69085 ], [ 0.6762897, 42.69103 ], [ 0.681982, 42.70907 ], [ 0.6633421, 42.74974 ], [ 0.6499984, 42.78543 ], [ 0.6701535, 42.80194 ], [ 0.6674806, 42.82599 ], [ 0.660622, 42.84013 ], [ 0.7079322, 42.86137 ], [ 0.7354436, 42.84879 ], [ 0.7787891, 42.83605 ], [ 0.801855, 42.84072 ], [ 0.8554361, 42.82687 ], [ 0.8773253, 42.81427 ], [ 0.9264272, 42.78958 ], [ 0.9648036, 42.80456 ], [ 0.9859336, 42.78708 ], [ 1.036783, 42.7859 ], [ 1.073221, 42.78235 ], [ 1.109107, 42.77033 ], [ 1.131747, 42.75005 ], [ 1.133216, 42.72824 ], [ 1.170693, 42.70818 ], [ 1.228773, 42.72851 ], [ 1.274491, 42.71935 ], [ 1.357924, 42.72067 ], [ 1.354346, 42.70026 ], [ 1.377377, 42.69512 ], [ 1.387102, 42.66881 ], [ 1.390218, 42.66811 ], [ 1.414432, 42.64833 ], [ 1.44153, 42.6002 ], [ 1.413704, 42.53567 ], [ 1.452267, 42.53851 ], [ 1.469205, 42.51077 ], [ 1.423806, 42.49137 ], [ 1.441239, 42.47457 ], [ 1.452409, 42.43698 ], [ 1.522921, 42.43109 ], [ 1.552636, 42.43346 ], [ 1.56013, 42.4583 ], [ 1.580836, 42.44999 ], [ 1.58614, 42.46116 ], [ 1.657031, 42.46845 ], [ 1.662364, 42.49288 ], [ 1.730919, 42.49244 ], [ 1.762845, 42.48751 ], [ 1.804899, 42.49021 ], [ 1.847306, 42.46833 ], [ 1.909322, 42.44679 ], [ 1.936608, 42.45448 ], [ 1.942893, 42.42915 ], [ 1.958578, 42.42343 ], [ 1.964359, 42.38253 ], [ 1.985814, 42.36215 ], [ 2.015191, 42.34737 ], [ 2.02236, 42.35568 ], [ 2.085722, 42.36424 ], [ 2.116388, 42.38334 ], [ 2.128726, 42.41383 ], [ 2.173627, 42.42249 ], [ 2.206783, 42.41718 ], [ 2.232967, 42.42593 ], [ 2.256356, 42.43879 ], [ 2.291222, 42.4229 ], [ 2.3065, 42.42869 ], [ 2.346034, 42.40933 ], [ 2.414527, 42.39216 ], [ 2.456849, 42.36346 ], [ 2.481141, 42.34078 ], [ 2.526108, 42.33341 ], [ 2.542034, 42.33391 ], [ 2.57119, 42.35856 ], [ 2.622482, 42.34504 ], [ 2.660029, 42.34077 ], [ 2.673959, 42.35906 ], [ 2.659198, 42.37967 ], [ 2.679649, 42.40696 ], [ 2.704071, 42.41187 ], [ 2.753127, 42.42604 ], [ 2.771177, 42.41212 ], [ 2.799319, 42.41824 ], [ 2.817751, 42.43987 ], [ 2.844495, 42.45811 ], [ 2.870767, 42.46752 ], [ 2.901944, 42.45795 ], [ 2.918415, 42.4562 ], [ 2.948406, 42.48026 ], [ 2.981355, 42.46702 ], [ 3.045517, 42.46145 ], [ 3.085854, 42.4258 ], [ 3.10263, 42.42652 ], [ 3.121402, 42.43685 ], [ 3.164175, 42.43027 ], [ 3.168906, 42.42007 ], [ 3.166999, 42.38943 ], [ 3.15522, 42.37841 ], [ 3.174821, 42.35477 ], [ 3.196679, 42.33496 ], [ 3.231014, 42.35125 ], [ 3.241078, 42.33528 ], [ 3.281032, 42.33203 ], [ 3.318912, 42.32209 ], [ 3.290008, 42.30656 ], [ 3.287687, 42.26621 ], [ 3.254463, 42.2532 ], [ 3.218975, 42.23233 ], [ 3.173599, 42.26396 ], [ 3.150671, 42.25838 ], [ 3.140105, 42.25188 ], [ 3.121607, 42.23063 ], [ 3.111531, 42.20387 ], [ 3.116995, 42.14602 ], [ 3.135717, 42.12717 ], [ 3.18376, 42.10353 ], [ 3.192805, 42.08919 ], [ 3.213002, 42.06137 ], [ 3.195883, 42.03608 ], [ 3.196789, 42.00836 ], [ 3.207064, 41.98158 ], [ 3.231592, 41.96877 ], [ 3.233551, 41.95034 ], [ 3.217931, 41.92754 ], [ 3.20411, 41.89614 ], [ 3.192964, 41.89004 ], [ 3.178812, 41.8751 ], [ 3.177777, 41.86775 ], [ 3.15039, 41.86134 ], [ 3.132574, 41.84609 ], [ 3.117808, 41.84828 ], [ 3.089486, 41.83211 ], [ 3.086476, 41.83009 ], [ 3.080571, 41.82534 ], [ 3.060469, 41.79668 ], [ 3.053709, 41.79046 ], [ 2.983039, 41.7601 ], [ 2.971431, 41.75318 ], [ 2.935043, 41.71522 ], [ 2.896737, 41.70495 ], [ 2.855461, 41.70019 ], [ 2.816732, 41.68647 ], [ 2.792985, 41.6736 ], [ 2.778368, 41.64881 ], [ 2.727797, 41.63512 ], [ 2.702877, 41.62469 ], [ 2.670726, 41.61477 ], [ 2.639424, 41.60483 ], [ 2.595223, 41.59055 ], [ 2.572056, 41.58333 ], [ 2.531691, 41.57006 ], [ 2.522271, 41.56591 ], [ 2.508676, 41.56038 ], [ 2.487347, 41.55112 ], [ 2.459208, 41.54125 ], [ 2.424222, 41.51919 ], [ 2.402642, 41.50618 ], [ 2.375958, 41.49418 ], [ 2.346601, 41.48492 ], [ 2.296376, 41.4723 ], [ 2.270294, 41.46081 ], [ 2.247907, 41.44237 ], [ 2.245116, 41.43893 ], [ 2.237104, 41.4259 ], [ 2.222181, 41.41243 ], [ 2.226192, 41.41066 ], [ 2.199242, 41.38485 ], [ 2.191827, 41.37592 ], [ 2.145993, 41.33209 ], [ 2.150317, 41.32097 ], [ 2.119444, 41.29207 ], [ 2.074484, 41.27728 ], [ 2.046167, 41.27069 ], [ 2.002823, 41.26473 ], [ 1.931829, 41.26262 ], [ 1.912841, 41.25614 ], [ 1.89624, 41.28157 ], [ 1.871378, 41.27883 ], [ 1.869164, 41.29621 ], [ 1.847733, 41.31935 ], [ 1.793614, 41.32343 ], [ 1.778005, 41.3292 ], [ 1.743311, 41.29657 ], [ 1.710155, 41.30134 ], [ 1.693357, 41.28041 ], [ 1.690815, 41.27179 ], [ 1.668637, 41.2453 ], [ 1.640972, 41.23537 ], [ 1.645214, 41.19563 ], [ 1.616807, 41.19071 ], [ 1.59679, 41.18853 ], [ 1.567207, 41.18591 ], [ 1.495527, 41.17327 ], [ 1.459325, 41.16346 ], [ 1.44041, 41.15529 ], [ 1.389996, 41.1329 ], [ 1.373409, 41.13313 ], [ 1.328299, 41.12864 ], [ 1.299108, 41.12806 ], [ 1.251387, 41.10943 ], [ 1.238465, 41.1078 ], [ 1.196751, 41.09288 ], [ 1.18046, 41.06593 ], [ 1.117292, 41.0737 ], [ 1.083691, 41.06387 ], [ 1.04941, 41.06438 ], [ 1.023362, 41.05202 ], [ 0.9667231, 41.02861 ], [ 0.9318845, 40.99152 ], [ 0.8876542, 40.96476 ], [ 0.856718, 40.93508 ], [ 0.8370248, 40.91938 ], [ 0.7919158, 40.86671 ], [ 0.7516077, 40.84628 ], [ 0.7352839, 40.82388 ], [ 0.6996369, 40.80385 ], [ 0.7201663, 40.77854 ], [ 0.7632053, 40.76211 ], [ 0.7838866, 40.77215 ], [ 0.8307951, 40.73362 ], [ 0.8635899, 40.7215 ], [ 0.8752557, 40.6998 ], [ 0.8536655, 40.68236 ], [ 0.7837497, 40.655 ], [ 0.7499955, 40.63505 ], [ 0.6927377, 40.57148 ], [ 0.6498387, 40.55513 ], [ 0.618703, 40.55534 ], [ 0.5976093, 40.57418 ], [ 0.654217, 40.58521 ], [ 0.6601386, 40.59178 ], [ 0.7111296, 40.59225 ], [ 0.7459334, 40.63618 ], [ 0.6968463, 40.63723 ], [ 0.6815822, 40.63419 ], [ 0.6631735, 40.62653 ], [ 0.6025799, 40.62207 ], [ 0.5816551, 40.60471 ], [ 0.5378364, 40.56761 ], [ 0.5334012, 40.55611 ], [ 0.5276565, 40.54894 ], [ 0.515141, 40.52295 ], [ 0.4379555, 40.54707 ], [ 0.4242214, 40.58385 ], [ 0.4175967, 40.58781 ], [ 0.4063799, 40.59725 ], [ 0.3923436, 40.60417 ], [ 0.3297407, 40.61105 ], [ 0.3110538, 40.6169 ], [ 0.3109848, 40.61695 ], [ 0.2788298, 40.63006 ], [ 0.2678311, 40.659 ], [ 0.2923245, 40.68518 ], [ 0.2701297, 40.70308 ], [ 0.2418792, 40.70037 ], [ 0.2179186, 40.7326 ], [ 0.1972915, 40.72417 ], [ 0.1707236, 40.73284 ], [ 0.1413472, 40.71847 ], [ 0.1125022, 40.72714 ], [ 0.07268858, 40.71431 ], [ 0.04217563, 40.69101 ], [ 0.02643911, 40.69495 ], [ 0.01520349, 40.72862 ], [ -0.01771506, 40.7312 ], [ -0.04366528, 40.7262 ], [ -0.05371362, 40.72788 ], [ -0.1020377, 40.74271 ], [ -0.1268399, 40.75332 ], [ -0.1445323, 40.78544 ], [ -0.1971756, 40.78446 ], [ -0.2240336, 40.75416 ], [ -0.2392558, 40.71804 ], [ -0.2375306, 40.69794 ], [ -0.260992, 40.68509 ], [ -0.3073104, 40.662 ], [ -0.3288173, 40.68028 ], [ -0.3561674, 40.67769 ], [ -0.3815132, 40.66158 ], [ -0.3709603, 40.6511 ], [ -0.3796676, 40.62353 ], [ -0.3220849, 40.60284 ], [ -0.2944686, 40.61217 ], [ -0.2943078, 40.58395 ], [ -0.2961899, 40.56452 ], [ -0.2974804, 40.53129 ], [ -0.2976918, 40.50577 ], [ -0.2745458, 40.49658 ], [ -0.2714326, 40.4785 ], [ -0.3370945, 40.45655 ], [ -0.3473546, 40.44394 ], [ -0.3328267, 40.42554 ], [ -0.2853893, 40.38649 ], [ -0.2800547, 40.36949 ], [ -0.314438, 40.35834 ], [ -0.3582462, 40.31295 ], [ -0.3901102, 40.30564 ], [ -0.3829096, 40.27852 ], [ -0.3885474, 40.26161 ], [ -0.4518054, 40.23532 ], [ -0.5015665, 40.23319 ], [ -0.5105859, 40.23178 ], [ -0.5478982, 40.24426 ], [ -0.5578881, 40.20084 ], [ -0.57216, 40.18147 ], [ -0.5724955, 40.17372 ], [ -0.5801335, 40.13723 ], [ -0.6092932, 40.1257 ], [ -0.6287022, 40.1021 ], [ -0.6141965, 40.0714 ], [ -0.6461659, 40.0675 ], [ -0.6641148, 40.05144 ], [ -0.6798776, 40.04568 ], [ -0.702867, 40.0466 ], [ -0.7133048, 40.04222 ], [ -0.7622702, 40.04126 ], [ -0.7678292, 40.0092 ], [ -0.7901524, 39.98978 ], [ -0.834811, 39.97934 ], [ -0.8462964, 39.9477 ], [ -0.8299861, 39.90678 ], [ -0.7975778, 39.88325 ], [ -0.7976943, 39.88107 ], [ -0.8281314, 39.87144 ], [ -0.8674194, 39.84678 ], [ -0.895058, 39.85678 ], [ -0.9102253, 39.86811 ], [ -0.913821, 39.91801 ], [ -0.902658, 39.93185 ], [ -0.9204537, 39.9644 ], [ -0.9318854, 39.95608 ], [ -0.9672911, 39.97405 ], [ -1.00252, 39.98183 ], [ -1.025693, 39.9746 ], [ -1.057575, 39.98048 ], [ -1.0876, 39.97043 ], [ -1.126899, 39.96302 ], [ -1.142395, 39.97184 ], [ -1.165187, 40.0101 ], [ -1.136196, 40.01509 ], [ -1.084228, 40.03621 ], [ -1.071699, 40.05159 ], [ -1.082683, 40.07125 ], [ -1.105939, 40.08851 ], [ -1.133568, 40.09768 ], [ -1.148033, 40.1145 ], [ -1.201302, 40.111 ], [ -1.24497, 40.11614 ], [ -1.246154, 40.13856 ], [ -1.283599, 40.1715 ], [ -1.295025, 40.20291 ], [ -1.298228, 40.21168 ], [ -1.322989, 40.18486 ], [ -1.324929, 40.14504 ], [ -1.354596, 40.12947 ], [ -1.448855, 40.14534 ], [ -1.439208, 40.19701 ], [ -1.474416, 40.18504 ], [ -1.510902, 40.20372 ], [ -1.540482, 40.1908 ], [ -1.5932, 40.23651 ], [ -1.608683, 40.24277 ], [ -1.658954, 40.28203 ], [ -1.665612, 40.29455 ], [ -1.700398, 40.30707 ], [ -1.719274, 40.2771 ], [ -1.729243, 40.30316 ], [ -1.697238, 40.31656 ], [ -1.719844, 40.3404 ], [ -1.741105, 40.34933 ], [ -1.767572, 40.38313 ], [ -1.806359, 40.39823 ], [ -1.785434, 40.41318 ], [ -1.758207, 40.45105 ], [ -1.735041, 40.47203 ], [ -1.692512, 40.48682 ], [ -1.695518, 40.51133 ], [ -1.701624, 40.5411 ], [ -1.693285, 40.57765 ], [ -1.63425, 40.57979 ], [ -1.598749, 40.56205 ], [ -1.545515, 40.5952 ], [ -1.564856, 40.61474 ], [ -1.538991, 40.65809 ], [ -1.538356, 40.68936 ], [ -1.552606, 40.70896 ], [ -1.555303, 40.75008 ], [ -1.540219, 40.76384 ], [ -1.539244, 40.79264 ], [ -1.553355, 40.82348 ], [ -1.556761, 40.8288 ], [ -1.592225, 40.84986 ], [ -1.593684, 40.85326 ], [ -1.620307, 40.87949 ], [ -1.625974, 40.89868 ], [ -1.607903, 40.92762 ], [ -1.617449, 40.94373 ], [ -1.661014, 40.97832 ], [ -1.714773, 41.01208 ], [ -1.757751, 41.05507 ], [ -1.762158, 41.05866 ], [ -1.81647, 41.09528 ], [ -1.869252, 41.10791 ], [ -1.890571, 41.13332 ], [ -1.92165, 41.13429 ], [ -1.94833, 41.16685 ], [ -1.962123, 41.17133 ], [ -2.051693, 41.14685 ], [ -2.079896, 41.17098 ], [ -2.079149, 41.17412 ], [ -2.070546, 41.19482 ], [ -2.073796, 41.23406 ], [ -2.088373, 41.23697 ], [ -2.119729, 41.26575 ], [ -2.132576, 41.26206 ], [ -2.131309, 41.32965 ], [ -2.104316, 41.34867 ], [ -2.097666, 41.37834 ], [ -2.119449, 41.39033 ], [ -2.116767, 41.42495 ], [ -2.10152, 41.44579 ] ], [ [ -1.615715, 41.38395 ], [ -1.615756, 41.38368 ], [ -1.617034, 41.37516 ], [ -1.615715, 41.38395 ] ], [ [ -1.548109, 41.39518 ], [ -1.546974, 41.39418 ], [ -1.548194, 41.39526 ], [ -1.548109, 41.39518 ] ], [ [ 2.074939, 41.55114 ], [ 2.064868, 41.55361 ], [ 2.066022, 41.54251 ], [ 2.081988, 41.54123 ], [ 2.074939, 41.55114 ] ] ], [ [ [ 1.986355, 42.47108 ], [ 1.983823, 42.44689 ], [ 1.960163, 42.45346 ], [ 1.961581, 42.47429 ], [ 1.986355, 42.47108 ] ] ] ] } },
{ "type": "Feature", "properties": { "OWNERID__R.NAME": "Ramiro Marchesi Vignolo", "OWNERID__R.MANAGER.NAME": "Gilles San Pedro", "OWNERID__R.DIVISION": "ESPAGNE", "PAYS__C": "Espagne" }, "geometry": { "type": "MultiPolygon", "coordinates": [ [ [ [ -4.740996, 38.57761 ], [ -4.790074, 38.59719 ], [ -4.822727, 38.59708 ], [ -4.860171, 38.61398 ], [ -4.867088, 38.65973 ], [ -4.86888, 38.68093 ], [ -4.87697, 38.68609 ], [ -4.944189, 38.68184 ], [ -5.0046, 38.6951 ], [ -5.002021, 38.70818 ], [ -5.024284, 38.72611 ], [ -5.046948, 38.72909 ], [ -4.989994, 38.73976 ], [ -4.968209, 38.77601 ], [ -4.953625, 38.82996 ], [ -4.943484, 38.85438 ], [ -4.91494, 38.88744 ], [ -4.8535, 38.88291 ], [ -4.836676, 38.93056 ], [ -4.843016, 38.94509 ], [ -4.877141, 38.94795 ], [ -4.906355, 38.96338 ], [ -4.918221, 38.95704 ], [ -4.93367, 38.97558 ], [ -4.962504, 39.05873 ], [ -4.941411, 39.0565 ], [ -4.885599, 39.03363 ], [ -4.86099, 39.03178 ], [ -4.832793, 39.04616 ], [ -4.82582, 39.06255 ], [ -4.859221, 39.07753 ], [ -4.873706, 39.09634 ], [ -4.857168, 39.12266 ], [ -4.853171, 39.15244 ], [ -4.831404, 39.17611 ], [ -4.810273, 39.19942 ], [ -4.77364, 39.1895 ], [ -4.742549, 39.19452 ], [ -4.676547, 39.16959 ], [ -4.64897, 39.1649 ], [ -4.665164, 39.18612 ], [ -4.708229, 39.20987 ], [ -4.713548, 39.24432 ], [ -4.731572, 39.25492 ], [ -4.74502, 39.27939 ], [ -4.780501, 39.28832 ], [ -4.837242, 39.26824 ], [ -4.845546, 39.37921 ], [ -4.88757, 39.37053 ], [ -4.940742, 39.39512 ], [ -4.952513, 39.39499 ], [ -4.996928, 39.42586 ], [ -5.039443, 39.47041 ], [ -5.058893, 39.48942 ], [ -5.082888, 39.49008 ], [ -5.123788, 39.52159 ], [ -5.146012, 39.54935 ], [ -5.20207, 39.59202 ], [ -5.172649, 39.6354 ], [ -5.16202, 39.64613 ], [ -5.148844, 39.66811 ], [ -5.151855, 39.69601 ], [ -5.137794, 39.715 ], [ -5.168111, 39.74438 ], [ -5.158459, 39.75966 ], [ -5.168093, 39.79995 ], [ -5.181196, 39.79879 ], [ -5.206086, 39.79773 ], [ -5.254223, 39.75254 ], [ -5.295866, 39.76097 ], [ -5.316224, 39.77212 ], [ -5.315167, 39.78868 ], [ -5.312758, 39.82307 ], [ -5.284049, 39.86387 ], [ -5.28924, 39.86461 ], [ -5.317523, 39.89079 ], [ -5.340053, 39.89061 ], [ -5.40611, 39.87773 ], [ -5.401078, 39.88566 ], [ -5.394828, 39.91843 ], [ -5.365094, 39.98385 ], [ -5.364068, 40.02607 ], [ -5.373581, 40.05744 ], [ -5.369011, 40.10009 ], [ -5.359445, 40.10841 ], [ -5.335977, 40.11582 ], [ -5.315838, 40.10703 ], [ -5.293469, 40.1096 ], [ -5.249351, 40.10873 ], [ -5.215311, 40.10785 ], [ -5.201074, 40.08255 ], [ -5.1819, 40.08771 ], [ -5.16693, 40.08795 ], [ -5.128018, 40.10197 ], [ -5.066453, 40.15115 ], [ -5.057002, 40.14922 ], [ -5.018542, 40.15905 ], [ -5.006672, 40.12994 ], [ -5.013344, 40.11106 ], [ -4.954546, 40.12113 ], [ -4.948716, 40.13312 ], [ -4.945839, 40.13264 ], [ -4.922476, 40.14154 ], [ -4.924675, 40.16998 ], [ -4.896653, 40.18507 ], [ -4.859664, 40.20347 ], [ -4.849382, 40.20904 ], [ -4.83541, 40.2125 ], [ -4.835409, 40.2125 ], [ -4.81876, 40.23096 ], [ -4.817949, 40.25561 ], [ -4.804251, 40.27509 ], [ -4.761188, 40.26094 ], [ -4.72749, 40.27353 ], [ -4.698141, 40.28219 ], [ -4.701797, 40.25723 ], [ -4.687204, 40.24961 ], [ -4.679285, 40.20698 ], [ -4.653997, 40.19821 ], [ -4.616908, 40.20021 ], [ -4.579006, 40.2174 ], [ -4.550529, 40.20184 ], [ -4.522144, 40.2024 ], [ -4.517113, 40.21446 ], [ -4.473716, 40.23147 ], [ -4.437448, 40.23769 ], [ -4.435034, 40.2593 ], [ -4.393045, 40.28691 ], [ -4.379662, 40.31801 ], [ -4.356386, 40.30862 ], [ -4.356858, 40.27027 ], [ -4.348217, 40.23684 ], [ -4.295471, 40.21873 ], [ -4.280961, 40.22972 ], [ -4.269691, 40.23598 ], [ -4.250392, 40.27173 ], [ -4.23148, 40.27667 ], [ -4.226248, 40.26995 ], [ -4.203745, 40.28737 ], [ -4.172485, 40.2881 ], [ -4.144077, 40.26427 ], [ -4.14362, 40.24486 ], [ -4.104244, 40.2418 ], [ -4.080456, 40.26694 ], [ -4.068772, 40.23583 ], [ -4.046872, 40.2506 ], [ -4.023768, 40.24902 ], [ -4.026159, 40.23561 ], [ -3.991002, 40.20948 ], [ -3.952916, 40.21234 ], [ -3.956281, 40.19907 ], [ -3.949151, 40.19953 ], [ -3.938662, 40.2036 ], [ -3.925087, 40.20007 ], [ -3.884849, 40.1897 ], [ -3.876245, 40.19111 ], [ -3.853439, 40.1794 ], [ -3.840867, 40.1626 ], [ -3.806799, 40.1773 ], [ -3.800053, 40.17565 ], [ -3.771871, 40.13958 ], [ -3.742136, 40.13418 ], [ -3.717948, 40.1464 ], [ -3.712708, 40.14182 ], [ -3.683887, 40.1325 ], [ -3.667184, 40.14336 ], [ -3.656415, 40.1254 ], [ -3.616171, 40.11252 ], [ -3.606714, 40.10921 ], [ -3.603901, 40.09352 ], [ -3.622829, 40.05424 ], [ -3.636753, 40.04103 ], [ -3.667872, 40.02867 ], [ -3.705402, 40.01542 ], [ -3.715723, 40.00336 ], [ -3.723374, 39.99027 ], [ -3.746711, 39.97952 ], [ -3.739446, 39.96149 ], [ -3.762216, 39.94805 ], [ -3.769101, 39.95917 ], [ -3.821988, 39.94656 ], [ -3.827718, 39.94274 ], [ -3.867444, 39.93212 ], [ -3.873143, 39.90904 ], [ -3.834549, 39.89996 ], [ -3.814871, 39.88583 ], [ -3.810046, 39.88555 ], [ -3.804455, 39.88479 ], [ -3.778798, 39.91085 ], [ -3.756583, 39.92111 ], [ -3.74387, 39.9408 ], [ -3.711105, 39.95471 ], [ -3.687796, 39.95296 ], [ -3.665954, 39.96351 ], [ -3.631027, 39.96869 ], [ -3.618946, 39.99226 ], [ -3.615616, 39.99395 ], [ -3.591005, 40.01212 ], [ -3.550737, 40.0177 ], [ -3.519882, 40.02087 ], [ -3.517191, 40.03647 ], [ -3.515196, 40.04328 ], [ -3.510566, 40.04287 ], [ -3.47311, 40.04192 ], [ -3.425981, 40.04659 ], [ -3.394179, 40.03551 ], [ -3.374735, 40.05961 ], [ -3.377708, 40.07477 ], [ -3.345027, 40.08011 ], [ -3.327747, 40.07914 ], [ -3.292621, 40.05224 ], [ -3.286429, 40.05234 ], [ -3.273141, 40.04829 ], [ -3.210479, 40.06166 ], [ -3.188618, 40.0825 ], [ -3.163166, 40.08371 ], [ -3.161377, 40.06487 ], [ -3.11819, 40.06143 ], [ -3.088802, 40.07059 ], [ -3.053373, 40.09914 ], [ -3.072687, 40.12989 ], [ -3.096755, 40.14239 ], [ -3.089385, 40.16291 ], [ -3.067907, 40.15767 ], [ -3.08823, 40.20032 ], [ -3.07991, 40.22776 ], [ -3.109507, 40.28519 ], [ -3.112084, 40.28563 ], [ -3.153617, 40.26368 ], [ -3.173397, 40.23417 ], [ -3.19538, 40.24762 ], [ -3.197304, 40.25767 ], [ -3.183737, 40.26987 ], [ -3.18034, 40.30193 ], [ -3.182068, 40.30456 ], [ -3.151361, 40.33549 ], [ -3.143566, 40.35785 ], [ -3.150126, 40.37342 ], [ -3.130597, 40.40512 ], [ -3.142556, 40.41417 ], [ -3.155515, 40.43942 ], [ -3.198597, 40.44225 ], [ -3.195394, 40.47841 ], [ -3.201229, 40.49875 ], [ -3.200493, 40.51497 ], [ -3.231781, 40.53939 ], [ -3.256411, 40.54179 ], [ -3.289852, 40.53175 ], [ -3.286709, 40.57257 ], [ -3.316084, 40.58407 ], [ -3.330717, 40.60092 ], [ -3.32164, 40.61216 ], [ -3.314975, 40.64859 ], [ -3.316778, 40.65271 ], [ -3.33575, 40.6399 ], [ -3.36545, 40.65074 ], [ -3.383064, 40.68332 ], [ -3.404735, 40.66964 ], [ -3.447788, 40.67747 ], [ -3.468545, 40.68994 ], [ -3.442181, 40.72003 ], [ -3.43861, 40.73498 ], [ -3.448874, 40.7331 ], [ -3.451284, 40.73825 ], [ -3.445013, 40.74759 ], [ -3.44686, 40.76375 ], [ -3.47645, 40.78468 ], [ -3.498281, 40.78888 ], [ -3.504506, 40.78918 ], [ -3.502204, 40.79763 ], [ -3.493497, 40.79729 ], [ -3.476756, 40.82541 ], [ -3.472423, 40.86434 ], [ -3.44147, 40.88152 ], [ -3.456218, 40.89921 ], [ -3.448855, 40.92253 ], [ -3.421586, 40.96728 ], [ -3.418296, 40.98756 ], [ -3.3945, 41.00025 ], [ -3.407997, 41.01634 ], [ -3.381352, 41.03018 ], [ -3.382684, 41.05061 ], [ -3.361757, 41.05787 ], [ -3.352701, 41.0759 ], [ -3.355532, 41.11108 ], [ -3.366451, 41.12782 ], [ -3.362135, 41.14894 ], [ -3.378057, 41.19925 ], [ -3.402486, 41.21362 ], [ -3.410623, 41.25994 ], [ -3.415147, 41.2732 ], [ -3.394227, 41.25698 ], [ -3.369394, 41.26042 ], [ -3.33635, 41.25303 ], [ -3.325064, 41.26133 ], [ -3.290549, 41.25784 ], [ -3.275759, 41.27503 ], [ -3.244365, 41.27069 ], [ -3.238935, 41.28794 ], [ -3.207351, 41.30424 ], [ -3.178599, 41.29981 ], [ -3.164888, 41.29536 ], [ -3.108657, 41.28789 ], [ -3.061901, 41.27343 ], [ -3.018015, 41.28912 ], [ -3.005988, 41.2844 ], [ -2.94406, 41.29748 ], [ -2.934071, 41.31343 ], [ -2.906668, 41.32763 ], [ -2.875455, 41.32138 ], [ -2.866493, 41.27478 ], [ -2.828713, 41.26194 ], [ -2.777975, 41.25202 ], [ -2.760945, 41.27402 ], [ -2.716772, 41.27567 ], [ -2.709317, 41.25189 ], [ -2.668537, 41.23712 ], [ -2.654831, 41.24065 ], [ -2.616969, 41.21944 ], [ -2.589486, 41.22454 ], [ -2.591779, 41.20313 ], [ -2.619339, 41.18329 ], [ -2.602566, 41.18866 ], [ -2.577212, 41.17782 ], [ -2.594947, 41.1499 ], [ -2.575577, 41.13947 ], [ -2.542529, 41.15067 ], [ -2.517545, 41.14812 ], [ -2.511134, 41.12734 ], [ -2.482261, 41.11627 ], [ -2.469466, 41.07811 ], [ -2.463187, 41.07739 ], [ -2.442272, 41.0773 ], [ -2.420494, 41.06023 ], [ -2.40213, 41.06166 ], [ -2.355329, 41.08645 ], [ -2.323407, 41.05651 ], [ -2.293581, 41.07125 ], [ -2.263543, 41.06754 ], [ -2.240707, 41.08914 ], [ -2.222555, 41.09343 ], [ -2.173499, 41.08892 ], [ -2.143445, 41.10257 ], [ -2.135122, 41.11699 ], [ -2.117443, 41.10294 ], [ -2.056434, 41.06969 ], [ -2.065622, 41.09579 ], [ -2.050589, 41.1259 ], [ -2.051693, 41.14685 ], [ -1.962123, 41.17133 ], [ -1.94833, 41.16685 ], [ -1.92165, 41.13429 ], [ -1.890571, 41.13332 ], [ -1.869252, 41.10791 ], [ -1.81647, 41.09528 ], [ -1.762158, 41.05866 ], [ -1.757751, 41.05507 ], [ -1.714773, 41.01208 ], [ -1.661014, 40.97832 ], [ -1.617449, 40.94373 ], [ -1.607903, 40.92762 ], [ -1.625974, 40.89868 ], [ -1.620307, 40.87949 ], [ -1.593684, 40.85326 ], [ -1.592225, 40.84986 ], [ -1.556761, 40.8288 ], [ -1.553355, 40.82348 ], [ -1.539244, 40.79264 ], [ -1.540219, 40.76384 ], [ -1.555303, 40.75008 ], [ -1.552606, 40.70896 ], [ -1.538356, 40.68936 ], [ -1.538991, 40.65809 ], [ -1.564856, 40.61474 ], [ -1.545515, 40.5952 ], [ -1.598749, 40.56205 ], [ -1.63425, 40.57979 ], [ -1.693285, 40.57765 ], [ -1.701624, 40.5411 ], [ -1.695518, 40.51133 ], [ -1.692512, 40.48682 ], [ -1.735041, 40.47203 ], [ -1.758207, 40.45105 ], [ -1.785434, 40.41318 ], [ -1.806359, 40.39823 ], [ -1.767572, 40.38313 ], [ -1.741105, 40.34933 ], [ -1.719844, 40.3404 ], [ -1.697238, 40.31656 ], [ -1.729243, 40.30316 ], [ -1.719274, 40.2771 ], [ -1.700398, 40.30707 ], [ -1.665612, 40.29455 ], [ -1.658954, 40.28203 ], [ -1.608683, 40.24277 ], [ -1.5932, 40.23651 ], [ -1.540482, 40.1908 ], [ -1.510902, 40.20372 ], [ -1.474416, 40.18504 ], [ -1.439208, 40.19701 ], [ -1.448855, 40.14534 ], [ -1.354596, 40.12947 ], [ -1.324929, 40.14504 ], [ -1.322989, 40.18486 ], [ -1.298228, 40.21168 ], [ -1.295025, 40.20291 ], [ -1.283599, 40.1715 ], [ -1.246154, 40.13856 ], [ -1.24497, 40.11614 ], [ -1.201302, 40.111 ], [ -1.148033, 40.1145 ], [ -1.133568, 40.09768 ], [ -1.105939, 40.08851 ], [ -1.082683, 40.07125 ], [ -1.071699, 40.05159 ], [ -1.084228, 40.03621 ], [ -1.136196, 40.01509 ], [ -1.165187, 40.0101 ], [ -1.142395, 39.97184 ], [ -1.126899, 39.96302 ], [ -1.0876, 39.97043 ], [ -1.057575, 39.98048 ], [ -1.025693, 39.9746 ], [ -1.00252, 39.98183 ], [ -0.9672911, 39.97405 ], [ -0.9318854, 39.95608 ], [ -0.9204537, 39.9644 ], [ -0.902658, 39.93185 ], [ -0.913821, 39.91801 ], [ -0.9102253, 39.86811 ], [ -0.895058, 39.85678 ], [ -0.8674194, 39.84678 ], [ -0.8281314, 39.87144 ], [ -0.7976943, 39.88107 ], [ -0.7975778, 39.88325 ], [ -0.8299861, 39.90678 ], [ -0.8462964, 39.9477 ], [ -0.834811, 39.97934 ], [ -0.7901524, 39.98978 ], [ -0.7678292, 40.0092 ], [ -0.7622702, 40.04126 ], [ -0.7133048, 40.04222 ], [ -0.702867, 40.0466 ], [ -0.6798776, 40.04568 ], [ -0.6641148, 40.05144 ], [ -0.6461659, 40.0675 ], [ -0.6141965, 40.0714 ], [ -0.6287022, 40.1021 ], [ -0.6092932, 40.1257 ], [ -0.5801335, 40.13723 ], [ -0.5724955, 40.17372 ], [ -0.57216, 40.18147 ], [ -0.5578881, 40.20084 ], [ -0.5478982, 40.24426 ], [ -0.5105859, 40.23178 ], [ -0.5015665, 40.23319 ], [ -0.4518054, 40.23532 ], [ -0.3885474, 40.26161 ], [ -0.3829096, 40.27852 ], [ -0.3901102, 40.30564 ], [ -0.3582462, 40.31295 ], [ -0.314438, 40.35834 ], [ -0.2800547, 40.36949 ], [ -0.2853893, 40.38649 ], [ -0.3328267, 40.42554 ], [ -0.3473546, 40.44394 ], [ -0.3370945, 40.45655 ], [ -0.2714326, 40.4785 ], [ -0.2745458, 40.49658 ], [ -0.2976918, 40.50577 ], [ -0.2974804, 40.53129 ], [ -0.2961899, 40.56452 ], [ -0.2943078, 40.58395 ], [ -0.2944686, 40.61217 ], [ -0.3220849, 40.60284 ], [ -0.3796676, 40.62353 ], [ -0.3709603, 40.6511 ], [ -0.3815132, 40.66158 ], [ -0.3561674, 40.67769 ], [ -0.3288173, 40.68028 ], [ -0.3073104, 40.662 ], [ -0.260992, 40.68509 ], [ -0.2375306, 40.69794 ], [ -0.2392558, 40.71804 ], [ -0.2240336, 40.75416 ], [ -0.1971756, 40.78446 ], [ -0.1445323, 40.78544 ], [ -0.1268399, 40.75332 ], [ -0.1020377, 40.74271 ], [ -0.05371362, 40.72788 ], [ -0.04366528, 40.7262 ], [ -0.01771506, 40.7312 ], [ 0.01520349, 40.72862 ], [ 0.02643911, 40.69495 ], [ 0.04217563, 40.69101 ], [ 0.07268858, 40.71431 ], [ 0.1125022, 40.72714 ], [ 0.1413472, 40.71847 ], [ 0.1707236, 40.73284 ], [ 0.1972915, 40.72417 ], [ 0.2179186, 40.7326 ], [ 0.2418792, 40.70037 ], [ 0.2701297, 40.70308 ], [ 0.2923245, 40.68518 ], [ 0.2678311, 40.659 ], [ 0.2788298, 40.63006 ], [ 0.3109848, 40.61695 ], [ 0.3110538, 40.6169 ], [ 0.3297407, 40.61105 ], [ 0.3923436, 40.60417 ], [ 0.4063799, 40.59725 ], [ 0.4175967, 40.58781 ], [ 0.4242214, 40.58385 ], [ 0.4379555, 40.54707 ], [ 0.515141, 40.52295 ], [ 0.4766164, 40.46646 ], [ 0.453603, 40.44277 ], [ 0.4175884, 40.39958 ], [ 0.4040029, 40.36122 ], [ 0.354436, 40.31214 ], [ 0.3226139, 40.27435 ], [ 0.2789292, 40.24419 ], [ 0.2559982, 40.20327 ], [ 0.2307125, 40.19794 ], [ 0.2014773, 40.18074 ], [ 0.160874, 40.12391 ], [ 0.14763, 40.08278 ], [ 0.1088548, 40.05764 ], [ 0.09003333, 40.05578 ], [ 0.0498298, 40.03581 ], [ 0.03947611, 40.01538 ], [ 0.02434533, 39.97808 ], [ 0.002440858, 39.94283 ], [ -0.01009661, 39.91104 ], [ -0.09626915, 39.84155 ], [ -0.1234348, 39.80888 ], [ -0.1522236, 39.77015 ], [ -0.1664801, 39.7524 ], [ -0.1885713, 39.72196 ], [ -0.2024607, 39.68551 ], [ -0.2036186, 39.67178 ], [ -0.2156879, 39.6473 ], [ -0.2588917, 39.61493 ], [ -0.2680619, 39.59825 ], [ -0.2804366, 39.56617 ], [ -0.2867125, 39.56013 ], [ -0.2894437, 39.55665 ], [ -0.2956692, 39.54947 ], [ -0.299353, 39.54509 ], [ -0.3107734, 39.53047 ], [ -0.3123153, 39.52789 ], [ -0.3139865, 39.52498 ], [ -0.3190428, 39.51449 ], [ -0.3235274, 39.48462 ], [ -0.3197961, 39.46274 ], [ -0.3256731, 39.44341 ], [ -0.3341126, 39.42518 ], [ -0.3251915, 39.38751 ], [ -0.302954, 39.33008 ], [ -0.2737455, 39.27909 ], [ -0.2627143, 39.25821 ], [ -0.2540176, 39.24182 ], [ -0.2487722, 39.23253 ], [ -0.2446536, 39.22543 ], [ -0.2211929, 39.18771 ], [ -0.2249542, 39.18086 ], [ -0.2392812, 39.14951 ], [ -0.222021, 39.10578 ], [ -0.1994807, 39.0585 ], [ -0.181216, 39.03079 ], [ -0.1469448, 38.9834 ], [ -0.136017, 38.97099 ], [ -0.132992, 38.96818 ], [ -0.1277091, 38.9627 ], [ -0.1189322, 38.95402 ], [ -0.107776, 38.94352 ], [ -0.03769147, 38.88642 ], [ -0.01275947, 38.87103 ], [ 0.04371894, 38.86042 ], [ 0.09451457, 38.85424 ], [ 0.1166158, 38.83743 ], [ 0.1471228, 38.83158 ], [ 0.1667612, 38.81783 ], [ 0.1991831, 38.80242 ], [ 0.1827887, 38.79134 ], [ 0.1916984, 38.77501 ], [ 0.2218822, 38.75735 ], [ 0.2309032, 38.73366 ], [ 0.1919267, 38.72444 ], [ 0.1793499, 38.7168 ], [ 0.1559097, 38.69808 ], [ 0.1468742, 38.68733 ], [ 0.1085381, 38.67508 ], [ 0.08486871, 38.65953 ], [ 0.07037013, 38.63941 ], [ 0.04679969, 38.64132 ], [ 0.01010904, 38.63279 ], [ -0.02131569, 38.6226 ], [ -0.06402163, 38.57705 ], [ -0.06829707, 38.54728 ], [ -0.09694014, 38.52371 ], [ -0.1265751, 38.53498 ], [ -0.1386327, 38.53652 ], [ -0.1638973, 38.52333 ], [ -0.1677142, 38.52312 ], [ -0.2370368, 38.49961 ], [ -0.301444, 38.48193 ], [ -0.3433797, 38.45527 ], [ -0.3755668, 38.44198 ], [ -0.4012711, 38.41209 ], [ -0.4088825, 38.38228 ], [ -0.4101444, 38.36276 ], [ -0.4379708, 38.36139 ], [ -0.4741513, 38.34805 ], [ -0.4827184, 38.343 ], [ -0.4873649, 38.33929 ], [ -0.4920677, 38.33497 ], [ -0.5169374, 38.3099 ], [ -0.5221465, 38.27485 ], [ -0.5104339, 38.22424 ], [ -0.5143461, 38.1969 ], [ -0.5379637, 38.18862 ], [ -0.5919854, 38.18903 ], [ -0.6260105, 38.15448 ], [ -0.6385265, 38.12837 ], [ -0.6505729, 38.05469 ], [ -0.6504479, 38.02958 ], [ -0.6527293, 37.99788 ], [ -0.6640092, 37.98046 ], [ -0.6777042, 37.9742 ], [ -0.6890624, 37.97547 ], [ -0.7046976, 37.94885 ], [ -0.7224558, 37.92047 ], [ -0.7491483, 37.89976 ], [ -0.762209, 37.84702 ], [ -0.7481943, 37.79068 ], [ -0.7616574, 37.79449 ], [ -0.7899816, 37.81395 ], [ -0.8021096, 37.79319 ], [ -0.8128452, 37.7698 ], [ -0.8452778, 37.74869 ], [ -0.8585272, 37.71575 ], [ -0.8142664, 37.66557 ], [ -0.7738961, 37.64855 ], [ -0.7471507, 37.63459 ], [ -0.7278096, 37.63476 ], [ -0.7086021, 37.64046 ], [ -0.7006622, 37.6311 ], [ -0.7351275, 37.60103 ], [ -0.7792813, 37.59527 ], [ -0.8117784, 37.58213 ], [ -0.8416177, 37.5853 ], [ -0.8709947, 37.5761 ], [ -0.8921019, 37.56844 ], [ -0.9159503, 37.55975 ], [ -0.952105, 37.55782 ], [ -0.9662463, 37.57516 ], [ -0.9851306, 37.59716 ], [ -0.9880562, 37.5971 ], [ -0.9887352, 37.5879 ], [ -1.011965, 37.5754 ], [ -1.045759, 37.57944 ], [ -1.056619, 37.58296 ], [ -1.109236, 37.56878 ], [ -1.126569, 37.53966 ], [ -1.165353, 37.54163 ], [ -1.168687, 37.55754 ], [ -1.200086, 37.57325 ], [ -1.238736, 37.57788 ], [ -1.253898, 37.57058 ], [ -1.276079, 37.55841 ], [ -1.298052, 37.56074 ], [ -1.331482, 37.55894 ], [ -1.360419, 37.54611 ], [ -1.403351, 37.50692 ], [ -1.449181, 37.49279 ], [ -1.465092, 37.48131 ], [ -1.497398, 37.42228 ], [ -1.518543, 37.43196 ], [ -1.555117, 37.4125 ], [ -1.597931, 37.3972 ], [ -1.630079, 37.37519 ], [ -1.650797, 37.35661 ], [ -1.683946, 37.34523 ], [ -1.691104, 37.3353 ], [ -1.707598, 37.3042 ], [ -1.73361, 37.28202 ], [ -1.74748, 37.27013 ], [ -1.748462, 37.26887 ], [ -1.783923, 37.23368 ], [ -1.796316, 37.22939 ], [ -1.815949, 37.18852 ], [ -1.823556, 37.16954 ], [ -1.832993, 37.11916 ], [ -1.844615, 37.10842 ], [ -1.8496, 37.06832 ], [ -1.863145, 37.04556 ], [ -1.878037, 37.01685 ], [ -1.899203, 36.99142 ], [ -1.898935, 36.95792 ], [ -1.90378, 36.9379 ], [ -1.932781, 36.93897 ], [ -1.965622, 36.90383 ], [ -1.982635, 36.90211 ], [ -2.003644, 36.88155 ], [ -2.000882, 36.83978 ], [ -2.037901, 36.82504 ], [ -2.061955, 36.80657 ], [ -2.062771, 36.77641 ], [ -2.104686, 36.76346 ], [ -2.121115, 36.7336 ], [ -2.155192, 36.72992 ], [ -2.193749, 36.7215 ], [ -2.20229, 36.73045 ], [ -2.23376, 36.76774 ], [ -2.284332, 36.81428 ], [ -2.336404, 36.83717 ], [ -2.373357, 36.83936 ], [ -2.428654, 36.81065 ], [ -2.46354, 36.83205 ], [ -2.467042, 36.83021 ], [ -2.465434, 36.83365 ], [ -2.474971, 36.83682 ], [ -2.501906, 36.82488 ], [ -2.529791, 36.82255 ], [ -2.553788, 36.81752 ], [ -2.587464, 36.79034 ], [ -2.60318, 36.76779 ], [ -2.612309, 36.73795 ], [ -2.657184, 36.69772 ], [ -2.700611, 36.68273 ], [ -2.736448, 36.68397 ], [ -2.771712, 36.68076 ], [ -2.800433, 36.70179 ], [ -2.833892, 36.70364 ], [ -2.857626, 36.69851 ], [ -2.870435, 36.71216 ], [ -2.907121, 36.74306 ], [ -2.931623, 36.75079 ], [ -2.977088, 36.73814 ], [ -3.00445, 36.7423 ], [ -3.032314, 36.7471 ], [ -3.071392, 36.74568 ], [ -3.128694, 36.7509 ], [ -3.131595, 36.7552 ], [ -3.139469, 36.78705 ], [ -3.140187, 36.78779 ], [ -3.092683, 36.80978 ], [ -3.073953, 36.82468 ], [ -3.043289, 36.83171 ], [ -3.029007, 36.84444 ], [ -3.043271, 36.87912 ], [ -3.05664, 36.88506 ], [ -3.060764, 36.89214 ], [ -3.071934, 36.91929 ], [ -3.055862, 36.91184 ], [ -3.031316, 36.92459 ], [ -3.02722, 36.9494 ], [ -2.992635, 36.95731 ], [ -2.978491, 36.99266 ], [ -2.998943, 37.01222 ], [ -3.016228, 37.05221 ], [ -3.029577, 37.11325 ], [ -3.015012, 37.11328 ], [ -3.003936, 37.09711 ], [ -2.948964, 37.09655 ], [ -2.927737, 37.15755 ], [ -2.8953, 37.16705 ], [ -2.879207, 37.19315 ], [ -2.874963, 37.23146 ], [ -2.851144, 37.27612 ], [ -2.830369, 37.28009 ], [ -2.794486, 37.26336 ], [ -2.775592, 37.24559 ], [ -2.759033, 37.22671 ], [ -2.714251, 37.23159 ], [ -2.68171, 37.21703 ], [ -2.657626, 37.22892 ], [ -2.667512, 37.24952 ], [ -2.664425, 37.2869 ], [ -2.651744, 37.30899 ], [ -2.654601, 37.34061 ], [ -2.637292, 37.34333 ], [ -2.642015, 37.37337 ], [ -2.635622, 37.39421 ], [ -2.608301, 37.41099 ], [ -2.594962, 37.42183 ], [ -2.57121, 37.44266 ], [ -2.535051, 37.46204 ], [ -2.521076, 37.47278 ], [ -2.503089, 37.48351 ], [ -2.4741, 37.48347 ], [ -2.459374, 37.50221 ], [ -2.38115, 37.52292 ], [ -2.358657, 37.52475 ], [ -2.355729, 37.54699 ], [ -2.367457, 37.56305 ], [ -2.367896, 37.59158 ], [ -2.39127, 37.63248 ], [ -2.363767, 37.62147 ], [ -2.315817, 37.62219 ], [ -2.308739, 37.63517 ], [ -2.32346, 37.66545 ], [ -2.323069, 37.69486 ], [ -2.300449, 37.7354 ], [ -2.276785, 37.77622 ], [ -2.301802, 37.81023 ], [ -2.293567, 37.82813 ], [ -2.29495, 37.87632 ], [ -2.265684, 37.88092 ], [ -2.250783, 37.89718 ], [ -2.207673, 37.91657 ], [ -2.238218, 37.92879 ], [ -2.280085, 37.96312 ], [ -2.299196, 38.00277 ], [ -2.341632, 38.026 ], [ -2.373079, 38.02328 ], [ -2.423412, 38.0337 ], [ -2.431703, 38.04316 ], [ -2.481773, 38.05525 ], [ -2.551296, 38.08409 ], [ -2.516555, 38.11569 ], [ -2.481334, 38.15138 ], [ -2.409391, 38.18853 ], [ -2.446016, 38.20222 ], [ -2.453701, 38.21825 ], [ -2.442862, 38.23127 ], [ -2.435466, 38.26542 ], [ -2.440778, 38.28511 ], [ -2.481481, 38.29495 ], [ -2.484156, 38.31589 ], [ -2.480085, 38.33764 ], [ -2.49238, 38.3713 ], [ -2.481589, 38.39308 ], [ -2.491866, 38.39874 ], [ -2.571541, 38.41393 ], [ -2.571879, 38.43787 ], [ -2.566624, 38.49047 ], [ -2.604295, 38.51289 ], [ -2.643344, 38.5075 ], [ -2.672721, 38.49662 ], [ -2.697431, 38.50019 ], [ -2.728101, 38.5119 ], [ -2.762077, 38.53275 ], [ -2.779207, 38.5103 ], [ -2.780575, 38.50933 ], [ -2.808194, 38.4972 ], [ -2.85644, 38.47425 ], [ -2.88149, 38.45264 ], [ -2.901382, 38.46429 ], [ -2.938443, 38.47474 ], [ -2.963586, 38.47145 ], [ -2.996305, 38.44479 ], [ -3.002515, 38.40826 ], [ -3.064966, 38.47825 ], [ -3.130199, 38.43877 ], [ -3.180025, 38.44992 ], [ -3.219537, 38.45291 ], [ -3.232218, 38.45476 ], [ -3.280009, 38.4604 ], [ -3.305258, 38.47928 ], [ -3.335348, 38.4805 ], [ -3.375012, 38.47523 ], [ -3.380374, 38.45055 ], [ -3.376684, 38.4396 ], [ -3.424824, 38.4068 ], [ -3.453163, 38.4002 ], [ -3.524254, 38.4091 ], [ -3.541888, 38.44538 ], [ -3.583076, 38.45147 ], [ -3.585846, 38.4056 ], [ -3.598236, 38.39847 ], [ -3.620472, 38.39399 ], [ -3.65166, 38.40501 ], [ -3.702912, 38.41393 ], [ -3.739662, 38.41399 ], [ -3.785612, 38.42527 ], [ -3.824289, 38.4163 ], [ -3.830561, 38.3929 ], [ -3.859884, 38.37334 ], [ -3.961937, 38.3661 ], [ -4.006447, 38.36807 ], [ -4.046647, 38.37743 ], [ -4.086351, 38.37671 ], [ -4.144925, 38.38643 ], [ -4.156557, 38.38132 ], [ -4.22199, 38.39716 ], [ -4.267566, 38.39842 ], [ -4.2768, 38.39021 ], [ -4.26887, 38.34717 ], [ -4.283864, 38.34411 ], [ -4.319561, 38.36154 ], [ -4.435173, 38.40223 ], [ -4.449306, 38.40057 ], [ -4.471269, 38.42598 ], [ -4.503486, 38.4505 ], [ -4.512691, 38.46385 ], [ -4.557375, 38.47647 ], [ -4.566999, 38.49092 ], [ -4.609017, 38.49502 ], [ -4.624278, 38.52412 ], [ -4.667231, 38.54777 ], [ -4.694144, 38.54897 ], [ -4.708375, 38.57239 ], [ -4.733406, 38.57464 ], [ -4.740996, 38.57761 ] ] ] ] } },
{ "type": "Feature", "properties": { "OWNERID__R.NAME": "Rosa Maria Ortega Moral", "OWNERID__R.MANAGER.NAME": "Gilles San Pedro", "OWNERID__R.DIVISION": "ESPAGNE", "PAYS__C": "Espagne" }, "geometry": { "type": "MultiPolygon", "coordinates": [ [ [ [ -4.230612, 42.89669 ], [ -4.238489, 42.95437 ], [ -4.262225, 42.96527 ], [ -4.348485, 42.97258 ], [ -4.362884, 42.98493 ], [ -4.403982, 43.03814 ], [ -4.404036, 43.03816 ], [ -4.463097, 43.06006 ], [ -4.475713, 43.0387 ], [ -4.513765, 43.04467 ], [ -4.55229, 43.02538 ], [ -4.590607, 43.02587 ], [ -4.606084, 43.03577 ], [ -4.640379, 43.01719 ], [ -4.672737, 43.02133 ], [ -4.699508, 43.02666 ], [ -4.737004, 43.02099 ], [ -4.734216, 43.04707 ], [ -4.766114, 43.05563 ], [ -4.766497, 43.07455 ], [ -4.832806, 43.10266 ], [ -4.835051, 43.10871 ], [ -4.851426, 43.12594 ], [ -4.834737, 43.15822 ], [ -4.841023, 43.18078 ], [ -4.819042, 43.17896 ], [ -4.768274, 43.18956 ], [ -4.733527, 43.19461 ], [ -4.729929, 43.22408 ], [ -4.710871, 43.22816 ], [ -4.69096, 43.24909 ], [ -4.669318, 43.24601 ], [ -4.631883, 43.26765 ], [ -4.634799, 43.27726 ], [ -4.59916, 43.29887 ], [ -4.555242, 43.2881 ], [ -4.547773, 43.26869 ], [ -4.521713, 43.28063 ], [ -4.522349, 43.33578 ], [ -4.539457, 43.34396 ], [ -4.521503, 43.36758 ], [ -4.516094, 43.37676 ], [ -4.51228, 43.39329 ], [ -4.473957, 43.38897 ], [ -4.443814, 43.39755 ], [ -4.407016, 43.39736 ], [ -4.379016, 43.39067 ], [ -4.340137, 43.40601 ], [ -4.333262, 43.39212 ], [ -4.304967, 43.39083 ], [ -4.280966, 43.38722 ], [ -4.233245, 43.40052 ], [ -4.22234, 43.39559 ], [ -4.208832, 43.4012 ], [ -4.189327, 43.40285 ], [ -4.133635, 43.41413 ], [ -4.111246, 43.41892 ], [ -4.081884, 43.43819 ], [ -4.065005, 43.4322 ], [ -4.035287, 43.43528 ], [ -4.007211, 43.44336 ], [ -3.982054, 43.44127 ], [ -3.945673, 43.46827 ], [ -3.916245, 43.47457 ], [ -3.881714, 43.47481 ], [ -3.861984, 43.4759 ], [ -3.810906, 43.49459 ], [ -3.786363, 43.4817 ], [ -3.780903, 43.46367 ], [ -3.808535, 43.45695 ], [ -3.823928, 43.44896 ], [ -3.830602, 43.43508 ], [ -3.821982, 43.41288 ], [ -3.814452, 43.40213 ], [ -3.79575, 43.41542 ], [ -3.786079, 43.41997 ], [ -3.759694, 43.43223 ], [ -3.742521, 43.43229 ], [ -3.731525, 43.45974 ], [ -3.72392, 43.47328 ], [ -3.689333, 43.47515 ], [ -3.655122, 43.49254 ], [ -3.649141, 43.49541 ], [ -3.57846, 43.50651 ], [ -3.550461, 43.50872 ], [ -3.542467, 43.49327 ], [ -3.518684, 43.49483 ], [ -3.509793, 43.47735 ], [ -3.475502, 43.46892 ], [ -3.465554, 43.46534 ], [ -3.433154, 43.4636 ], [ -3.427254, 43.44886 ], [ -3.46503, 43.44468 ], [ -3.491551, 43.42324 ], [ -3.468379, 43.43108 ], [ -3.461033, 43.42257 ], [ -3.462681, 43.40378 ], [ -3.460196, 43.40342 ], [ -3.434648, 43.41781 ], [ -3.407375, 43.41567 ], [ -3.382184, 43.4154 ], [ -3.337436, 43.41385 ], [ -3.31538, 43.40276 ], [ -3.25735, 43.40329 ], [ -3.229931, 43.39585 ], [ -3.205259, 43.374 ], [ -3.184326, 43.36495 ], [ -3.153535, 43.35282 ], [ -3.115772, 43.34913 ], [ -3.104039, 43.3655 ], [ -3.06919, 43.34682 ], [ -3.023702, 43.3282 ], [ -3.00998, 43.31523 ], [ -3.006663, 43.31855 ], [ -3.011087, 43.31992 ], [ -3.010202, 43.33671 ], [ -3.014893, 43.34901 ], [ -3.01676, 43.34968 ], [ -3.037043, 43.37304 ], [ -3.005568, 43.38319 ], [ -2.985987, 43.39508 ], [ -2.950317, 43.40313 ], [ -2.944402, 43.41498 ], [ -2.946815, 43.4359 ], [ -2.920611, 43.43724 ], [ -2.844256, 43.43183 ], [ -2.800068, 43.43287 ], [ -2.783244, 43.44823 ], [ -2.761634, 43.44929 ], [ -2.714325, 43.4183 ], [ -2.695023, 43.39716 ], [ -2.694604, 43.39247 ], [ -2.69113, 43.38861 ], [ -2.687018, 43.38195 ], [ -2.676796, 43.374 ], [ -2.680484, 43.39464 ], [ -2.654852, 43.41281 ], [ -2.6312, 43.3985 ], [ -2.589613, 43.38725 ], [ -2.562605, 43.39036 ], [ -2.554373, 43.37454 ], [ -2.513324, 43.3768 ], [ -2.498845, 43.36038 ], [ -2.463997, 43.33876 ], [ -2.438495, 43.33392 ], [ -2.411671, 43.32018 ], [ -2.355123, 43.30027 ], [ -2.339777, 43.30305 ], [ -2.284738, 43.29468 ], [ -2.274786, 43.29685 ], [ -2.246789, 43.30101 ], [ -2.223013, 43.31045 ], [ -2.189638, 43.29233 ], [ -2.143724, 43.28716 ], [ -2.082536, 43.30798 ], [ -2.022917, 43.32218 ], [ -1.999026, 43.31603 ], [ -1.987141, 43.3192 ], [ -1.987019, 43.32038 ], [ -1.980047, 43.32358 ], [ -1.972785, 43.32806 ], [ -1.931596, 43.33385 ], [ -1.906745, 43.32122 ], [ -1.909362, 43.32325 ], [ -1.916975, 43.33669 ], [ -1.88525, 43.34948 ], [ -1.871096, 43.36798 ], [ -1.826858, 43.38518 ], [ -1.797789, 43.37733 ], [ -1.788271, 43.35561 ], [ -1.784494, 43.34918 ], [ -1.777408, 43.34775 ], [ -1.737698, 43.33017 ], [ -1.729141, 43.29612 ], [ -1.694393, 43.31225 ], [ -1.668301, 43.31463 ], [ -1.622697, 43.30071 ], [ -1.625575, 43.2707 ], [ -1.60872, 43.25182 ], [ -1.575236, 43.25004 ], [ -1.556927, 43.29095 ], [ -1.514135, 43.29415 ], [ -1.51213, 43.29382 ], [ -1.502083, 43.2881 ], [ -1.492322, 43.28039 ], [ -1.42459, 43.26787 ], [ -1.412735, 43.2736 ], [ -1.382788, 43.25325 ], [ -1.38197, 43.19956 ], [ -1.402306, 43.17775 ], [ -1.414842, 43.12887 ], [ -1.462798, 43.09844 ], [ -1.472082, 43.0822 ], [ -1.510459, 43.09006 ], [ -1.537819, 43.07212 ], [ -1.556108, 43.04001 ], [ -1.554972, 43.0394 ], [ -1.552651, 42.99932 ], [ -1.567247, 42.97834 ], [ -1.552652, 42.93461 ], [ -1.578748, 42.91185 ], [ -1.579735, 42.89635 ], [ -1.587207, 42.87173 ], [ -1.595962, 42.83908 ], [ -1.573932, 42.83505 ], [ -1.549013, 42.86097 ], [ -1.521588, 42.86547 ], [ -1.501648, 42.86947 ], [ -1.491976, 42.84649 ], [ -1.508075, 42.8066 ], [ -1.522721, 42.79533 ], [ -1.510609, 42.78639 ], [ -1.510495, 42.78107 ], [ -1.517775, 42.76455 ], [ -1.54053, 42.74549 ], [ -1.598279, 42.75547 ], [ -1.590222, 42.73435 ], [ -1.59612, 42.69218 ], [ -1.602984, 42.69306 ], [ -1.632041, 42.66767 ], [ -1.656121, 42.65721 ], [ -1.671331, 42.63369 ], [ -1.680503, 42.62901 ], [ -1.702154, 42.61129 ], [ -1.749051, 42.6259 ], [ -1.771689, 42.62601 ], [ -1.778255, 42.62421 ], [ -1.808577, 42.63755 ], [ -1.833684, 42.64028 ], [ -1.862323, 42.62732 ], [ -1.90324, 42.614 ], [ -1.893211, 42.59028 ], [ -1.888958, 42.58533 ], [ -1.929887, 42.56283 ], [ -1.934672, 42.52651 ], [ -1.971958, 42.53141 ], [ -2.007316, 42.51966 ], [ -2.036228, 42.49893 ], [ -2.046456, 42.50224 ], [ -2.081095, 42.50261 ], [ -2.120047, 42.4998 ], [ -2.148261, 42.5174 ], [ -2.162455, 42.48834 ], [ -2.198275, 42.49543 ], [ -2.229288, 42.47204 ], [ -2.278258, 42.48643 ], [ -2.283942, 42.47362 ], [ -2.287999, 42.46718 ], [ -2.326998, 42.46862 ], [ -2.342515, 42.45182 ], [ -2.351469, 42.46537 ], [ -2.400344, 42.47199 ], [ -2.420612, 42.48914 ], [ -2.449182, 42.49689 ], [ -2.47254, 42.4925 ], [ -2.476955, 42.48693 ], [ -2.513166, 42.48985 ], [ -2.505399, 42.5129 ], [ -2.538038, 42.49318 ], [ -2.529349, 42.48539 ], [ -2.537246, 42.48336 ], [ -2.549032, 42.48445 ], [ -2.568259, 42.49415 ], [ -2.591242, 42.48274 ], [ -2.60091, 42.48456 ], [ -2.608549, 42.4987 ], [ -2.654329, 42.49754 ], [ -2.668403, 42.50977 ], [ -2.694481, 42.51844 ], [ -2.705495, 42.51677 ], [ -2.699112, 42.52749 ], [ -2.681579, 42.59562 ], [ -2.70794, 42.60025 ], [ -2.730575, 42.61762 ], [ -2.765925, 42.62003 ], [ -2.776426, 42.58813 ], [ -2.803488, 42.5646 ], [ -2.815819, 42.56784 ], [ -2.824995, 42.55494 ], [ -2.840847, 42.58119 ], [ -2.823643, 42.60146 ], [ -2.819899, 42.6145 ], [ -2.8418, 42.6086 ], [ -2.856385, 42.63746 ], [ -2.888384, 42.64879 ], [ -2.899586, 42.6735 ], [ -2.897093, 42.67695 ], [ -2.905155, 42.69396 ], [ -2.919976, 42.69919 ], [ -2.930346, 42.70084 ], [ -2.987007, 42.70885 ], [ -3.006217, 42.73309 ], [ -3.040242, 42.7383 ], [ -3.060442, 42.762 ], [ -3.098997, 42.76689 ], [ -3.13121, 42.75809 ], [ -3.123301, 42.78933 ], [ -3.159229, 42.80459 ], [ -3.21697, 42.82652 ], [ -3.282609, 42.87551 ], [ -3.286767, 42.88515 ], [ -3.277239, 42.90158 ], [ -3.248545, 42.91215 ], [ -3.221481, 42.94916 ], [ -3.144732, 42.93468 ], [ -3.150834, 42.91919 ], [ -3.126531, 42.90406 ], [ -3.090134, 42.89902 ], [ -3.016225, 42.91055 ], [ -2.981357, 42.93898 ], [ -2.99608, 42.95287 ], [ -3.041475, 42.96992 ], [ -3.036957, 42.98223 ], [ -3.066786, 43.00414 ], [ -3.089418, 43.00175 ], [ -3.141835, 43.00723 ], [ -3.177802, 43.02198 ], [ -3.147677, 43.0345 ], [ -3.140186, 43.06245 ], [ -3.153898, 43.07119 ], [ -3.154283, 43.07134 ], [ -3.133941, 43.09723 ], [ -3.169659, 43.10959 ], [ -3.171198, 43.13154 ], [ -3.161848, 43.15426 ], [ -3.141351, 43.16154 ], [ -3.148419, 43.17401 ], [ -3.156094, 43.1772 ], [ -3.179567, 43.17429 ], [ -3.223498, 43.17225 ], [ -3.253043, 43.19827 ], [ -3.276879, 43.19433 ], [ -3.285943, 43.18692 ], [ -3.302736, 43.17849 ], [ -3.34197, 43.16684 ], [ -3.359207, 43.15226 ], [ -3.383734, 43.14329 ], [ -3.412991, 43.13414 ], [ -3.417646, 43.13343 ], [ -3.474542, 43.13655 ], [ -3.508439, 43.13658 ], [ -3.53703, 43.14539 ], [ -3.585584, 43.1545 ], [ -3.630312, 43.17288 ], [ -3.655162, 43.17157 ], [ -3.676622, 43.15508 ], [ -3.702927, 43.11809 ], [ -3.719249, 43.10835 ], [ -3.755982, 43.09911 ], [ -3.760558, 43.08352 ], [ -3.790281, 43.07813 ], [ -3.810208, 43.08665 ], [ -3.846961, 43.0844 ], [ -3.847458, 43.07301 ], [ -3.833725, 43.06318 ], [ -3.851115, 43.03909 ], [ -3.874582, 43.04349 ], [ -3.878085, 43.04243 ], [ -3.909261, 43.0161 ], [ -3.945465, 43.00577 ], [ -3.974032, 42.9686 ], [ -3.989574, 42.93372 ], [ -3.972855, 42.91169 ], [ -3.941844, 42.90976 ], [ -3.891277, 42.92549 ], [ -3.887383, 42.94877 ], [ -3.854233, 42.94858 ], [ -3.829927, 42.92769 ], [ -3.852085, 42.91895 ], [ -3.861938, 42.88843 ], [ -3.825353, 42.86863 ], [ -3.833776, 42.85217 ], [ -3.816512, 42.83593 ], [ -3.816032, 42.81056 ], [ -3.829047, 42.79872 ], [ -3.864612, 42.78661 ], [ -3.894446, 42.80454 ], [ -3.902051, 42.78845 ], [ -3.946582, 42.76191 ], [ -3.978885, 42.75808 ], [ -4.003094, 42.76336 ], [ -4.045912, 42.76661 ], [ -4.08134, 42.76146 ], [ -4.100479, 42.79173 ], [ -4.149915, 42.78931 ], [ -4.181902, 42.81034 ], [ -4.178566, 42.82625 ], [ -4.145572, 42.82896 ], [ -4.128477, 42.84627 ], [ -4.149901, 42.87113 ], [ -4.182483, 42.8578 ], [ -4.196485, 42.84825 ], [ -4.2257, 42.85888 ], [ -4.230612, 42.89669 ] ], [ [ -2.145639, 42.5836 ], [ -2.124241, 42.60267 ], [ -2.086085, 42.62046 ], [ -2.08636, 42.62085 ], [ -2.135547, 42.61578 ], [ -2.135802, 42.61479 ], [ -2.145639, 42.5836 ] ], [ [ -2.207781, 42.72452 ], [ -2.194942, 42.70482 ], [ -2.214378, 42.68672 ], [ -2.21106, 42.67884 ], [ -2.181305, 42.67217 ], [ -2.156657, 42.67281 ], [ -2.127703, 42.65619 ], [ -2.157258, 42.67884 ], [ -2.155158, 42.69244 ], [ -2.126853, 42.71196 ], [ -2.099857, 42.75337 ], [ -2.126996, 42.7645 ], [ -2.194411, 42.75228 ], [ -2.242199, 42.76172 ], [ -2.271462, 42.76627 ], [ -2.273437, 42.74187 ], [ -2.207781, 42.72452 ] ], [ [ -2.563946, 42.74618 ], [ -2.589366, 42.75032 ], [ -2.609057, 42.77076 ], [ -2.634205, 42.76492 ], [ -2.657154, 42.7731 ], [ -2.682642, 42.77977 ], [ -2.737648, 42.79277 ], [ -2.750976, 42.79282 ], [ -2.778448, 42.79302 ], [ -2.821061, 42.78781 ], [ -2.852791, 42.76955 ], [ -2.863376, 42.74521 ], [ -2.82732, 42.71217 ], [ -2.82437, 42.70879 ], [ -2.815476, 42.70743 ], [ -2.78352, 42.69616 ], [ -2.771062, 42.6773 ], [ -2.751544, 42.67606 ], [ -2.731098, 42.68097 ], [ -2.707223, 42.68632 ], [ -2.677557, 42.66933 ], [ -2.67425, 42.66927 ], [ -2.643548, 42.6533 ], [ -2.618223, 42.64837 ], [ -2.596333, 42.65085 ], [ -2.585834, 42.6818 ], [ -2.608979, 42.69596 ], [ -2.56433, 42.73687 ], [ -2.563946, 42.74618 ] ], [ [ -2.009031, 42.86186 ], [ -2.028139, 42.82185 ], [ -1.990137, 42.81171 ], [ -1.935246, 42.81745 ], [ -1.947854, 42.82464 ], [ -1.909693, 42.88251 ], [ -1.873409, 42.88668 ], [ -1.882293, 42.88861 ], [ -1.92672, 42.88698 ], [ -1.94662, 42.88603 ], [ -1.995422, 42.89302 ], [ -1.939116, 42.87621 ], [ -1.943075, 42.86596 ], [ -2.009031, 42.86186 ] ], [ [ -2.026913, 42.99888 ], [ -2.052576, 42.97632 ], [ -2.054785, 42.97252 ], [ -2.039873, 42.9691 ], [ -2.027317, 42.96527 ], [ -2.010153, 42.95662 ], [ -1.988308, 42.95378 ], [ -1.963054, 42.96086 ], [ -1.975783, 42.98642 ], [ -1.980538, 42.98898 ], [ -1.985011, 42.99068 ], [ -2.026913, 42.99888 ] ] ] ] } },
{ "type": "Feature", "properties": { "OWNERID__R.NAME": "Zineddine Touati", "OWNERID__R.MANAGER.NAME": "Gilles San Pedro", "OWNERID__R.DIVISION": "ESPAGNE", "PAYS__C": "Espagne" }, "geometry": { "type": "MultiPolygon", "coordinates": [ [ [ [ -8.824347, 42.11904 ], [ -8.820474, 42.1269 ], [ -8.820329, 42.15949 ], [ -8.818121, 42.16527 ], [ -8.814093, 42.17604 ], [ -8.792951, 42.19838 ], [ -8.778738, 42.20262 ], [ -8.772849, 42.22294 ], [ -8.737555, 42.22874 ], [ -8.707889, 42.2436 ], [ -8.693397, 42.25748 ], [ -8.677142, 42.26434 ], [ -8.663303, 42.28136 ], [ -8.65687, 42.28493 ], [ -8.615316, 42.28608 ], [ -8.611916, 42.28915 ], [ -8.618127, 42.31664 ], [ -8.614731, 42.32985 ], [ -8.617415, 42.34931 ], [ -8.640558, 42.34051 ], [ -8.637946, 42.32571 ], [ -8.661913, 42.31136 ], [ -8.658922, 42.29143 ], [ -8.696257, 42.2802 ], [ -8.728398, 42.28585 ], [ -8.735501, 42.28237 ], [ -8.735842, 42.27825 ], [ -8.758693, 42.26221 ], [ -8.78081, 42.26367 ], [ -8.785377, 42.25982 ], [ -8.812489, 42.25893 ], [ -8.823195, 42.25203 ], [ -8.863177, 42.26894 ], [ -8.85932, 42.30555 ], [ -8.824259, 42.27523 ], [ -8.81943, 42.30262 ], [ -8.828639, 42.32822 ], [ -8.800245, 42.33907 ], [ -8.785983, 42.32745 ], [ -8.77128, 42.33231 ], [ -8.769763, 42.33363 ], [ -8.763517, 42.33829 ], [ -8.752907, 42.34381 ], [ -8.743052, 42.36823 ], [ -8.727801, 42.38 ], [ -8.715607, 42.39004 ], [ -8.709765, 42.39469 ], [ -8.706715, 42.39587 ], [ -8.698012, 42.39351 ], [ -8.692776, 42.39912 ], [ -8.688633, 42.40237 ], [ -8.684977, 42.40368 ], [ -8.681856, 42.40789 ], [ -8.663863, 42.42166 ], [ -8.654122, 42.4305 ], [ -8.654442, 42.43185 ], [ -8.677654, 42.42072 ], [ -8.701925, 42.43444 ], [ -8.725981, 42.41788 ], [ -8.758082, 42.40175 ], [ -8.786615, 42.39693 ], [ -8.808254, 42.39936 ], [ -8.814795, 42.40074 ], [ -8.823467, 42.39603 ], [ -8.826076, 42.39103 ], [ -8.858699, 42.40241 ], [ -8.877404, 42.41512 ], [ -8.872638, 42.43882 ], [ -8.885309, 42.45689 ], [ -8.939961, 42.47556 ], [ -8.890244, 42.48117 ], [ -8.870482, 42.49608 ], [ -8.859636, 42.49393 ], [ -8.856211, 42.47241 ], [ -8.871936, 42.46272 ], [ -8.869039, 42.44801 ], [ -8.84765, 42.46068 ], [ -8.82343, 42.45307 ], [ -8.819901, 42.45879 ], [ -8.831933, 42.48199 ], [ -8.804067, 42.50004 ], [ -8.806275, 42.50167 ], [ -8.81196, 42.50028 ], [ -8.81495, 42.52223 ], [ -8.827119, 42.53083 ], [ -8.830635, 42.54359 ], [ -8.818939, 42.55952 ], [ -8.810487, 42.57655 ], [ -8.801302, 42.58241 ], [ -8.772359, 42.59331 ], [ -8.766546, 42.60123 ], [ -8.766484, 42.60227 ], [ -8.771846, 42.61057 ], [ -8.77039, 42.62248 ], [ -8.747513, 42.64349 ], [ -8.729043, 42.6667 ], [ -8.725766, 42.68768 ], [ -8.726809, 42.68827 ], [ -8.747341, 42.65453 ], [ -8.802124, 42.6386 ], [ -8.813501, 42.64469 ], [ -8.820295, 42.64988 ], [ -8.81378, 42.66465 ], [ -8.841396, 42.68641 ], [ -8.841448, 42.67164 ], [ -8.849893, 42.66601 ], [ -8.855342, 42.6528 ], [ -8.867831, 42.60813 ], [ -8.874035, 42.63129 ], [ -8.887556, 42.64007 ], [ -8.906681, 42.63177 ], [ -8.937144, 42.60844 ], [ -8.937675, 42.60723 ], [ -8.950895, 42.58481 ], [ -8.982363, 42.56786 ], [ -8.992024, 42.5598 ], [ -8.984406, 42.54255 ], [ -9.004689, 42.52853 ], [ -9.040326, 42.5323 ], [ -9.039379, 42.56439 ], [ -9.058952, 42.57761 ], [ -9.079684, 42.56804 ], [ -9.08503, 42.57038 ], [ -9.082272, 42.57844 ], [ -9.079895, 42.58015 ], [ -9.065068, 42.59978 ], [ -9.04735, 42.62735 ], [ -9.037228, 42.64881 ], [ -9.033929, 42.67274 ], [ -9.031182, 42.69644 ], [ -9.008565, 42.7166 ], [ -8.9986, 42.72697 ], [ -8.991378, 42.74025 ], [ -8.961146, 42.74557 ], [ -8.932874, 42.7773 ], [ -8.908579, 42.78816 ], [ -8.890531, 42.78025 ], [ -8.892813, 42.78974 ], [ -8.878994, 42.81623 ], [ -8.875842, 42.82839 ], [ -8.88014, 42.82638 ], [ -8.901065, 42.82329 ], [ -8.907339, 42.80296 ], [ -8.930937, 42.80214 ], [ -8.957995, 42.78096 ], [ -8.993163, 42.78082 ], [ -9.036149, 42.79151 ], [ -9.065206, 42.78401 ], [ -9.06238, 42.75979 ], [ -9.080203, 42.75288 ], [ -9.113889, 42.76103 ], [ -9.13427, 42.79105 ], [ -9.109155, 42.81494 ], [ -9.107565, 42.83634 ], [ -9.138382, 42.85057 ], [ -9.149424, 42.86967 ], [ -9.139305, 42.88777 ], [ -9.125443, 42.90546 ], [ -9.137643, 42.91042 ], [ -9.161574, 42.91351 ], [ -9.172596, 42.9366 ], [ -9.18614, 42.94818 ], [ -9.191039, 42.95114 ], [ -9.1858, 42.93454 ], [ -9.216025, 42.9338 ], [ -9.221116, 42.94284 ], [ -9.236505, 42.92745 ], [ -9.2646, 42.91529 ], [ -9.275533, 42.91072 ], [ -9.293525, 42.92797 ], [ -9.274977, 42.96206 ], [ -9.260629, 42.97595 ], [ -9.257206, 43.00253 ], [ -9.281924, 43.02201 ], [ -9.286164, 43.04663 ], [ -9.262223, 43.0493 ], [ -9.24297, 43.08573 ], [ -9.2231, 43.09831 ], [ -9.21334, 43.10307 ], [ -9.166653, 43.10534 ], [ -9.158279, 43.12748 ], [ -9.169402, 43.14717 ], [ -9.193096, 43.12288 ], [ -9.211568, 43.14758 ], [ -9.182566, 43.16733 ], [ -9.178358, 43.18437 ], [ -9.11877, 43.19569 ], [ -9.080409, 43.18133 ], [ -9.077615, 43.18192 ], [ -9.041362, 43.19346 ], [ -9.020504, 43.21524 ], [ -8.990603, 43.21943 ], [ -8.943112, 43.22672 ], [ -8.95199, 43.25069 ], [ -8.978689, 43.26362 ], [ -8.984436, 43.28185 ], [ -8.915006, 43.29315 ], [ -8.906536, 43.30629 ], [ -8.911679, 43.32052 ], [ -8.849124, 43.32364 ], [ -8.82848, 43.33993 ], [ -8.797616, 43.31071 ], [ -8.768451, 43.30046 ], [ -8.730748, 43.29583 ], [ -8.697755, 43.29275 ], [ -8.636813, 43.30852 ], [ -8.624151, 43.31512 ], [ -8.586138, 43.31561 ], [ -8.555614, 43.31105 ], [ -8.53013, 43.31779 ], [ -8.504706, 43.33 ], [ -8.498743, 43.34385 ], [ -8.478344, 43.35289 ], [ -8.469082, 43.35772 ], [ -8.439822, 43.38172 ], [ -8.412611, 43.36893 ], [ -8.40919, 43.36906 ], [ -8.404158, 43.37557 ], [ -8.393869, 43.37863 ], [ -8.398221, 43.36966 ], [ -8.401183, 43.36717 ], [ -8.401869, 43.36489 ], [ -8.404019, 43.36368 ], [ -8.385174, 43.33922 ], [ -8.362293, 43.34154 ], [ -8.346768, 43.35196 ], [ -8.339593, 43.36856 ], [ -8.34262, 43.39873 ], [ -8.304697, 43.40427 ], [ -8.297361, 43.38673 ], [ -8.267558, 43.38467 ], [ -8.25733, 43.36823 ], [ -8.244143, 43.34882 ], [ -8.227313, 43.33977 ], [ -8.209851, 43.32769 ], [ -8.201205, 43.33531 ], [ -8.220257, 43.35336 ], [ -8.214806, 43.3778 ], [ -8.205867, 43.4094 ], [ -8.180566, 43.41274 ], [ -8.175341, 43.41228 ], [ -8.17451, 43.41267 ], [ -8.185657, 43.42388 ], [ -8.196568, 43.42667 ], [ -8.233939, 43.42872 ], [ -8.243908, 43.41763 ], [ -8.275405, 43.43371 ], [ -8.316084, 43.44302 ], [ -8.279813, 43.45948 ], [ -8.247555, 43.46118 ], [ -8.204862, 43.4598 ], [ -8.199699, 43.46191 ], [ -8.19093, 43.46751 ], [ -8.170408, 43.48396 ], [ -8.151415, 43.51657 ], [ -8.17179, 43.50123 ], [ -8.19851, 43.48741 ], [ -8.218825, 43.4832 ], [ -8.231432, 43.48137 ], [ -8.239979, 43.47796 ], [ -8.243401, 43.48944 ], [ -8.256987, 43.48944 ], [ -8.261699, 43.47358 ], [ -8.287311, 43.46184 ], [ -8.308213, 43.46812 ], [ -8.34033, 43.46143 ], [ -8.319193, 43.50152 ], [ -8.323519, 43.52568 ], [ -8.298892, 43.52869 ], [ -8.296097, 43.55607 ], [ -8.257985, 43.55891 ], [ -8.223738, 43.57726 ], [ -8.215975, 43.59243 ], [ -8.176131, 43.61305 ], [ -8.162656, 43.61302 ], [ -8.137669, 43.63377 ], [ -8.087619, 43.66233 ], [ -8.082349, 43.64415 ], [ -8.067123, 43.64366 ], [ -8.053965, 43.65755 ], [ -8.072225, 43.66506 ], [ -8.071521, 43.67787 ], [ -8.062056, 43.70495 ], [ -8.031884, 43.71377 ], [ -8.000261, 43.70516 ], [ -7.947004, 43.73457 ], [ -7.929081, 43.73961 ], [ -7.899743, 43.76487 ], [ -7.87877, 43.76528 ], [ -7.85935, 43.76263 ], [ -7.869851, 43.73747 ], [ -7.876538, 43.7175 ], [ -7.876108, 43.70343 ], [ -7.890012, 43.68334 ], [ -7.898524, 43.67192 ], [ -7.891809, 43.66671 ], [ -7.868897, 43.66506 ], [ -7.848492, 43.67038 ], [ -7.84613, 43.67636 ], [ -7.859884, 43.68783 ], [ -7.811235, 43.69399 ], [ -7.829797, 43.70895 ], [ -7.776686, 43.7332 ], [ -7.7246, 43.74908 ], [ -7.716981, 43.76446 ], [ -7.688805, 43.77474 ], [ -7.699805, 43.73521 ], [ -7.680409, 43.73199 ], [ -7.672926, 43.74686 ], [ -7.634114, 43.73811 ], [ -7.598282, 43.67348 ], [ -7.594294, 43.66934 ], [ -7.572985, 43.71137 ], [ -7.554432, 43.72986 ], [ -7.525244, 43.73595 ], [ -7.502175, 43.72286 ], [ -7.479299, 43.70925 ], [ -7.472104, 43.7047 ], [ -7.423311, 43.6922 ], [ -7.375996, 43.67515 ], [ -7.356504, 43.67125 ], [ -7.343347, 43.64244 ], [ -7.324119, 43.62535 ], [ -7.303088, 43.60491 ], [ -7.281374, 43.59016 ], [ -7.265756, 43.58229 ], [ -7.249601, 43.57783 ], [ -7.259902, 43.55289 ], [ -7.261599, 43.5508 ], [ -7.244625, 43.56643 ], [ -7.216053, 43.56364 ], [ -7.189192, 43.56088 ], [ -7.174954, 43.55819 ], [ -7.163715, 43.55499 ], [ -7.151649, 43.55487 ], [ -7.113952, 43.56191 ], [ -7.095952, 43.55701 ], [ -7.080779, 43.55597 ], [ -7.060946, 43.55891 ], [ -7.031889, 43.54456 ], [ -7.021801, 43.5493 ], [ -6.997381, 43.55439 ], [ -6.962727, 43.56188 ], [ -6.922039, 43.57165 ], [ -6.841809, 43.56529 ], [ -6.81529, 43.55614 ], [ -6.808609, 43.55551 ], [ -6.802377, 43.55655 ], [ -6.761892, 43.56325 ], [ -6.725264, 43.55637 ], [ -6.673827, 43.56194 ], [ -6.617076, 43.5628 ], [ -6.598767, 43.55391 ], [ -6.566815, 43.55658 ], [ -6.541302, 43.54927 ], [ -6.525051, 43.55032 ], [ -6.475575, 43.54986 ], [ -6.472279, 43.5519 ], [ -6.470153, 43.57066 ], [ -6.428215, 43.55263 ], [ -6.408781, 43.55685 ], [ -6.370117, 43.55123 ], [ -6.355363, 43.55096 ], [ -6.345037, 43.55417 ], [ -6.304569, 43.56303 ], [ -6.256612, 43.57765 ], [ -6.241812, 43.59217 ], [ -6.218434, 43.5789 ], [ -6.1846, 43.56271 ], [ -6.168925, 43.56874 ], [ -6.156246, 43.56767 ], [ -6.140084, 43.5651 ], [ -6.12169, 43.55578 ], [ -6.095952, 43.55827 ], [ -6.07689, 43.56461 ], [ -6.062684, 43.56675 ], [ -6.053455, 43.57115 ], [ -6.040529, 43.5766 ], [ -6.036459, 43.58232 ], [ -5.995331, 43.57446 ], [ -5.988488, 43.57775 ], [ -5.982187, 43.57751 ], [ -5.970178, 43.57978 ], [ -5.945395, 43.58592 ], [ -5.939771, 43.59344 ], [ -5.939001, 43.59444 ], [ -5.916282, 43.62008 ], [ -5.877505, 43.62622 ], [ -5.85759, 43.65597 ], [ -5.810176, 43.6338 ], [ -5.788306, 43.62982 ], [ -5.788947, 43.61226 ], [ -5.770895, 43.60067 ], [ -5.766236, 43.59684 ], [ -5.760246, 43.58809 ], [ -5.738045, 43.57607 ], [ -5.709948, 43.56885 ], [ -5.709946, 43.56885 ], [ -5.695196, 43.54538 ], [ -5.671638, 43.5422 ], [ -5.664593, 43.54428 ], [ -5.660633, 43.54312 ], [ -5.654461, 43.54096 ], [ -5.639096, 43.55133 ], [ -5.591588, 43.54805 ], [ -5.516963, 43.55322 ], [ -5.490207, 43.54656 ], [ -5.463838, 43.55249 ], [ -5.445911, 43.55245 ], [ -5.400491, 43.55319 ], [ -5.387722, 43.53592 ], [ -5.381029, 43.53536 ], [ -5.336417, 43.53351 ], [ -5.328754, 43.5347 ], [ -5.311884, 43.53404 ], [ -5.276478, 43.52467 ], [ -5.264861, 43.50559 ], [ -5.236649, 43.49136 ], [ -5.221684, 43.47839 ], [ -5.214866, 43.4738 ], [ -5.205599, 43.47515 ], [ -5.168371, 43.47637 ], [ -5.1393, 43.47975 ], [ -5.081305, 43.47408 ], [ -5.047156, 43.46265 ], [ -4.981146, 43.45961 ], [ -4.940819, 43.45985 ], [ -4.920478, 43.45753 ], [ -4.871336, 43.44045 ], [ -4.859396, 43.44323 ], [ -4.793813, 43.43255 ], [ -4.76795, 43.42909 ], [ -4.744336, 43.41635 ], [ -4.722258, 43.41442 ], [ -4.699554, 43.41217 ], [ -4.652696, 43.40153 ], [ -4.577741, 43.39495 ], [ -4.546275, 43.40064 ], [ -4.51228, 43.39329 ], [ -4.516094, 43.37676 ], [ -4.521503, 43.36758 ], [ -4.539457, 43.34396 ], [ -4.522349, 43.33578 ], [ -4.521713, 43.28063 ], [ -4.547773, 43.26869 ], [ -4.555242, 43.2881 ], [ -4.59916, 43.29887 ], [ -4.634799, 43.27726 ], [ -4.631883, 43.26765 ], [ -4.669318, 43.24601 ], [ -4.69096, 43.24909 ], [ -4.710871, 43.22816 ], [ -4.729929, 43.22408 ], [ -4.733527, 43.19461 ], [ -4.768274, 43.18956 ], [ -4.819042, 43.17896 ], [ -4.841023, 43.18078 ], [ -4.834737, 43.15822 ], [ -4.851426, 43.12594 ], [ -4.835051, 43.10871 ], [ -4.832806, 43.10266 ], [ -4.766497, 43.07455 ], [ -4.766114, 43.05563 ], [ -4.734216, 43.04707 ], [ -4.737004, 43.02099 ], [ -4.699508, 43.02666 ], [ -4.672737, 43.02133 ], [ -4.640379, 43.01719 ], [ -4.606084, 43.03577 ], [ -4.590607, 43.02587 ], [ -4.55229, 43.02538 ], [ -4.513765, 43.04467 ], [ -4.475713, 43.0387 ], [ -4.463097, 43.06006 ], [ -4.404036, 43.03816 ], [ -4.403982, 43.03814 ], [ -4.362884, 42.98493 ], [ -4.348485, 42.97258 ], [ -4.262225, 42.96527 ], [ -4.238489, 42.95437 ], [ -4.230612, 42.89669 ], [ -4.2257, 42.85888 ], [ -4.196485, 42.84825 ], [ -4.182483, 42.8578 ], [ -4.149901, 42.87113 ], [ -4.128477, 42.84627 ], [ -4.145572, 42.82896 ], [ -4.178566, 42.82625 ], [ -4.181902, 42.81034 ], [ -4.149915, 42.78931 ], [ -4.100479, 42.79173 ], [ -4.08134, 42.76146 ], [ -4.109554, 42.73388 ], [ -4.127383, 42.75241 ], [ -4.164642, 42.74598 ], [ -4.191004, 42.72976 ], [ -4.182033, 42.71533 ], [ -4.154761, 42.7067 ], [ -4.147803, 42.67897 ], [ -4.166806, 42.66658 ], [ -4.237116, 42.66254 ], [ -4.271402, 42.63588 ], [ -4.269028, 42.62766 ], [ -4.292596, 42.60596 ], [ -4.270812, 42.58139 ], [ -4.302299, 42.56656 ], [ -4.277691, 42.54469 ], [ -4.272148, 42.51998 ], [ -4.246118, 42.49293 ], [ -4.242595, 42.45624 ], [ -4.242642, 42.45624 ], [ -4.309173, 42.45428 ], [ -4.317094, 42.45893 ], [ -4.335344, 42.43061 ], [ -4.330956, 42.39095 ], [ -4.321588, 42.3799 ], [ -4.272729, 42.38572 ], [ -4.276502, 42.36506 ], [ -4.251886, 42.31 ], [ -4.246423, 42.27849 ], [ -4.231433, 42.2561 ], [ -4.22693, 42.22956 ], [ -4.231439, 42.20845 ], [ -4.20584, 42.19245 ], [ -4.190579, 42.16532 ], [ -4.200554, 42.13203 ], [ -4.186898, 42.12642 ], [ -4.178316, 42.13076 ], [ -4.115209, 42.12479 ], [ -4.103779, 42.10969 ], [ -4.056207, 42.10091 ], [ -4.077486, 42.08268 ], [ -4.103036, 42.08704 ], [ -4.104106, 42.06163 ], [ -4.079887, 42.03678 ], [ -4.047884, 42.03905 ], [ -4.010904, 42.05152 ], [ -3.978251, 42.04202 ], [ -3.971074, 42.03322 ], [ -3.994778, 42.00541 ], [ -4.014775, 41.99859 ], [ -4.029092, 41.97656 ], [ -4.019604, 41.95836 ], [ -3.990702, 41.95975 ], [ -3.9102, 41.99697 ], [ -3.891469, 41.99665 ], [ -3.892398, 41.95757 ], [ -3.936601, 41.95699 ], [ -3.952183, 41.93531 ], [ -3.98134, 41.9307 ], [ -3.983136, 41.9133 ], [ -3.9807, 41.90062 ], [ -4.035217, 41.87379 ], [ -4.047423, 41.87375 ], [ -4.066328, 41.87648 ], [ -4.088825, 41.87065 ], [ -4.079319, 41.84845 ], [ -4.090067, 41.83086 ], [ -4.037998, 41.78985 ], [ -4.038901, 41.7727 ], [ -4.040877, 41.76835 ], [ -4.089093, 41.77963 ], [ -4.117897, 41.80027 ], [ -4.123195, 41.80731 ], [ -4.135716, 41.80326 ], [ -4.186005, 41.8024 ], [ -4.215118, 41.79958 ], [ -4.232927, 41.80812 ], [ -4.236025, 41.81397 ], [ -4.260234, 41.80526 ], [ -4.28658, 41.77488 ], [ -4.31764, 41.76344 ], [ -4.329457, 41.76886 ], [ -4.403963, 41.78317 ], [ -4.442186, 41.75865 ], [ -4.454238, 41.75917 ], [ -4.501183, 41.77141 ], [ -4.487341, 41.8201 ], [ -4.461148, 41.82036 ], [ -4.473335, 41.83205 ], [ -4.491884, 41.83841 ], [ -4.520959, 41.82318 ], [ -4.53824, 41.82932 ], [ -4.566083, 41.81257 ], [ -4.59105, 41.83681 ], [ -4.618078, 41.85123 ], [ -4.631984, 41.86277 ], [ -4.637305, 41.88811 ], [ -4.658431, 41.89681 ], [ -4.678378, 41.89987 ], [ -4.720502, 41.87261 ], [ -4.728247, 41.86883 ], [ -4.72644, 41.85452 ], [ -4.758421, 41.82579 ], [ -4.789248, 41.81802 ], [ -4.833675, 41.88883 ], [ -4.855941, 41.91559 ], [ -4.867696, 41.9176 ], [ -4.889777, 41.93278 ], [ -4.910356, 41.91828 ], [ -4.949587, 41.93383 ], [ -4.983683, 41.91003 ], [ -5.005104, 41.94723 ], [ -4.976109, 41.97361 ], [ -4.975494, 41.99355 ], [ -4.951009, 42.01207 ], [ -4.936006, 42.01792 ], [ -4.938131, 42.01988 ], [ -4.9497, 42.05102 ], [ -4.927747, 42.0735 ], [ -4.904177, 42.07839 ], [ -4.917825, 42.09079 ], [ -4.928993, 42.13051 ], [ -4.927498, 42.15022 ], [ -4.98125, 42.14685 ], [ -5.026966, 42.15391 ], [ -5.029858, 42.17394 ], [ -5.012394, 42.18976 ], [ -5.024667, 42.21989 ], [ -5.010341, 42.22812 ], [ -5.00866, 42.26146 ], [ -5.002141, 42.28913 ], [ -5.03835, 42.29713 ], [ -5.041604, 42.26756 ], [ -5.054809, 42.25752 ], [ -5.093754, 42.30929 ], [ -5.109587, 42.31183 ], [ -5.112002, 42.31184 ], [ -5.144316, 42.28155 ], [ -5.18272, 42.26421 ], [ -5.213145, 42.27613 ], [ -5.244687, 42.26387 ], [ -5.254001, 42.23978 ], [ -5.227765, 42.2299 ], [ -5.234044, 42.21895 ], [ -5.257147, 42.21076 ], [ -5.296987, 42.22536 ], [ -5.311567, 42.19957 ], [ -5.345755, 42.21975 ], [ -5.388988, 42.21794 ], [ -5.388875, 42.17254 ], [ -5.381153, 42.15068 ], [ -5.371524, 42.13006 ], [ -5.377596, 42.11289 ], [ -5.3816, 42.09645 ], [ -5.374437, 42.06813 ], [ -5.376294, 42.04147 ], [ -5.348946, 42.02259 ], [ -5.323314, 42.01887 ], [ -5.301777, 41.99133 ], [ -5.280649, 41.9788 ], [ -5.260505, 41.98461 ], [ -5.254679, 41.98165 ], [ -5.254609, 41.98033 ], [ -5.272947, 41.98011 ], [ -5.288824, 41.97149 ], [ -5.305664, 41.95355 ], [ -5.335215, 41.93747 ], [ -5.293733, 41.91994 ], [ -5.300517, 41.90705 ], [ -5.311477, 41.88268 ], [ -5.305336, 41.86709 ], [ -5.32955, 41.83114 ], [ -5.276815, 41.82289 ], [ -5.314009, 41.79381 ], [ -5.33356, 41.78934 ], [ -5.349497, 41.78087 ], [ -5.365059, 41.77935 ], [ -5.390743, 41.75751 ], [ -5.375196, 41.71979 ], [ -5.340822, 41.69911 ], [ -5.327354, 41.68053 ], [ -5.324086, 41.65048 ], [ -5.323618, 41.64913 ], [ -5.319512, 41.63677 ], [ -5.328894, 41.61592 ], [ -5.270538, 41.60114 ], [ -5.293073, 41.57437 ], [ -5.274108, 41.5531 ], [ -5.247786, 41.54677 ], [ -5.230112, 41.52717 ], [ -5.253932, 41.5097 ], [ -5.301736, 41.49908 ], [ -5.310972, 41.4903 ], [ -5.34187, 41.47416 ], [ -5.324791, 41.45534 ], [ -5.339238, 41.4256 ], [ -5.307537, 41.41405 ], [ -5.333041, 41.38154 ], [ -5.333494, 41.36479 ], [ -5.32212, 41.32633 ], [ -5.305488, 41.31821 ], [ -5.291741, 41.26919 ], [ -5.30152, 41.26282 ], [ -5.29637, 41.22723 ], [ -5.340297, 41.19411 ], [ -5.33135, 41.17854 ], [ -5.288744, 41.18199 ], [ -5.288467, 41.19562 ], [ -5.252968, 41.19977 ], [ -5.229257, 41.18984 ], [ -5.21822, 41.15959 ], [ -5.185063, 41.16672 ], [ -5.13617, 41.14401 ], [ -5.124929, 41.13205 ], [ -5.129166, 41.10538 ], [ -5.152265, 41.08193 ], [ -5.146543, 41.04364 ], [ -5.140792, 41.03725 ], [ -5.106605, 41.0295 ], [ -5.092022, 41.00693 ], [ -5.098069, 40.97715 ], [ -5.128171, 40.94858 ], [ -5.111216, 40.91493 ], [ -5.115527, 40.90229 ], [ -5.138852, 40.89372 ], [ -5.163809, 40.86838 ], [ -5.16337, 40.86549 ], [ -5.168709, 40.84039 ], [ -5.157471, 40.82411 ], [ -5.17763, 40.80527 ], [ -5.178276, 40.79639 ], [ -5.218992, 40.77297 ], [ -5.214437, 40.75783 ], [ -5.255051, 40.73946 ], [ -5.253798, 40.73428 ], [ -5.307616, 40.7058 ], [ -5.334839, 40.7007 ], [ -5.340825, 40.68709 ], [ -5.368499, 40.68098 ], [ -5.387, 40.66928 ], [ -5.371934, 40.64774 ], [ -5.381747, 40.63069 ], [ -5.396775, 40.6142 ], [ -5.408619, 40.60893 ], [ -5.414346, 40.60977 ], [ -5.432811, 40.59181 ], [ -5.454949, 40.57919 ], [ -5.483639, 40.58161 ], [ -5.510076, 40.59037 ], [ -5.516793, 40.5773 ], [ -5.508167, 40.54879 ], [ -5.431077, 40.56723 ], [ -5.43345, 40.53297 ], [ -5.450324, 40.4975 ], [ -5.461954, 40.49119 ], [ -5.461802, 40.4851 ], [ -5.465547, 40.46591 ], [ -5.500397, 40.45891 ], [ -5.520173, 40.4485 ], [ -5.51111, 40.42803 ], [ -5.544753, 40.4231 ], [ -5.573156, 40.44808 ], [ -5.56013, 40.46676 ], [ -5.560924, 40.4771 ], [ -5.589799, 40.46725 ], [ -5.622764, 40.46576 ], [ -5.643723, 40.44627 ], [ -5.691189, 40.42199 ], [ -5.678428, 40.38671 ], [ -5.686359, 40.35537 ], [ -5.673031, 40.34853 ], [ -5.690074, 40.33774 ], [ -5.714319, 40.32531 ], [ -5.737562, 40.29412 ], [ -5.744384, 40.28886 ], [ -5.764991, 40.28078 ], [ -5.793144, 40.2867 ], [ -5.781992, 40.31246 ], [ -5.797515, 40.35325 ], [ -5.816487, 40.35111 ], [ -5.847128, 40.32805 ], [ -5.849933, 40.3382 ], [ -5.884245, 40.3266 ], [ -5.901896, 40.29949 ], [ -5.917174, 40.2777 ], [ -5.968485, 40.28956 ], [ -6.016428, 40.31652 ], [ -6.016017, 40.34029 ], [ -6.052163, 40.34155 ], [ -6.105716, 40.3568 ], [ -6.082378, 40.36321 ], [ -6.075153, 40.4034 ], [ -6.129484, 40.42079 ], [ -6.116127, 40.44159 ], [ -6.146167, 40.43593 ], [ -6.15773, 40.45697 ], [ -6.180439, 40.4622 ], [ -6.198687, 40.48143 ], [ -6.239936, 40.48586 ], [ -6.264794, 40.47087 ], [ -6.275326, 40.45852 ], [ -6.333373, 40.44777 ], [ -6.36555, 40.42237 ], [ -6.361454, 40.41537 ], [ -6.361866, 40.40709 ], [ -6.375525, 40.40031 ], [ -6.419985, 40.39889 ], [ -6.438606, 40.37281 ], [ -6.463213, 40.37284 ], [ -6.516378, 40.35424 ], [ -6.536284, 40.34724 ], [ -6.564745, 40.31461 ], [ -6.556176, 40.29078 ], [ -6.571045, 40.27946 ], [ -6.587022, 40.27072 ], [ -6.677723, 40.258 ], [ -6.690137, 40.24266 ], [ -6.718225, 40.26924 ], [ -6.755603, 40.23892 ], [ -6.778098, 40.24552 ], [ -6.781553, 40.24909 ], [ -6.801634, 40.2427 ], [ -6.846805, 40.25443 ], [ -6.865089, 40.27063 ], [ -6.863527, 40.29521 ], [ -6.839925, 40.31475 ], [ -6.790957, 40.33382 ], [ -6.800543, 40.37894 ], [ -6.834799, 40.40815 ], [ -6.845003, 40.43627 ], [ -6.849694, 40.45258 ], [ -6.819919, 40.48815 ], [ -6.795028, 40.51191 ], [ -6.802974, 40.52972 ], [ -6.80083, 40.55063 ], [ -6.84482, 40.56588 ], [ -6.837042, 40.58765 ], [ -6.81297, 40.62231 ], [ -6.793894, 40.66168 ], [ -6.811012, 40.71732 ], [ -6.831198, 40.75264 ], [ -6.817415, 40.80718 ], [ -6.825984, 40.8436 ], [ -6.802156, 40.86071 ], [ -6.807434, 40.87662 ], [ -6.849603, 40.9026 ], [ -6.857416, 40.94236 ], [ -6.858088, 40.94311 ], [ -6.931361, 41.0177 ], [ -6.915107, 41.03893 ], [ -6.853048, 41.02697 ], [ -6.80836, 41.03648 ], [ -6.774748, 41.07385 ], [ -6.753803, 41.10329 ], [ -6.767878, 41.13347 ], [ -6.709096, 41.17356 ], [ -6.69682, 41.18922 ], [ -6.688354, 41.2034 ], [ -6.691946, 41.20832 ], [ -6.642984, 41.24826 ], [ -6.629952, 41.24262 ], [ -6.588988, 41.25466 ], [ -6.571258, 41.23903 ], [ -6.517641, 41.27478 ], [ -6.501104, 41.26511 ], [ -6.478481, 41.27646 ], [ -6.479707, 41.29435 ], [ -6.438072, 41.30531 ], [ -6.416154, 41.34796 ], [ -6.387198, 41.35329 ], [ -6.389928, 41.38537 ], [ -6.371222, 41.39245 ], [ -6.344811, 41.37934 ], [ -6.318303, 41.38612 ], [ -6.333825, 41.40811 ], [ -6.301642, 41.42789 ], [ -6.305819, 41.44952 ], [ -6.262379, 41.48647 ], [ -6.240697, 41.52046 ], [ -6.18935, 41.57502 ], [ -6.209047, 41.59955 ], [ -6.235236, 41.6072 ], [ -6.244872, 41.62179 ], [ -6.253543, 41.63311 ], [ -6.302172, 41.66274 ], [ -6.344319, 41.67376 ], [ -6.378356, 41.67441 ], [ -6.452294, 41.6811 ], [ -6.457728, 41.66684 ], [ -6.4889, 41.6574 ], [ -6.528621, 41.67522 ], [ -6.548245, 41.68562 ], [ -6.549223, 41.71023 ], [ -6.564921, 41.75112 ], [ -6.544499, 41.7837 ], [ -6.537628, 41.81297 ], [ -6.517939, 41.87537 ], [ -6.571185, 41.88362 ], [ -6.54598, 41.93068 ], [ -6.549136, 41.9445 ], [ -6.577576, 41.9617 ], [ -6.588473, 41.96775 ], [ -6.599365, 41.94821 ], [ -6.658637, 41.9387 ], [ -6.699273, 41.93333 ], [ -6.750622, 41.94339 ], [ -6.768704, 41.9839 ], [ -6.805594, 41.99091 ], [ -6.82115, 41.94631 ], [ -6.869648, 41.94748 ], [ -6.885513, 41.94039 ], [ -6.944272, 41.94509 ], [ -6.957857, 41.96929 ], [ -6.983529, 41.9729 ], [ -7.006233, 41.95051 ], [ -7.073516, 41.95031 ], [ -7.087559, 41.97391 ], [ -7.144145, 41.98941 ], [ -7.184744, 41.97245 ], [ -7.182632, 41.91204 ], [ -7.19729, 41.88006 ], [ -7.240834, 41.86844 ], [ -7.300883, 41.85189 ], [ -7.311182, 41.84405 ], [ -7.363829, 41.85272 ], [ -7.394473, 41.83027 ], [ -7.426484, 41.83207 ], [ -7.446224, 41.85682 ], [ -7.4528, 41.86514 ], [ -7.485029, 41.86128 ], [ -7.538872, 41.83652 ], [ -7.574168, 41.82987 ], [ -7.612361, 41.84636 ], [ -7.584619, 41.87701 ], [ -7.586268, 41.88203 ], [ -7.652744, 41.88127 ], [ -7.704107, 41.90783 ], [ -7.734652, 41.89468 ], [ -7.763917, 41.89929 ], [ -7.802602, 41.88213 ], [ -7.844978, 41.88153 ], [ -7.84222, 41.86928 ], [ -7.876486, 41.84947 ], [ -7.891765, 41.86048 ], [ -7.88428, 41.8814 ], [ -7.884742, 41.92499 ], [ -7.905782, 41.92737 ], [ -7.920179, 41.88276 ], [ -7.943613, 41.87155 ], [ -7.97047, 41.87567 ], [ -7.980862, 41.87237 ], [ -8.012291, 41.82963 ], [ -8.039384, 41.82958 ], [ -8.056853, 41.81667 ], [ -8.093863, 41.80895 ], [ -8.12995, 41.80893 ], [ -8.151163, 41.81708 ], [ -8.165105, 41.81827 ], [ -8.161695, 41.86064 ], [ -8.170601, 41.87905 ], [ -8.197558, 41.87991 ], [ -8.213715, 41.90062 ], [ -8.217166, 41.91308 ], [ -8.190625, 41.94629 ], [ -8.169677, 41.96324 ], [ -8.163473, 41.9827 ], [ -8.130246, 42.00358 ], [ -8.094351, 42.01282 ], [ -8.091221, 42.01284 ], [ -8.086966, 42.05335 ], [ -8.09689, 42.07181 ], [ -8.118516, 42.08211 ], [ -8.129408, 42.08041 ], [ -8.154785, 42.07798 ], [ -8.182315, 42.06686 ], [ -8.193195, 42.12781 ], [ -8.188892, 42.14342 ], [ -8.199041, 42.15441 ], [ -8.212015, 42.13995 ], [ -8.239076, 42.13728 ], [ -8.256572, 42.13414 ], [ -8.276585, 42.12198 ], [ -8.322927, 42.10161 ], [ -8.349343, 42.0883 ], [ -8.370009, 42.089 ], [ -8.380319, 42.07773 ], [ -8.410358, 42.07743 ], [ -8.438313, 42.07989 ], [ -8.453941, 42.08288 ], [ -8.484264, 42.08206 ], [ -8.525138, 42.07823 ], [ -8.525502, 42.06448 ], [ -8.555273, 42.05291 ], [ -8.567574, 42.05211 ], [ -8.614121, 42.05262 ], [ -8.63017, 42.04998 ], [ -8.643475, 42.03918 ], [ -8.655106, 42.03322 ], [ -8.658336, 42.02175 ], [ -8.664461, 42.00156 ], [ -8.708691, 41.9811 ], [ -8.748076, 41.95856 ], [ -8.747546, 41.95592 ], [ -8.748275, 41.94191 ], [ -8.773461, 41.9259 ], [ -8.830476, 41.90068 ], [ -8.835518, 41.89602 ], [ -8.850638, 41.87731 ], [ -8.879576, 41.87711 ], [ -8.877949, 41.90787 ], [ -8.886, 41.94159 ], [ -8.884792, 41.96128 ], [ -8.883693, 42.01179 ], [ -8.88308, 42.03961 ], [ -8.89571, 42.06718 ], [ -8.899364, 42.11038 ], [ -8.862894, 42.12114 ], [ -8.835725, 42.1159 ], [ -8.830222, 42.11307 ], [ -8.824347, 42.11904 ] ], [ [ -5.520891, 42.09714 ], [ -5.501584, 42.06652 ], [ -5.507744, 42.05751 ], [ -5.472806, 42.01358 ], [ -5.488406, 41.99554 ], [ -5.484804, 41.98457 ], [ -5.438279, 41.96739 ], [ -5.431166, 42.00246 ], [ -5.447437, 42.01366 ], [ -5.421588, 42.03068 ], [ -5.438676, 42.0315 ], [ -5.480923, 42.05243 ], [ -5.490923, 42.07513 ], [ -5.520891, 42.09714 ] ], [ [ -5.303324, 42.252 ], [ -5.301758, 42.26924 ], [ -5.306439, 42.27158 ], [ -5.345342, 42.26777 ], [ -5.337114, 42.23082 ], [ -5.303324, 42.252 ] ], [ [ -8.849244, 42.80035 ], [ -8.849378, 42.79801 ], [ -8.849253, 42.80019 ], [ -8.849244, 42.80035 ] ] ], [ [ [ -4.062137, 42.13158 ], [ -4.102733, 42.13724 ], [ -4.076292, 42.16786 ], [ -4.062137, 42.13158 ] ] ] ] } },
{ "type": "Feature", "properties": { "OWNERID__R.NAME": "Zone Espagne Sud", "OWNERID__R.MANAGER.NAME": "Gilles San Pedro", "OWNERID__R.DIVISION": "ESPAGNE", "PAYS__C": "Espagne" }, "geometry": { "type": "MultiPolygon", "coordinates": [ [ [ [ -2.94804, 35.31596 ], [ -2.941189, 35.30276 ], [ -2.93594, 35.29137 ], [ -2.937378, 35.28588 ], [ -2.960835, 35.27674 ], [ -2.969294, 35.29593 ], [ -2.94804, 35.31596 ] ] ], [ [ [ -5.321799, 35.88564 ], [ -5.339016, 35.87742 ], [ -5.356568, 35.87421 ], [ -5.370782, 35.88056 ], [ -5.378391, 35.91634 ], [ -5.36514, 35.91741 ], [ -5.33371, 35.89403 ], [ -5.299471, 35.89882 ], [ -5.297441, 35.88919 ], [ -5.321799, 35.88564 ] ] ], [ [ [ -7.408181, 37.18476 ], [ -7.411092, 37.20065 ], [ -7.419327, 37.23761 ], [ -7.433054, 37.25673 ], [ -7.423149, 37.27634 ], [ -7.442587, 37.31264 ], [ -7.444831, 37.34782 ], [ -7.437961, 37.37947 ], [ -7.450663, 37.40196 ], [ -7.445667, 37.41847 ], [ -7.459052, 37.43413 ], [ -7.457197, 37.45329 ], [ -7.469581, 37.47132 ], [ -7.465834, 37.48998 ], [ -7.482006, 37.49618 ], [ -7.494961, 37.52349 ], [ -7.50971, 37.52316 ], [ -7.522846, 37.5534 ], [ -7.501399, 37.57839 ], [ -7.5013, 37.58369 ], [ -7.48653, 37.61153 ], [ -7.455651, 37.64572 ], [ -7.452552, 37.6778 ], [ -7.43919, 37.7011 ], [ -7.418259, 37.74674 ], [ -7.422647, 37.75547 ], [ -7.38214, 37.77526 ], [ -7.36625, 37.79252 ], [ -7.320961, 37.81948 ], [ -7.300512, 37.84291 ], [ -7.286524, 37.86551 ], [ -7.281098, 37.89853 ], [ -7.255058, 37.92533 ], [ -7.243492, 37.99204 ], [ -7.22278, 37.98989 ], [ -7.202218, 38.00348 ], [ -7.171151, 37.99358 ], [ -7.129167, 38.0015 ], [ -7.124989, 38.02524 ], [ -7.093194, 38.04068 ], [ -7.063367, 38.0197 ], [ -7.00226, 38.02285 ], [ -6.990329, 38.05496 ], [ -6.989825, 38.09176 ], [ -6.95748, 38.13796 ], [ -6.968571, 38.15973 ], [ -6.961482, 38.1769 ], [ -6.931732, 38.20803 ], [ -6.957064, 38.21683 ], [ -6.984251, 38.21 ], [ -7.028894, 38.18263 ], [ -7.045739, 38.18525 ], [ -7.077932, 38.17499 ], [ -7.099558, 38.18055 ], [ -7.117721, 38.2143 ], [ -7.139725, 38.23614 ], [ -7.143211, 38.26189 ], [ -7.15896, 38.27944 ], [ -7.182892, 38.29598 ], [ -7.200994, 38.32702 ], [ -7.272713, 38.3971 ], [ -7.280378, 38.41972 ], [ -7.330833, 38.44427 ], [ -7.298, 38.47337 ], [ -7.322755, 38.47755 ], [ -7.311101, 38.51617 ], [ -7.286026, 38.57375 ], [ -7.261796, 38.59523 ], [ -7.259729, 38.60641 ], [ -7.267451, 38.63114 ], [ -7.264692, 38.70373 ], [ -7.255629, 38.72589 ], [ -7.204152, 38.75029 ], [ -7.191728, 38.76849 ], [ -7.166089, 38.77778 ], [ -7.158354, 38.78456 ], [ -7.128877, 38.81384 ], [ -7.095269, 38.81534 ], [ -7.080003, 38.83769 ], [ -7.033418, 38.87752 ], [ -7.052365, 38.90716 ], [ -7.031142, 38.92062 ], [ -7.019192, 38.94199 ], [ -6.995392, 38.9682 ], [ -6.951666, 39.02398 ], [ -6.965781, 39.0424 ], [ -6.95971, 39.05446 ], [ -6.981336, 39.08775 ], [ -7.03374, 39.1176 ], [ -7.053297, 39.11791 ], [ -7.106128, 39.09931 ], [ -7.144137, 39.10925 ], [ -7.134917, 39.17109 ], [ -7.171308, 39.1807 ], [ -7.208442, 39.18731 ], [ -7.241684, 39.20854 ], [ -7.248209, 39.25352 ], [ -7.231396, 39.27836 ], [ -7.268819, 39.30285 ], [ -7.306092, 39.33501 ], [ -7.306403, 39.35595 ], [ -7.321661, 39.38625 ], [ -7.301501, 39.4164 ], [ -7.300498, 39.45042 ], [ -7.324584, 39.47586 ], [ -7.381271, 39.49181 ], [ -7.391121, 39.52988 ], [ -7.426661, 39.53301 ], [ -7.465886, 39.57501 ], [ -7.499363, 39.5899 ], [ -7.509826, 39.6182 ], [ -7.527618, 39.63318 ], [ -7.535921, 39.66769 ], [ -7.452833, 39.66322 ], [ -7.425682, 39.65186 ], [ -7.374047, 39.65124 ], [ -7.325075, 39.64477 ], [ -7.28651, 39.66159 ], [ -7.248503, 39.66729 ], [ -7.192299, 39.66071 ], [ -7.146638, 39.65297 ], [ -7.126172, 39.66399 ], [ -7.064743, 39.6579 ], [ -7.015216, 39.67104 ], [ -6.993724, 39.7211 ], [ -6.98761, 39.75965 ], [ -6.976716, 39.7727 ], [ -6.986929, 39.80966 ], [ -6.948039, 39.82833 ], [ -6.916654, 39.85839 ], [ -6.903868, 39.8713 ], [ -6.90227, 39.93064 ], [ -6.886306, 39.94022 ], [ -6.885636, 39.97757 ], [ -6.866822, 40.00885 ], [ -6.880736, 40.04044 ], [ -6.915916, 40.06486 ], [ -6.920401, 40.08358 ], [ -6.943179, 40.10382 ], [ -6.993443, 40.1184 ], [ -7.014865, 40.14235 ], [ -7.019341, 40.19707 ], [ -7.011313, 40.22439 ], [ -6.997694, 40.23593 ], [ -6.962375, 40.239 ], [ -6.950886, 40.25825 ], [ -6.911067, 40.25468 ], [ -6.872048, 40.26216 ], [ -6.847146, 40.25443 ], [ -6.846805, 40.25443 ], [ -6.801634, 40.2427 ], [ -6.781553, 40.24909 ], [ -6.778098, 40.24552 ], [ -6.755603, 40.23892 ], [ -6.718225, 40.26924 ], [ -6.690137, 40.24266 ], [ -6.677723, 40.258 ], [ -6.587022, 40.27072 ], [ -6.571045, 40.27946 ], [ -6.556176, 40.29078 ], [ -6.564745, 40.31461 ], [ -6.536284, 40.34724 ], [ -6.516378, 40.35424 ], [ -6.463213, 40.37284 ], [ -6.438606, 40.37281 ], [ -6.419985, 40.39889 ], [ -6.375525, 40.40031 ], [ -6.361866, 40.40709 ], [ -6.361454, 40.41537 ], [ -6.36555, 40.42237 ], [ -6.333373, 40.44777 ], [ -6.275326, 40.45852 ], [ -6.264794, 40.47087 ], [ -6.239936, 40.48586 ], [ -6.198687, 40.48143 ], [ -6.180439, 40.4622 ], [ -6.15773, 40.45697 ], [ -6.146167, 40.43593 ], [ -6.116127, 40.44159 ], [ -6.129484, 40.42079 ], [ -6.075153, 40.4034 ], [ -6.082378, 40.36321 ], [ -6.105716, 40.3568 ], [ -6.052163, 40.34155 ], [ -6.016017, 40.34029 ], [ -6.016428, 40.31652 ], [ -5.968485, 40.28956 ], [ -5.917174, 40.2777 ], [ -5.901896, 40.29949 ], [ -5.884245, 40.3266 ], [ -5.849933, 40.3382 ], [ -5.847128, 40.32805 ], [ -5.816487, 40.35111 ], [ -5.797515, 40.35325 ], [ -5.781992, 40.31246 ], [ -5.793144, 40.2867 ], [ -5.764991, 40.28078 ], [ -5.744384, 40.28886 ], [ -5.737562, 40.29412 ], [ -5.692662, 40.29211 ], [ -5.656503, 40.26994 ], [ -5.648852, 40.24958 ], [ -5.624009, 40.24706 ], [ -5.61004, 40.21548 ], [ -5.599027, 40.21682 ], [ -5.530964, 40.19472 ], [ -5.518745, 40.19687 ], [ -5.497069, 40.2 ], [ -5.488068, 40.20474 ], [ -5.468071, 40.22415 ], [ -5.439772, 40.23363 ], [ -5.429825, 40.25226 ], [ -5.426377, 40.25341 ], [ -5.395009, 40.25046 ], [ -5.343209, 40.26405 ], [ -5.36967, 40.21831 ], [ -5.366917, 40.19528 ], [ -5.36732, 40.1609 ], [ -5.355968, 40.14667 ], [ -5.335977, 40.11582 ], [ -5.359445, 40.10841 ], [ -5.369011, 40.10009 ], [ -5.373581, 40.05744 ], [ -5.364068, 40.02607 ], [ -5.365094, 39.98385 ], [ -5.394828, 39.91843 ], [ -5.401078, 39.88566 ], [ -5.40611, 39.87773 ], [ -5.340053, 39.89061 ], [ -5.317523, 39.89079 ], [ -5.28924, 39.86461 ], [ -5.284049, 39.86387 ], [ -5.312758, 39.82307 ], [ -5.315167, 39.78868 ], [ -5.316224, 39.77212 ], [ -5.295866, 39.76097 ], [ -5.254223, 39.75254 ], [ -5.206086, 39.79773 ], [ -5.181196, 39.79879 ], [ -5.168093, 39.79995 ], [ -5.158459, 39.75966 ], [ -5.168111, 39.74438 ], [ -5.137794, 39.715 ], [ -5.151855, 39.69601 ], [ -5.148844, 39.66811 ], [ -5.16202, 39.64613 ], [ -5.172649, 39.6354 ], [ -5.20207, 39.59202 ], [ -5.146012, 39.54935 ], [ -5.123788, 39.52159 ], [ -5.082888, 39.49008 ], [ -5.058893, 39.48942 ], [ -5.039443, 39.47041 ], [ -4.996928, 39.42586 ], [ -4.952513, 39.39499 ], [ -4.940742, 39.39512 ], [ -4.88757, 39.37053 ], [ -4.845546, 39.37921 ], [ -4.837242, 39.26824 ], [ -4.780501, 39.28832 ], [ -4.74502, 39.27939 ], [ -4.731572, 39.25492 ], [ -4.713548, 39.24432 ], [ -4.708229, 39.20987 ], [ -4.665164, 39.18612 ], [ -4.64897, 39.1649 ], [ -4.676547, 39.16959 ], [ -4.742549, 39.19452 ], [ -4.77364, 39.1895 ], [ -4.810273, 39.19942 ], [ -4.831404, 39.17611 ], [ -4.853171, 39.15244 ], [ -4.857168, 39.12266 ], [ -4.873706, 39.09634 ], [ -4.859221, 39.07753 ], [ -4.82582, 39.06255 ], [ -4.832793, 39.04616 ], [ -4.86099, 39.03178 ], [ -4.885599, 39.03363 ], [ -4.941411, 39.0565 ], [ -4.962504, 39.05873 ], [ -4.93367, 38.97558 ], [ -4.918221, 38.95704 ], [ -4.906355, 38.96338 ], [ -4.877141, 38.94795 ], [ -4.843016, 38.94509 ], [ -4.836676, 38.93056 ], [ -4.8535, 38.88291 ], [ -4.91494, 38.88744 ], [ -4.943484, 38.85438 ], [ -4.953625, 38.82996 ], [ -4.968209, 38.77601 ], [ -4.989994, 38.73976 ], [ -5.046948, 38.72909 ], [ -5.024284, 38.72611 ], [ -5.002021, 38.70818 ], [ -5.0046, 38.6951 ], [ -4.944189, 38.68184 ], [ -4.87697, 38.68609 ], [ -4.86888, 38.68093 ], [ -4.867088, 38.65973 ], [ -4.860171, 38.61398 ], [ -4.822727, 38.59708 ], [ -4.790074, 38.59719 ], [ -4.740996, 38.57761 ], [ -4.733406, 38.57464 ], [ -4.708375, 38.57239 ], [ -4.694144, 38.54897 ], [ -4.667231, 38.54777 ], [ -4.624278, 38.52412 ], [ -4.609017, 38.49502 ], [ -4.566999, 38.49092 ], [ -4.557375, 38.47647 ], [ -4.512691, 38.46385 ], [ -4.503486, 38.4505 ], [ -4.471269, 38.42598 ], [ -4.449306, 38.40057 ], [ -4.435173, 38.40223 ], [ -4.319561, 38.36154 ], [ -4.283864, 38.34411 ], [ -4.26887, 38.34717 ], [ -4.2768, 38.39021 ], [ -4.267566, 38.39842 ], [ -4.22199, 38.39716 ], [ -4.156557, 38.38132 ], [ -4.144925, 38.38643 ], [ -4.086351, 38.37671 ], [ -4.046647, 38.37743 ], [ -4.006447, 38.36807 ], [ -3.961937, 38.3661 ], [ -3.859884, 38.37334 ], [ -3.830561, 38.3929 ], [ -3.824289, 38.4163 ], [ -3.785612, 38.42527 ], [ -3.739662, 38.41399 ], [ -3.702912, 38.41393 ], [ -3.65166, 38.40501 ], [ -3.620472, 38.39399 ], [ -3.598236, 38.39847 ], [ -3.585846, 38.4056 ], [ -3.583076, 38.45147 ], [ -3.541888, 38.44538 ], [ -3.524254, 38.4091 ], [ -3.453163, 38.4002 ], [ -3.424824, 38.4068 ], [ -3.376684, 38.4396 ], [ -3.380374, 38.45055 ], [ -3.375012, 38.47523 ], [ -3.335348, 38.4805 ], [ -3.305258, 38.47928 ], [ -3.280009, 38.4604 ], [ -3.232218, 38.45476 ], [ -3.219537, 38.45291 ], [ -3.180025, 38.44992 ], [ -3.130199, 38.43877 ], [ -3.064966, 38.47825 ], [ -3.002515, 38.40826 ], [ -2.996305, 38.44479 ], [ -2.963586, 38.47145 ], [ -2.938443, 38.47474 ], [ -2.901382, 38.46429 ], [ -2.88149, 38.45264 ], [ -2.85644, 38.47425 ], [ -2.808194, 38.4972 ], [ -2.780575, 38.50933 ], [ -2.779207, 38.5103 ], [ -2.762077, 38.53275 ], [ -2.728101, 38.5119 ], [ -2.697431, 38.50019 ], [ -2.672721, 38.49662 ], [ -2.643344, 38.5075 ], [ -2.604295, 38.51289 ], [ -2.566624, 38.49047 ], [ -2.571879, 38.43787 ], [ -2.571541, 38.41393 ], [ -2.491866, 38.39874 ], [ -2.481589, 38.39308 ], [ -2.49238, 38.3713 ], [ -2.480085, 38.33764 ], [ -2.484156, 38.31589 ], [ -2.481481, 38.29495 ], [ -2.440778, 38.28511 ], [ -2.435466, 38.26542 ], [ -2.442862, 38.23127 ], [ -2.453701, 38.21825 ], [ -2.446016, 38.20222 ], [ -2.409391, 38.18853 ], [ -2.481334, 38.15138 ], [ -2.516555, 38.11569 ], [ -2.551296, 38.08409 ], [ -2.481773, 38.05525 ], [ -2.431703, 38.04316 ], [ -2.423412, 38.0337 ], [ -2.373079, 38.02328 ], [ -2.341632, 38.026 ], [ -2.299196, 38.00277 ], [ -2.280085, 37.96312 ], [ -2.238218, 37.92879 ], [ -2.207673, 37.91657 ], [ -2.250783, 37.89718 ], [ -2.265684, 37.88092 ], [ -2.29495, 37.87632 ], [ -2.293567, 37.82813 ], [ -2.301802, 37.81023 ], [ -2.276785, 37.77622 ], [ -2.300449, 37.7354 ], [ -2.323069, 37.69486 ], [ -2.32346, 37.66545 ], [ -2.308739, 37.63517 ], [ -2.315817, 37.62219 ], [ -2.363767, 37.62147 ], [ -2.39127, 37.63248 ], [ -2.367896, 37.59158 ], [ -2.367457, 37.56305 ], [ -2.355729, 37.54699 ], [ -2.358657, 37.52475 ], [ -2.38115, 37.52292 ], [ -2.459374, 37.50221 ], [ -2.4741, 37.48347 ], [ -2.503089, 37.48351 ], [ -2.521076, 37.47278 ], [ -2.535051, 37.46204 ], [ -2.57121, 37.44266 ], [ -2.594962, 37.42183 ], [ -2.608301, 37.41099 ], [ -2.635622, 37.39421 ], [ -2.642015, 37.37337 ], [ -2.637292, 37.34333 ], [ -2.654601, 37.34061 ], [ -2.651744, 37.30899 ], [ -2.664425, 37.2869 ], [ -2.667512, 37.24952 ], [ -2.657626, 37.22892 ], [ -2.68171, 37.21703 ], [ -2.714251, 37.23159 ], [ -2.759033, 37.22671 ], [ -2.775592, 37.24559 ], [ -2.794486, 37.26336 ], [ -2.830369, 37.28009 ], [ -2.851144, 37.27612 ], [ -2.874963, 37.23146 ], [ -2.879207, 37.19315 ], [ -2.8953, 37.16705 ], [ -2.927737, 37.15755 ], [ -2.948964, 37.09655 ], [ -3.003936, 37.09711 ], [ -3.015012, 37.11328 ], [ -3.029577, 37.11325 ], [ -3.016228, 37.05221 ], [ -2.998943, 37.01222 ], [ -2.978491, 36.99266 ], [ -2.992635, 36.95731 ], [ -3.02722, 36.9494 ], [ -3.031316, 36.92459 ], [ -3.055862, 36.91184 ], [ -3.071934, 36.91929 ], [ -3.060764, 36.89214 ], [ -3.05664, 36.88506 ], [ -3.043271, 36.87912 ], [ -3.029007, 36.84444 ], [ -3.043289, 36.83171 ], [ -3.073953, 36.82468 ], [ -3.092683, 36.80978 ], [ -3.140187, 36.78779 ], [ -3.139469, 36.78705 ], [ -3.131595, 36.7552 ], [ -3.128694, 36.7509 ], [ -3.161764, 36.74617 ], [ -3.192819, 36.74912 ], [ -3.233343, 36.75011 ], [ -3.272523, 36.74849 ], [ -3.304878, 36.73791 ], [ -3.338391, 36.7384 ], [ -3.350201, 36.72946 ], [ -3.363483, 36.71596 ], [ -3.411174, 36.70299 ], [ -3.418921, 36.6946 ], [ -3.468792, 36.69339 ], [ -3.508419, 36.71714 ], [ -3.525815, 36.7241 ], [ -3.567054, 36.71903 ], [ -3.602078, 36.74449 ], [ -3.637681, 36.74235 ], [ -3.657867, 36.74646 ], [ -3.673759, 36.73113 ], [ -3.712221, 36.73213 ], [ -3.735289, 36.7278 ], [ -3.77744, 36.73792 ], [ -3.834254, 36.75374 ], [ -3.845632, 36.75339 ], [ -3.879723, 36.74169 ], [ -3.910677, 36.74216 ], [ -3.957683, 36.72643 ], [ -4.000911, 36.7398 ], [ -4.041693, 36.74415 ], [ -4.059624, 36.74759 ], [ -4.079664, 36.74685 ], [ -4.103639, 36.72754 ], [ -4.17135, 36.71691 ], [ -4.232147, 36.71237 ], [ -4.265632, 36.71149 ], [ -4.295009, 36.71275 ], [ -4.314648, 36.71278 ], [ -4.32075, 36.71233 ], [ -4.332401, 36.71288 ], [ -4.384256, 36.72127 ], [ -4.413815, 36.7184 ], [ -4.418702, 36.71699 ], [ -4.426258, 36.70918 ], [ -4.435032, 36.69938 ], [ -4.454678, 36.66405 ], [ -4.476438, 36.64516 ], [ -4.509486, 36.59934 ], [ -4.540498, 36.57922 ], [ -4.58266, 36.57408 ], [ -4.589892, 36.57132 ], [ -4.60958, 36.55675 ], [ -4.629355, 36.51912 ], [ -4.638134, 36.50708 ], [ -4.676412, 36.50354 ], [ -4.691273, 36.49172 ], [ -4.732025, 36.48644 ], [ -4.756826, 36.48572 ], [ -4.818407, 36.49917 ], [ -4.88197, 36.50658 ], [ -4.882184, 36.5066 ], [ -4.913404, 36.50534 ], [ -4.944932, 36.49291 ], [ -4.97315, 36.47808 ], [ -5.005553, 36.45954 ], [ -5.039741, 36.45905 ], [ -5.096753, 36.44052 ], [ -5.112757, 36.43229 ], [ -5.166177, 36.41656 ], [ -5.182047, 36.41098 ], [ -5.206128, 36.38595 ], [ -5.221046, 36.3735 ], [ -5.252365, 36.31126 ], [ -5.271191, 36.29426 ], [ -5.2958, 36.24673 ], [ -5.308208, 36.24109 ], [ -5.319546, 36.22367 ], [ -5.335907, 36.17352 ], [ -5.351478, 36.15255 ], [ -5.370639, 36.1692 ], [ -5.38252, 36.17905 ], [ -5.399481, 36.18037 ], [ -5.413867, 36.17998 ], [ -5.430702, 36.17218 ], [ -5.445631, 36.14413 ], [ -5.44704, 36.13805 ], [ -5.444149, 36.13441 ], [ -5.44285, 36.12767 ], [ -5.443565, 36.08979 ], [ -5.425924, 36.07681 ], [ -5.462862, 36.0513 ], [ -5.495018, 36.05019 ], [ -5.574188, 36.01505 ], [ -5.605428, 36.01034 ], [ -5.650254, 36.05202 ], [ -5.684971, 36.06606 ], [ -5.714763, 36.06015 ], [ -5.749849, 36.07065 ], [ -5.772251, 36.08676 ], [ -5.795998, 36.0779 ], [ -5.827373, 36.10702 ], [ -5.858997, 36.14421 ], [ -5.915295, 36.18491 ], [ -5.943203, 36.18653 ], [ -5.985765, 36.1775 ], [ -6.026128, 36.1863 ], [ -6.051865, 36.20122 ], [ -6.079256, 36.24325 ], [ -6.101987, 36.28271 ], [ -6.142158, 36.29541 ], [ -6.162141, 36.33012 ], [ -6.182209, 36.36857 ], [ -6.209081, 36.38575 ], [ -6.211309, 36.38744 ], [ -6.242604, 36.44378 ], [ -6.27702, 36.50188 ], [ -6.280637, 36.50696 ], [ -6.283256, 36.51051 ], [ -6.29105, 36.52568 ], [ -6.294332, 36.5278 ], [ -6.301216, 36.52799 ], [ -6.306726, 36.53469 ], [ -6.29607, 36.5366 ], [ -6.291262, 36.53412 ], [ -6.282993, 36.53032 ], [ -6.279937, 36.52551 ], [ -6.268841, 36.50838 ], [ -6.253879, 36.46827 ], [ -6.226697, 36.46653 ], [ -6.193668, 36.48675 ], [ -6.180331, 36.50797 ], [ -6.209796, 36.50897 ], [ -6.245627, 36.50896 ], [ -6.233455, 36.52897 ], [ -6.223782, 36.56246 ], [ -6.231425, 36.58156 ], [ -6.265682, 36.57971 ], [ -6.289018, 36.61206 ], [ -6.346299, 36.62559 ], [ -6.365165, 36.61993 ], [ -6.394508, 36.63381 ], [ -6.398837, 36.65869 ], [ -6.42117, 36.68997 ], [ -6.439345, 36.71925 ], [ -6.430014, 36.74817 ], [ -6.396872, 36.76235 ], [ -6.345762, 36.79877 ], [ -6.371257, 36.79506 ], [ -6.396863, 36.80763 ], [ -6.442885, 36.89838 ], [ -6.465174, 36.92686 ], [ -6.518569, 36.97469 ], [ -6.575386, 37.00941 ], [ -6.72973, 37.08998 ], [ -6.780249, 37.1147 ], [ -6.880058, 37.15276 ], [ -6.899886, 37.15796 ], [ -6.940492, 37.16596 ], [ -7.038435, 37.20585 ], [ -7.05571, 37.20645 ], [ -7.18712, 37.20596 ], [ -7.230711, 37.20373 ], [ -7.266939, 37.20195 ], [ -7.33296, 37.18971 ], [ -7.365067, 37.17169 ], [ -7.408181, 37.18476 ] ] ], [ [ [ 1.489464, 38.69337 ], [ 1.530799, 38.67301 ], [ 1.561746, 38.69135 ], [ 1.582304, 38.67762 ], [ 1.573145, 38.65151 ], [ 1.524891, 38.65337 ], [ 1.481501, 38.67989 ], [ 1.448476, 38.68501 ], [ 1.407082, 38.64893 ], [ 1.387621, 38.66616 ], [ 1.380144, 38.71817 ], [ 1.406381, 38.72257 ], [ 1.425436, 38.73549 ], [ 1.470746, 38.72458 ], [ 1.489464, 38.69337 ] ], [ [ 1.429614, 38.72107 ], [ 1.444795, 38.71395 ], [ 1.4262, 38.73373 ], [ 1.429614, 38.72107 ] ] ], [ [ [ 1.213285, 38.90191 ], [ 1.233735, 38.93418 ], [ 1.215084, 38.95859 ], [ 1.245294, 38.96594 ], [ 1.302342, 38.96946 ], [ 1.283608, 38.99841 ], [ 1.291129, 39.02501 ], [ 1.31284, 39.04382 ], [ 1.341704, 39.05288 ], [ 1.360096, 39.07458 ], [ 1.38922, 39.07915 ], [ 1.417642, 39.07858 ], [ 1.470732, 39.09983 ], [ 1.496956, 39.09839 ], [ 1.506083, 39.11147 ], [ 1.54076, 39.10602 ], [ 1.557015, 39.09345 ], [ 1.600392, 39.09255 ], [ 1.58965, 39.06922 ], [ 1.608279, 39.04262 ], [ 1.596515, 39.0184 ], [ 1.591663, 39.01585 ], [ 1.586007, 39.01036 ], [ 1.579576, 38.99163 ], [ 1.55077, 38.99099 ], [ 1.529938, 38.97825 ], [ 1.532198, 38.97227 ], [ 1.53242, 38.96913 ], [ 1.529028, 38.94618 ], [ 1.509974, 38.94382 ], [ 1.472872, 38.91294 ], [ 1.46174, 38.91754 ], [ 1.438173, 38.91574 ], [ 1.410148, 38.89093 ], [ 1.402155, 38.84949 ], [ 1.374306, 38.83164 ], [ 1.366743, 38.85222 ], [ 1.357745, 38.86334 ], [ 1.329436, 38.86768 ], [ 1.266436, 38.87749 ], [ 1.248175, 38.85577 ], [ 1.231923, 38.87248 ], [ 1.213285, 38.90191 ] ] ], [ [ [ 2.921139, 39.15221 ], [ 2.971805, 39.15388 ], [ 2.946921, 39.12541 ], [ 2.926426, 39.13147 ], [ 2.921139, 39.15221 ] ] ], [ [ [ 2.487607, 39.67159 ], [ 2.498006, 39.68459 ], [ 2.53367, 39.70005 ], [ 2.555735, 39.70029 ], [ 2.585419, 39.7162 ], [ 2.615623, 39.7437 ], [ 2.635886, 39.7656 ], [ 2.665795, 39.77579 ], [ 2.6751, 39.79567 ], [ 2.728337, 39.82312 ], [ 2.732823, 39.82668 ], [ 2.776471, 39.84026 ], [ 2.778678, 39.85569 ], [ 2.824675, 39.85749 ], [ 2.853783, 39.87486 ], [ 2.875539, 39.87835 ], [ 2.902889, 39.89758 ], [ 2.92483, 39.90022 ], [ 2.946154, 39.9172 ], [ 2.987035, 39.90935 ], [ 3.00811, 39.9259 ], [ 3.028578, 39.93464 ], [ 3.07253, 39.92236 ], [ 3.094539, 39.93565 ], [ 3.113842, 39.93154 ], [ 3.156515, 39.95768 ], [ 3.190733, 39.9425 ], [ 3.154241, 39.92311 ], [ 3.124371, 39.91621 ], [ 3.08358, 39.907 ], [ 3.086904, 39.87091 ], [ 3.105639, 39.85754 ], [ 3.138294, 39.86468 ], [ 3.186074, 39.88448 ], [ 3.194779, 39.8572 ], [ 3.174074, 39.83824 ], [ 3.127432, 39.8398 ], [ 3.116954, 39.81564 ], [ 3.135488, 39.78211 ], [ 3.186048, 39.75383 ], [ 3.231113, 39.735 ], [ 3.236732, 39.7321 ], [ 3.255005, 39.72981 ], [ 3.326637, 39.75856 ], [ 3.347957, 39.78934 ], [ 3.373412, 39.76907 ], [ 3.404748, 39.76291 ], [ 3.42046, 39.75099 ], [ 3.458147, 39.74176 ], [ 3.457234, 39.68679 ], [ 3.436389, 39.63448 ], [ 3.399925, 39.63253 ], [ 3.390356, 39.60789 ], [ 3.394936, 39.5757 ], [ 3.374243, 39.56874 ], [ 3.358475, 39.5489 ], [ 3.304281, 39.50644 ], [ 3.279635, 39.45553 ], [ 3.277111, 39.43886 ], [ 3.277021, 39.42495 ], [ 3.25467, 39.3955 ], [ 3.239472, 39.37705 ], [ 3.229271, 39.35958 ], [ 3.188584, 39.34135 ], [ 3.17798, 39.33002 ], [ 3.142696, 39.32583 ], [ 3.118492, 39.31274 ], [ 3.072791, 39.26858 ], [ 3.049733, 39.26596 ], [ 3.02951, 39.28975 ], [ 3.003382, 39.31721 ], [ 2.988605, 39.32506 ], [ 2.990112, 39.33803 ], [ 2.965699, 39.3586 ], [ 2.929154, 39.36417 ], [ 2.913602, 39.35278 ], [ 2.881604, 39.36622 ], [ 2.844453, 39.36593 ], [ 2.828939, 39.35612 ], [ 2.780337, 39.37226 ], [ 2.739232, 39.41256 ], [ 2.747946, 39.43742 ], [ 2.72221, 39.47721 ], [ 2.745319, 39.49689 ], [ 2.74435, 39.51599 ], [ 2.697949, 39.54633 ], [ 2.67951, 39.55653 ], [ 2.656018, 39.56394 ], [ 2.645341, 39.56572 ], [ 2.638777, 39.56888 ], [ 2.637408, 39.56887 ], [ 2.624473, 39.55457 ], [ 2.597988, 39.54759 ], [ 2.58936, 39.53451 ], [ 2.538345, 39.52271 ], [ 2.536598, 39.48791 ], [ 2.518475, 39.45769 ], [ 2.496678, 39.46953 ], [ 2.479209, 39.49177 ], [ 2.479549, 39.51684 ], [ 2.462205, 39.52864 ], [ 2.41896, 39.53858 ], [ 2.396522, 39.52403 ], [ 2.373265, 39.53434 ], [ 2.359002, 39.55709 ], [ 2.344714, 39.58706 ], [ 2.368878, 39.61399 ], [ 2.384286, 39.61322 ], [ 2.436733, 39.6433 ], [ 2.46205, 39.6519 ], [ 2.487607, 39.67159 ] ] ], [ [ [ 3.822695, 39.92314 ], [ 3.834223, 39.96041 ], [ 3.829176, 39.9881 ], [ 3.819677, 39.99598 ], [ 3.794733, 40.0001 ], [ 3.82155, 40.05013 ], [ 3.878927, 40.05256 ], [ 3.899736, 40.0593 ], [ 3.984323, 40.05202 ], [ 4.015624, 40.0557 ], [ 4.030739, 40.0653 ], [ 4.054417, 40.05293 ], [ 4.098965, 40.05802 ], [ 4.126222, 40.04546 ], [ 4.137074, 40.06609 ], [ 4.163878, 40.05581 ], [ 4.161048, 40.0336 ], [ 4.195379, 40.03219 ], [ 4.206273, 39.99343 ], [ 4.250296, 40.00142 ], [ 4.269452, 39.95117 ], [ 4.293615, 39.90272 ], [ 4.276767, 39.89283 ], [ 4.270945, 39.89393 ], [ 4.274768, 39.88487 ], [ 4.282271, 39.88493 ], [ 4.301242, 39.87365 ], [ 4.301121, 39.84279 ], [ 4.296182, 39.82304 ], [ 4.275611, 39.8095 ], [ 4.253476, 39.81331 ], [ 4.202899, 39.83345 ], [ 4.156517, 39.85515 ], [ 4.085696, 39.88611 ], [ 4.055077, 39.90737 ], [ 3.988419, 39.9311 ], [ 3.958306, 39.93555 ], [ 3.907892, 39.92428 ], [ 3.874601, 39.92237 ], [ 3.822695, 39.92314 ] ] ] ] } }
]
}
