{
"type": "FeatureCollection",
"name": "group_arrondissementFinlande",
"crs": { "type": "name", "properties": { "name": "urn:ogc:def:crs:OGC:1.3:CRS84" } },
"features": [
{ "type": "Feature", "properties": { "ID": "a070J00001CfudgQAB", "COUNTY_COUNCIL__C": "Pohjois-Savo South", "PAYS__C": "Finlande" }, "geometry": { "type": "MultiPolygon", "coordinates": [ [ [ [ 27.23210906900016, 63.026649475000056 ], [ 27.347089767000114, 63.04795074600014 ], [ 27.516101837000178, 63.084442138000156 ], [ 27.475969314000054, 63.122692108000024 ], [ 27.525840760000165, 63.160789491000173 ], [ 27.632860183000105, 63.186840056999984 ], [ 27.65687942600016, 63.239830016999974 ], [ 27.700059892000127, 63.251110078000124 ], [ 27.705219269000111, 63.232749940000133 ], [ 27.827919006000172, 63.203559875000167 ], [ 27.814699174000054, 63.154510499000025 ], [ 27.864290237000148, 63.115638733000083 ], [ 27.826568603000055, 63.049839019000103 ], [ 27.866149902000075, 63.011489867000193 ], [ 27.944749833000117, 63.007179260000157 ], [ 27.976570129000038, 63.050659180000025 ], [ 28.071271896000098, 63.068012238 ], [ 28.103349685000069, 63.11146163900014 ], [ 28.336330414000031, 63.120830536000028 ], [ 28.328481674000102, 63.198249815999986 ], [ 28.378740312000048, 63.26779174800015 ], [ 28.450658799000109, 63.272682189000193 ], [ 28.499599457000045, 63.233581544000174 ], [ 28.611629487000073, 63.204311370000084 ], [ 28.659679413999982, 63.196910858000081 ], [ 28.761999131000152, 63.136371612000175 ], [ 28.846937179000122, 63.085868835000156 ], [ 28.86694908100003, 63.052921296000136 ], [ 29.052267075000145, 63.005111694000163 ], [ 29.066339492000168, 62.986091614000088 ], [ 28.967229843000098, 62.956050872000162 ], [ 28.935409547000177, 62.917251586000134 ], [ 28.994270325000116, 62.881832124000141 ], [ 29.103120803000138, 62.847751617000029 ], [ 28.95868873500001, 62.79795074600014 ], [ 28.74438858100018, 62.811229706 ], [ 28.722768783000106, 62.771789550000051 ], [ 28.639677047000134, 62.75872039799998 ], [ 28.648689269000101, 62.72193908700001 ], [ 28.70882988000011, 62.691089631000182 ], [ 28.658269883000173, 62.65341186500001 ], [ 28.598810196000159, 62.584560394000107 ], [ 28.470470428000169, 62.583209991 ], [ 28.406108857000106, 62.564411163000159 ], [ 28.386899949000053, 62.461429597000063 ], [ 28.251722335000068, 62.43317031800018 ], [ 28.325988770000038, 62.383560181000121 ], [ 28.317329407000045, 62.352378845000146 ], [ 28.433809280000105, 62.349990845000093 ], [ 28.452579499000024, 62.312648773000035 ], [ 28.520959854000068, 62.313049316000047 ], [ 28.655099869000082, 62.23693084700011 ], [ 28.630859375999989, 62.152370452000184 ], [ 28.508609772000113, 62.200599670000088 ], [ 28.395179749000192, 62.211959839000087 ], [ 28.263769149000154, 62.228801728000121 ], [ 28.239770890000045, 62.21212005700005 ], [ 28.052028655000129, 62.236591339000086 ], [ 27.969400405000101, 62.254878998000038 ], [ 27.917770386000086, 62.28039932400003 ], [ 27.813428879000185, 62.290748596000128 ], [ 27.743558883000105, 62.321739196000124 ], [ 27.764690400000177, 62.365798951000158 ], [ 27.688880920000145, 62.374469757000099 ], [ 27.579549790000158, 62.443672180000135 ], [ 27.468229293000149, 62.467670442000099 ], [ 27.408378600999981, 62.50244903600003 ], [ 27.195600510000077, 62.472751616999972 ], [ 27.191307066999968, 62.454898834000176 ], [ 27.111829758000169, 62.490531921000127 ], [ 26.944639206000147, 62.444629670000097 ], [ 26.885259628000085, 62.483650208000142 ], [ 26.825689317000183, 62.436870576000103 ], [ 26.755069733000084, 62.426712037000073 ], [ 26.711809158000108, 62.451339722 ], [ 26.615179062000095, 62.455890655000076 ], [ 26.472108841000136, 62.516651154000044 ], [ 26.485679626999968, 62.534080506000123 ], [ 26.559410094000043, 62.557781219000105 ], [ 26.597600936000163, 62.641769410000109 ], [ 26.52873039200017, 62.730701447000115 ], [ 26.452629090000187, 62.78831100400015 ], [ 26.36479187000009, 62.747119904000101 ], [ 26.233400345000121, 62.825099946000137 ], [ 26.158809662000124, 62.846370697000168 ], [ 26.183088303000147, 62.867889404999971 ], [ 26.069110869000099, 62.890789031000054 ], [ 26.04793930000011, 62.932281495000154 ], [ 26.151819230000115, 62.954940795000084 ], [ 26.320878982000067, 62.956642152000029 ], [ 26.325698853000176, 62.978988647000108 ], [ 26.226009369000167, 63.023941041000114 ], [ 26.328418732000046, 63.037540436000143 ], [ 26.236488342000087, 63.07312011800002 ], [ 26.161779404000185, 63.144001007000043 ], [ 26.150499343000092, 63.185089112000185 ], [ 26.182689667000034, 63.242382049000128 ], [ 26.13965988200016, 63.275791167000023 ], [ 26.138248444000112, 63.316452027000082 ], [ 26.087928771000122, 63.36367035000012 ], [ 26.174968720000095, 63.441242218000127 ], [ 26.240098954000018, 63.415908813000044 ], [ 26.325248719000058, 63.344551087000127 ], [ 26.31643867400004, 63.304321289000029 ], [ 26.41893959000015, 63.268230437999989 ], [ 26.463539124000135, 63.153411865000123 ], [ 26.519788743000106, 63.092208862000064 ], [ 26.608400345000121, 63.043041230000142 ], [ 26.73960876600006, 63.050510406000171 ], [ 26.852849960000128, 63.108402253000122 ], [ 26.95479011599997, 63.117080688000101 ], [ 27.127138138000078, 63.004772187000015 ], [ 27.164308547000076, 62.993888855000137 ], [ 27.23210906900016, 63.026649475000056 ] ] ] ] } },
{ "type": "Feature", "properties": { "ID": "a070J00001CfudMQAR", "COUNTY_COUNCIL__C": "Pohjois-Karjala South", "PAYS__C": "Finlande" }, "geometry": { "type": "MultiPolygon", "coordinates": [ [ [ [ 29.428239823000183, 62.155319215000191 ], [ 29.409370422000052, 62.188339233000079 ], [ 29.43420028700001, 62.236560822000172 ], [ 29.307537105000051, 62.331180994000135 ], [ 29.295349066000085, 62.386402043000089 ], [ 29.215810776000126, 62.414299011000082 ], [ 29.167819977000136, 62.385688783000035 ], [ 29.081258774000048, 62.423019409000062 ], [ 29.112590790000013, 62.493530274000136 ], [ 28.946828842000059, 62.563030243000071 ], [ 28.95084953300011, 62.576381683000079 ], [ 28.859498977000158, 62.600231171000019 ], [ 28.792629241000157, 62.640628814000081 ], [ 28.658269883000173, 62.65341186500001 ], [ 28.70882988000011, 62.691089631000182 ], [ 28.648689269000101, 62.72193908700001 ], [ 28.639677047000134, 62.75872039799998 ], [ 28.722768783000106, 62.771789550000051 ], [ 28.74438858100018, 62.811229706 ], [ 28.95868873500001, 62.79795074600014 ], [ 29.103120803000138, 62.847751617000029 ], [ 28.994270325000116, 62.881832124000141 ], [ 28.935409547000177, 62.917251586000134 ], [ 28.967229843000098, 62.956050872000162 ], [ 29.066339492000168, 62.986091614000088 ], [ 29.052267075000145, 63.005111694000163 ], [ 28.86694908100003, 63.052921296000136 ], [ 28.846937179000122, 63.085868835000156 ], [ 28.761999131000152, 63.136371612000175 ], [ 28.659679413999982, 63.196910858000081 ], [ 28.611629487000073, 63.204311370000084 ], [ 28.744007110000155, 63.309638978000123 ], [ 28.767040252000072, 63.385292053000057 ], [ 28.829389572000139, 63.390579224000078 ], [ 28.973838805000128, 63.431610109000133 ], [ 29.090309143000013, 63.447052002000135 ], [ 29.199748993000128, 63.440181733000031 ], [ 29.335681916, 63.358940124000071 ], [ 29.473009109000145, 63.345500946000129 ], [ 29.577539444000024, 63.325031280000189 ], [ 29.538999558000171, 63.300331117000098 ], [ 29.631448745000171, 63.244289399000195 ], [ 29.608259201000124, 63.204978944000061 ], [ 29.702678680000076, 63.126029969000058 ], [ 29.725629806000143, 63.074539184000059 ], [ 29.788318634000063, 63.052131654 ], [ 29.88106918200009, 63.059410095000146 ], [ 29.957118988000047, 63.017822266000053 ], [ 30.028079986000023, 63.049221040000077 ], [ 30.152317047999986, 63.031410218000076 ], [ 30.266229630000169, 63.041481018000013 ], [ 30.361251831000118, 62.998291016000167 ], [ 30.489679336000165, 63.020778655000129 ], [ 30.626369476000093, 63.092590332000043 ], [ 30.685150146000126, 63.088230133000138 ], [ 30.912429809, 63.130321503000062 ], [ 30.978261948000068, 63.170841216999975 ], [ 31.242172240000059, 63.199810029000048 ], [ 31.258560181000178, 63.135631562000015 ], [ 31.318775177000077, 63.088932038000053 ], [ 31.45928955100004, 63.033039092000195 ], [ 31.576831817000141, 62.914161682000099 ], [ 31.43502044700017, 62.780254364000029 ], [ 31.3745746620001, 62.662677765000183 ], [ 31.229843140000128, 62.507061005000139 ], [ 31.162721634000036, 62.452751160000105 ], [ 31.04948043800016, 62.405021668000131 ], [ 30.890956880000147, 62.307247162000124 ], [ 30.789161682000156, 62.256889344000115 ], [ 30.718795776999968, 62.212890625 ], [ 30.640581129999987, 62.194427490000123 ], [ 30.616550446000133, 62.156398772999978 ], [ 30.47658920300006, 62.062412262000123 ], [ 30.143360138, 61.850860596000132 ], [ 30.086870193000038, 61.854980469000054 ], [ 29.979621888000167, 61.821891786000094 ], [ 29.739059448000035, 61.761871338000105 ], [ 29.564029694000112, 61.724189758000193 ], [ 29.680299759000036, 61.788688660000162 ], [ 29.680187226000044, 61.87945175100009 ], [ 29.614519119000079, 61.915779113000099 ], [ 29.651708602000042, 61.972179413000163 ], [ 29.580549240000039, 62.022468566999976 ], [ 29.499408723000101, 62.041629791 ], [ 29.428239823000183, 62.155319215000191 ] ] ] ] } },
{ "type": "Feature", "properties": { "ID": "a072000000hXLa1AAG", "COUNTY_COUNCIL__C": "Satakunta", "PAYS__C": "Finlande" }, "geometry": { "type": "MultiPolygon", "coordinates": [ [ [ [ 21.603338000000122, 61.010120000000143 ], [ 21.473209, 61.002609 ], [ 21.419556000000114, 61.045834000000184 ], [ 21.416666, 61.083332 ], [ 21.46875, 61.135418000000186 ], [ 21.439062, 61.193226 ], [ 21.505831, 61.206249 ], [ 21.541666000000134, 61.233334000000184 ], [ 21.49427, 61.26302 ], [ 21.547396000000106, 61.324177 ], [ 21.514584, 61.370834000000116 ], [ 21.53125, 61.402084000000116 ], [ 21.464582000000178, 61.437500000000171 ], [ 21.549198, 61.427082 ], [ 21.597397000000115, 61.442184000000111 ], [ 21.497917, 61.510418000000186 ], [ 21.539583000000107, 61.529167 ], [ 21.490105, 61.582809000000168 ], [ 21.631250000000136, 61.577084 ], [ 21.655729000000122, 61.582809000000168 ], [ 21.531771000000163, 61.690102 ], [ 21.565355000000125, 61.743492000000174 ], [ 21.5, 61.766666 ], [ 21.439583000000141, 61.804165000000125 ], [ 21.472397, 61.871357000000103 ], [ 21.434896000000151, 61.926563000000158 ], [ 21.330662000000132, 61.952278 ], [ 21.416040000000123, 62.0051 ], [ 21.49345, 62.02227 ], [ 21.646549000000164, 62.020550000000128 ], [ 21.751548873000161, 62.014789582000105 ], [ 21.979099274000077, 61.980300904000046 ], [ 22.116588592000028, 62.032218934000184 ], [ 22.198339463000025, 62.102878570000087 ], [ 22.303838729000063, 62.101188659000115 ], [ 22.37412834200012, 62.140468597000165 ], [ 22.446050643000149, 62.197681428000067 ], [ 22.544889449000095, 62.227390290000073 ], [ 22.599979401000155, 62.307312012000125 ], [ 22.638198852000073, 62.302108764000025 ], [ 22.741949081000087, 62.273159027000077 ], [ 22.838378907000049, 62.271251678000056 ], [ 22.847530366000058, 62.163162232000161 ], [ 22.769428253000171, 62.151229859000068 ], [ 22.780439377000107, 62.061100005000185 ], [ 22.61569023200019, 62.041778565000072 ], [ 22.535388947000058, 61.998298644999977 ], [ 22.655738831000122, 61.951118469 ], [ 22.738021850000109, 61.909080506000123 ], [ 22.743541718000131, 61.864009856999985 ], [ 22.824638366000102, 61.812938691000113 ], [ 22.790859223000041, 61.75516891500007 ], [ 22.694469450999975, 61.739089966000108 ], [ 22.691728592000175, 61.707672119000165 ], [ 22.652709962000074, 61.694938660000048 ], [ 22.726047516000051, 61.666549682000039 ], [ 22.691450119000137, 61.595298768000077 ], [ 22.583568572000047, 61.547908783000025 ], [ 22.437349320000067, 61.487640381000176 ], [ 22.507869720000144, 61.427940368000179 ], [ 22.580350876000125, 61.395141601000034 ], [ 22.574089050000168, 61.318851471000073 ], [ 22.60101890500016, 61.30485153300009 ], [ 22.652179717000024, 61.245441437000181 ], [ 22.801431656000034, 61.242469787000118 ], [ 22.9019603590001, 61.217899158000137 ], [ 22.91086959900008, 61.213211061000095 ], [ 22.937978744000191, 61.203639985000052 ], [ 22.922849655000107, 61.141029359000015 ], [ 22.957090377000043, 61.108821870000156 ], [ 22.969789505000108, 61.045600892000039 ], [ 22.878330231000177, 61.061050416000114 ], [ 22.825868606000085, 61.098110200000065 ], [ 22.842029571000126, 61.070800781000116 ], [ 22.826360702000102, 60.9991989130001 ], [ 22.686368942000058, 60.988559724000083 ], [ 22.53759193500008, 60.982421874000067 ], [ 22.580579757000123, 60.94116211000005 ], [ 22.479267120000031, 60.947540284000183 ], [ 22.264757157000133, 60.924320221000187 ], [ 22.198858262000044, 60.907428742000093 ], [ 22.168720245000145, 60.871971131000066 ], [ 22.12469863900003, 60.904121400000179 ], [ 22.013629913000159, 60.901321411000083 ], [ 21.951198577000014, 60.938179016000106 ], [ 21.953681946000074, 60.978580474000012 ], [ 21.879638671000066, 60.979640961000086 ], [ 21.844448090000128, 61.011558532000151 ], [ 21.771579743000189, 61.034992218000184 ], [ 21.741800307000062, 60.999431611000148 ], [ 21.658220291000134, 60.99597930900012 ], [ 21.623699000000101, 61.045822 ], [ 21.603338000000122, 61.010120000000143 ] ] ] ] } },
{ "type": "Feature", "properties": { "ID": "a072000000hXLa6AAG", "COUNTY_COUNCIL__C": "Uusimaa", "PAYS__C": "Finlande" }, "geometry": { "type": "MultiPolygon", "coordinates": [ [ [ [ 23.367478985000162, 60.150470848999987 ], [ 23.395649000000105, 60.073299000000134 ], [ 23.363190000000145, 60.020172000000173 ], [ 23.457359, 60.004234 ], [ 23.401388000000168, 59.975693 ], [ 23.36861, 59.935139000000163 ], [ 23.23527700000011, 59.896526 ], [ 23.231386, 59.848194 ], [ 23.185278, 59.827641 ], [ 22.95861100000019, 59.817917 ], [ 22.981945000000167, 59.846806 ], [ 23.15694400000018, 59.886528 ], [ 23.136389000000122, 59.949306 ], [ 23.04694400000011, 59.915695 ], [ 22.887499, 59.915142 ], [ 22.811388000000136, 59.983749000000103 ], [ 22.974169000000131, 59.977089 ], [ 23.022499, 59.992363000000182 ], [ 22.994270000000142, 60.039062000000115 ], [ 23.024511, 60.100552000000164 ], [ 23.072699000000171, 60.090179 ], [ 23.145552000000123, 60.097462000000121 ], [ 23.277340000000152, 60.152729 ], [ 23.32605, 60.187481 ], [ 23.367478985000162, 60.150470848999987 ] ] ], [ [ [ 23.42639, 59.953751000000182 ], [ 23.42194400000011, 59.966526000000101 ], [ 23.487009000000171, 60.005741 ], [ 23.599010000000135, 60.036449000000118 ], [ 23.65686, 60.07085 ], [ 23.631290435000153, 60.166000367000095 ], [ 23.616218714000013, 60.193401008000137 ], [ 23.647270203000176, 60.228530885000055 ], [ 23.635198593000041, 60.282829284000059 ], [ 23.730770111000027, 60.325168610999981 ], [ 23.734369278000031, 60.356559753999989 ], [ 23.792419000000166, 60.386410000000183 ], [ 23.898088, 60.356369 ], [ 23.921520232000091, 60.324199678000014 ], [ 23.965709945000185, 60.313888542000086 ], [ 24.106579000000124, 60.350121000000172 ], [ 24.138889313000163, 60.389621736000151 ], [ 24.169099889000108, 60.483169555000131 ], [ 24.138408829000184, 60.529129005000186 ], [ 23.977929976000098, 60.637458805000108 ], [ 24.052219392000097, 60.644229889000087 ], [ 24.077949525000179, 60.629959106000172 ], [ 24.412399292000146, 60.592399598000043 ], [ 24.425128936000192, 60.551471710000101 ], [ 24.535770416000048, 60.556781769000054 ], [ 24.576040268000099, 60.582420350000177 ], [ 24.565399169000102, 60.636798859000066 ], [ 24.615579605000164, 60.666599275000181 ], [ 24.750789641000154, 60.64838027900015 ], [ 24.836420059000091, 60.667850494000049 ], [ 25.05023193300002, 60.682510376000096 ], [ 25.111419678000061, 60.662189483000134 ], [ 25.090370179000047, 60.703521728000055 ], [ 25.158229828000117, 60.782009125000059 ], [ 25.108879089000084, 60.819919587000072 ], [ 25.182369232000099, 60.817119598000147 ], [ 25.26977920600018, 60.786708833000034 ], [ 25.292869568000015, 60.758781434000127 ], [ 25.393707275000111, 60.754779817000042 ], [ 25.437189103000151, 60.793590546000019 ], [ 25.483058930000141, 60.79172897300009 ], [ 25.523448945000098, 60.704471589000036 ], [ 25.435028076000151, 60.672019959000124 ], [ 25.429738999000108, 60.640701294000053 ], [ 25.520208358000104, 60.578441619000046 ], [ 25.507268906000093, 60.556442261000029 ], [ 25.413188933000129, 60.54225158800017 ], [ 25.439819, 60.482601 ], [ 25.504909516000112, 60.434879304000049 ], [ 25.36286900000016, 60.40461 ], [ 25.36676, 60.372921000000133 ], [ 25.438559, 60.311432000000195 ], [ 25.51096200000012, 60.272419 ], [ 25.435417000000143, 60.224998 ], [ 25.375, 60.270832 ], [ 25.23697900000019, 60.25156 ], [ 25.185463, 60.226948000000107 ], [ 25.185417, 60.202084 ], [ 25.077045000000169, 60.197929000000158 ], [ 25.085417, 60.158333 ], [ 24.908854000000133, 60.181774000000189 ], [ 24.838669, 60.206249 ], [ 24.801563, 60.158852 ], [ 24.663021000000185, 60.127602 ], [ 24.61607400000014, 60.15625 ], [ 24.651562, 60.102604000000156 ], [ 24.604166000000191, 60.056252 ], [ 24.481392, 59.989861 ], [ 24.424719, 59.991531 ], [ 24.364063, 60.035938000000101 ], [ 24.344809000000168, 60.089245 ], [ 24.277349000000186, 60.056339 ], [ 24.197916000000191, 60.027084000000116 ], [ 24.091667000000143, 60.022915000000125 ], [ 23.964062000000183, 60.013020000000154 ], [ 23.974167000000136, 59.96875 ], [ 23.840834, 59.94236 ], [ 23.836195, 59.984585 ], [ 23.669722, 59.935417 ], [ 23.525833000000148, 59.935974000000101 ], [ 23.43027700000016, 59.916805000000181 ], [ 23.360277000000167, 59.930973 ], [ 23.42639, 59.953751000000182 ] ] ] ] } },
{ "type": "Feature", "properties": { "ID": "a072000000hXLYeAAO", "COUNTY_COUNCIL__C": "Etelä-Savo", "PAYS__C": "Finlande" }, "geometry": { "type": "MultiPolygon", "coordinates": [ [ [ [ 26.316137315000049, 61.404838563 ], [ 26.263660431000062, 61.425289154000041 ], [ 26.292280197000025, 61.473598480000192 ], [ 26.319509505000042, 61.607681276 ], [ 26.386060714000052, 61.654251098000088 ], [ 26.513181686000109, 61.625759125000172 ], [ 26.537687301000062, 61.696800232000101 ], [ 26.416688919000023, 61.80171966600011 ], [ 26.389059067000062, 61.852619171000072 ], [ 26.33956909300008, 61.890979766000157 ], [ 26.331689834000031, 61.945468902000187 ], [ 26.415248871000017, 61.97774887200012 ], [ 26.331199681000044, 62.035720991000119 ], [ 26.322599000000139, 62.040630000000135 ], [ 26.235988617000032, 62.134750366000162 ], [ 26.316928887000188, 62.198791504999974 ], [ 26.445339204000049, 62.211009980000085 ], [ 26.524030686000174, 62.261539460000108 ], [ 26.621809006000149, 62.220859529000165 ], [ 26.63554954500006, 62.283420563 ], [ 26.679920196000012, 62.308399201000157 ], [ 26.678230285000097, 62.344589234000182 ], [ 26.76989936800004, 62.362789155000144 ], [ 26.680519104000041, 62.39865112300015 ], [ 26.711809158000108, 62.451339722 ], [ 26.755069733000084, 62.426712037000073 ], [ 26.825689317000183, 62.436870576000103 ], [ 26.885259628000085, 62.483650208000142 ], [ 26.944639206000147, 62.444629670000097 ], [ 27.111829758000169, 62.490531921000127 ], [ 27.191307066999968, 62.454898834000176 ], [ 27.195600510000077, 62.472751616999972 ], [ 27.408378600999981, 62.50244903600003 ], [ 27.468229293000149, 62.467670442000099 ], [ 27.579549790000158, 62.443672180000135 ], [ 27.688880920000145, 62.374469757000099 ], [ 27.764690400000177, 62.365798951000158 ], [ 27.743558883000105, 62.321739196000124 ], [ 27.813428879000185, 62.290748596000128 ], [ 27.917770386000086, 62.28039932400003 ], [ 27.969400405000101, 62.254878998000038 ], [ 28.052028655000129, 62.236591339000086 ], [ 28.239770890000045, 62.21212005700005 ], [ 28.263769149000154, 62.228801728000121 ], [ 28.395179749000192, 62.211959839000087 ], [ 28.508609772000113, 62.200599670000088 ], [ 28.630859375999989, 62.152370452000184 ], [ 28.655099869000082, 62.23693084700011 ], [ 28.520959854000068, 62.313049316000047 ], [ 28.452579499000024, 62.312648773000035 ], [ 28.433809280000105, 62.349990845000093 ], [ 28.317329407000045, 62.352378845000146 ], [ 28.325988770000038, 62.383560181000121 ], [ 28.251722335000068, 62.43317031800018 ], [ 28.386899949000053, 62.461429597000063 ], [ 28.406108857000106, 62.564411163000159 ], [ 28.470470428000169, 62.583209991 ], [ 28.598810196000159, 62.584560394000107 ], [ 28.658269883000173, 62.65341186500001 ], [ 28.792629241000157, 62.640628814000081 ], [ 28.859498977000158, 62.600231171000019 ], [ 28.95084953300011, 62.576381683000079 ], [ 28.946828842000059, 62.563030243000071 ], [ 29.112590790000013, 62.493530274000136 ], [ 29.081258774000048, 62.423019409000062 ], [ 29.167819977000136, 62.385688783000035 ], [ 29.215810776000126, 62.414299011000082 ], [ 29.295349066000085, 62.386402043000089 ], [ 29.307537105000051, 62.331180994000135 ], [ 29.43420028700001, 62.236560822000172 ], [ 29.409370422000052, 62.188339233000079 ], [ 29.428239823000183, 62.155319215000191 ], [ 29.499408723000101, 62.041629791 ], [ 29.580549240000039, 62.022468566999976 ], [ 29.651708602000042, 61.972179413000163 ], [ 29.614519119000079, 61.915779113000099 ], [ 29.680187226000044, 61.87945175100009 ], [ 29.680299759000036, 61.788688660000162 ], [ 29.564029694000112, 61.724189758000193 ], [ 29.542217254000093, 61.684879303000059 ], [ 29.398689271000137, 61.653919220000034 ], [ 29.283538818000125, 61.589179994000062 ], [ 29.264850617000036, 61.558700561000194 ], [ 29.218130111999983, 61.561851501000092 ], [ 29.056840897000029, 61.531791687 ], [ 28.954090117000192, 61.538509369000053 ], [ 28.819450378000056, 61.533630371000129 ], [ 28.793678283000077, 61.476398469000117 ], [ 28.667428970000117, 61.466320039000038 ], [ 28.528718947000129, 61.479541779000158 ], [ 28.43087005700005, 61.503688813000053 ], [ 28.395317078000119, 61.44250106800007 ], [ 28.255157471000075, 61.378608703999987 ], [ 28.069040299000108, 61.35351944100006 ], [ 27.926059823, 61.348320007000098 ], [ 27.787578766000024, 61.360778799000116 ], [ 27.751449585000159, 61.3673515320001 ], [ 27.559738159000062, 61.355468750000114 ], [ 27.380840301000035, 61.396850586000141 ], [ 27.165229797999984, 61.403759003000062 ], [ 27.109590530000162, 61.325370788999976 ], [ 27.260568618000093, 61.326480866000111 ], [ 27.37596898400011, 61.21640014400009 ], [ 27.336690902000043, 61.168819428000177 ], [ 27.213207173000114, 61.161861424000165 ], [ 27.023979186000076, 61.153690337000114 ], [ 26.917749406000155, 61.181701660000044 ], [ 26.927570343000127, 61.226348877000135 ], [ 26.883619308999982, 61.282741547000171 ], [ 26.777439118000018, 61.269989014000089 ], [ 26.749237059999984, 61.226249695000149 ], [ 26.67020988400003, 61.207569122 ], [ 26.640790940000045, 61.290229798000041 ], [ 26.515150070000061, 61.273712159000183 ], [ 26.48717880200013, 61.320159913000168 ], [ 26.394008636000081, 61.324539185000106 ], [ 26.318248749000134, 61.368659973000092 ], [ 26.316137315000049, 61.404838563 ] ] ] ] } },
{ "type": "Feature", "properties": { "ID": "a072000000hXLYjAAO", "COUNTY_COUNCIL__C": "Itä-Uusimaa", "PAYS__C": "Finlande" }, "geometry": { "type": "MultiPolygon", "coordinates": [ [ [ [ 25.618229, 60.303646 ], [ 25.670313, 60.257812000000115 ], [ 25.612499, 60.212502000000143 ], [ 25.573437000000126, 60.260941 ], [ 25.618229, 60.303646 ] ] ], [ [ [ 25.920834000000127, 60.250000000000171 ], [ 25.791666000000191, 60.264584000000184 ], [ 25.748438000000192, 60.24844 ], [ 25.672916000000157, 60.277084 ], [ 25.580729, 60.336979 ], [ 25.51096200000012, 60.272419 ], [ 25.438559, 60.311432000000195 ], [ 25.36676, 60.372921000000133 ], [ 25.36286900000016, 60.40461 ], [ 25.504909516000112, 60.434879304000049 ], [ 25.439819, 60.482601 ], [ 25.413188933000129, 60.54225158800017 ], [ 25.507268906000093, 60.556442261000029 ], [ 25.520208358000104, 60.578441619000046 ], [ 25.429738999000108, 60.640701294000053 ], [ 25.435028076000151, 60.672019959000124 ], [ 25.523448945000098, 60.704471589000036 ], [ 25.591949462000116, 60.674610138000105 ], [ 25.745357513000101, 60.708709718000136 ], [ 25.838459016000115, 60.713722228000108 ], [ 25.916589737000038, 60.737350465000134 ], [ 25.938251495000031, 60.704849242000137 ], [ 26.041349411000112, 60.713779450000061 ], [ 26.137668609000173, 60.686882020000155 ], [ 26.216819763000103, 60.714809419000119 ], [ 26.215469359999986, 60.755470277000143 ], [ 26.306140899000013, 60.746742247999975 ], [ 26.353359199000124, 60.658820991000141 ], [ 26.45193862800005, 60.645099640000012 ], [ 26.488538743000106, 60.598220826000102 ], [ 26.562301635000097, 60.59914016700003 ], [ 26.608810424000012, 60.646499633000133 ], [ 26.656259537000153, 60.653190614000152 ], [ 26.691808668000135, 60.646900016000131 ], [ 26.750690000000134, 60.576260000000104 ], [ 26.66618, 60.612072 ], [ 26.581442, 60.602722 ], [ 26.463226000000134, 60.483788 ], [ 26.439583, 60.393749 ], [ 26.405729, 60.35677 ], [ 26.343515, 60.384140000000116 ], [ 26.252083, 60.427082 ], [ 26.22170100000011, 60.404167000000143 ], [ 26.154688000000135, 60.384899000000189 ], [ 26.068230000000142, 60.429688 ], [ 26.017187000000149, 60.390106 ], [ 26.111979000000133, 60.32552 ], [ 26.02291700000012, 60.279167 ], [ 25.938021, 60.269272000000115 ], [ 25.936663000000124, 60.362293 ], [ 25.872917000000143, 60.395832 ], [ 25.916145000000142, 60.344269 ], [ 25.897396000000128, 60.305729000000156 ], [ 25.920834000000127, 60.250000000000171 ] ] ] ] } },
{ "type": "Feature", "properties": { "ID": "a072000000hXLYoAAO", "COUNTY_COUNCIL__C": "Kainuu", "PAYS__C": "Finlande" }, "geometry": { "type": "MultiPolygon", "coordinates": [ [ [ [ 28.776817323000159, 63.846961975 ], [ 28.499298096000075, 63.881309509000118 ], [ 28.358449936000056, 63.753479004000098 ], [ 28.273258209000119, 63.67226028500005 ], [ 28.17300033600003, 63.714092255000196 ], [ 28.024608612000065, 63.803718568000079 ], [ 27.933639527000139, 63.844841003000056 ], [ 27.865331649000154, 63.857551575000116 ], [ 27.726959228000055, 63.914600372000109 ], [ 27.626739501000145, 63.924320222000176 ], [ 27.552749634000122, 63.955242158000033 ], [ 27.293127061000064, 63.986309052000138 ], [ 27.118989944000191, 63.990242006000074 ], [ 26.997938156000146, 64.000503539000135 ], [ 26.872081756000114, 64.033470154000099 ], [ 26.784608842000125, 64.055557250999982 ], [ 26.771421432000068, 64.214263916 ], [ 26.773118973000066, 64.263877868000122 ], [ 26.682711001000087, 64.276970000000119 ], [ 26.691339001000074, 64.312721001000114 ], [ 26.547060017000035, 64.319084111000052 ], [ 26.473997001000043, 64.362877000000196 ], [ 26.445209503000115, 64.418296814000144 ], [ 26.29187965300008, 64.478950500999986 ], [ 26.292900033000137, 64.483421108000186 ], [ 26.459089320000032, 64.566726866000124 ], [ 26.551618604000168, 64.558242907000079 ], [ 26.595720285000084, 64.610527014000013 ], [ 26.851999098000022, 64.666954031000103 ], [ 26.907070127, 64.759361131000105 ], [ 27.137479892999977, 64.830123938000099 ], [ 27.149148947000072, 64.834098816000164 ], [ 27.36697959900016, 64.814712525000118 ], [ 27.396478654000134, 64.844940186000144 ], [ 27.394319535000079, 64.953613281000116 ], [ 27.263679504000095, 65.023162843000193 ], [ 27.336029053000118, 65.092086792000089 ], [ 27.56084823600014, 65.090270997 ], [ 27.666330338000023, 65.121269227000141 ], [ 27.894048692000069, 65.091667175000055 ], [ 27.949720383000169, 65.206542968000122 ], [ 28.008188248000181, 65.221633911000026 ], [ 28.167909622000025, 65.24951934700016 ], [ 28.369129181000176, 65.270492554999976 ], [ 28.611799240000039, 65.284393311000144 ], [ 28.655948639000144, 65.386222840000187 ], [ 28.948530197000082, 65.446777343 ], [ 29.122739792000061, 65.445747375000053 ], [ 29.213199616000111, 65.485816955000075 ], [ 29.213439942000093, 65.517578126000103 ], [ 29.291629792000037, 65.522018434000188 ], [ 29.520929336000165, 65.490028382000048 ], [ 29.548818588000074, 65.50649261600006 ], [ 29.764558793000162, 65.497673035000105 ], [ 29.742397309000069, 65.43813324000007 ], [ 29.76857948300011, 65.334098816000051 ], [ 29.618616104000012, 65.273391723000088 ], [ 29.657688140000062, 65.227745057000106 ], [ 29.877592087000039, 65.213256836000141 ], [ 29.895647048000114, 65.194602966 ], [ 29.826911927000026, 65.138298035000105 ], [ 29.890127182000072, 65.104881287000069 ], [ 29.742057801000044, 65.090057373000093 ], [ 29.625688553000145, 65.059921265000128 ], [ 29.596260071000074, 64.989936828000054 ], [ 29.642059325000048, 64.875450134000175 ], [ 29.750923156000169, 64.789619446000188 ], [ 30.045656205000057, 64.792167663999976 ], [ 30.093450547000032, 64.767951966000112 ], [ 30.057516098000178, 64.710517883000193 ], [ 30.142986298000153, 64.65275573800011 ], [ 30.017341613000156, 64.581352235000054 ], [ 30.014448165000033, 64.515861511000139 ], [ 30.067747114999975, 64.459793091000165 ], [ 30.053009034000127, 64.404251099000192 ], [ 30.119977950000191, 64.359169006000172 ], [ 30.263109207000184, 64.333740234000118 ], [ 30.369524001000116, 64.27723693900009 ], [ 30.4849605550001, 64.254913331000068 ], [ 30.473600388000136, 64.196640015000071 ], [ 30.550300596999989, 64.125900268000066 ], [ 30.526166916000079, 64.049087526 ], [ 30.321098327000129, 63.901885986000082 ], [ 30.239818573000093, 63.818267822000053 ], [ 29.982534408999982, 63.752025604999972 ], [ 29.875640868000175, 63.750148773000149 ], [ 29.778388978000066, 63.706699372 ], [ 29.720399856000142, 63.746879577000186 ], [ 29.682699204000016, 63.876499176000095 ], [ 29.313081742000065, 63.850368499000126 ], [ 29.157369613000185, 63.846519471000192 ], [ 29.115570069000057, 63.844558717000098 ], [ 28.928230284999984, 63.837879181000062 ], [ 28.776817323000159, 63.846961975 ] ] ] ] } },
{ "type": "Feature", "properties": { "ID": "a072000000hXLYpAAO", "COUNTY_COUNCIL__C": "Keski-Suomi", "PAYS__C": "Finlande" }, "geometry": { "type": "MultiPolygon", "coordinates": [ [ [ [ 24.925669, 61.488701000000106 ], [ 24.922469941000088, 61.58789063100005 ], [ 24.832159, 61.55505 ], [ 24.784689, 61.615242002000116 ], [ 24.809789935000083, 61.654899588000148 ], [ 24.957860947000029, 61.631660462000013 ], [ 24.964318989000049, 61.671958932000109 ], [ 24.921400000000119, 61.70052 ], [ 25.002050052000072, 61.729160320000062 ], [ 24.982370000000117, 61.783909000000108 ], [ 24.922479626000097, 61.82658002200003 ], [ 24.948548999000138, 61.929241 ], [ 24.890286996999976, 62.043891981000115 ], [ 24.882169945000044, 62.053180810000129 ], [ 24.882879258000173, 62.057659149000074 ], [ 24.733909607999976, 62.026741028000117 ], [ 24.670478820000142, 62.051380157000096 ], [ 24.671220780000056, 62.118900299000131 ], [ 24.623998642000174, 62.124969483000086 ], [ 24.57460022000015, 62.180622101000154 ], [ 24.490169525999988, 62.196842194000055 ], [ 24.408100128000058, 62.16342163000013 ], [ 24.305070878000095, 62.184612275000063 ], [ 24.273599625000031, 62.235080720000099 ], [ 24.217748641000071, 62.25027084400017 ], [ 24.14074897800009, 62.25255203200004 ], [ 24.031169891000104, 62.300720216000059 ], [ 24.020240783000133, 62.364040376000048 ], [ 24.159479140000144, 62.459030152000196 ], [ 24.319709778, 62.490261078 ], [ 24.456848145000151, 62.495029449000128 ], [ 24.529508590000091, 62.524238587000184 ], [ 24.580610243000137, 62.666702062000184 ], [ 24.51503181400011, 62.686801910000042 ], [ 24.508670806000111, 62.709510804000161 ], [ 24.451019287000179, 62.783359527000187 ], [ 24.361637116000054, 62.844631196000194 ], [ 24.448940277000077, 62.900489808000032 ], [ 24.342729568000095, 62.917251586000134 ], [ 24.34934806800004, 62.962059021000186 ], [ 24.303350449000106, 62.985950470000148 ], [ 24.325109482000016, 63.066341400000113 ], [ 24.362788272000103, 63.119232022000119 ], [ 24.517660106000164, 63.155009996999979 ], [ 24.763399000000106, 63.133640000000128 ], [ 24.735128408000094, 63.143569988000138 ], [ 24.764829772000041, 63.264209920000042 ], [ 24.806859918000043, 63.276340003000143 ], [ 24.780328827000176, 63.35829903400014 ], [ 24.913869858, 63.434959411000136 ], [ 25.028680801000178, 63.45809936500018 ], [ 25.080360412000061, 63.465320588 ], [ 25.115989684000169, 63.495620728000063 ], [ 25.140459061000172, 63.575889587 ], [ 25.248418807000178, 63.612640382000109 ], [ 25.354148864000024, 63.581779480000193 ], [ 25.505569457000092, 63.526580811000144 ], [ 25.736349106000034, 63.517742157000157 ], [ 25.812969207000037, 63.496681213000159 ], [ 25.892139434000057, 63.439380646000075 ], [ 26.011209488000077, 63.4300193790001 ], [ 26.137828827000135, 63.45634079000007 ], [ 26.174968720000095, 63.441242218000127 ], [ 26.087928771000122, 63.36367035000012 ], [ 26.138248444000112, 63.316452027000082 ], [ 26.13965988200016, 63.275791167000023 ], [ 26.182689667000034, 63.242382049000128 ], [ 26.150499343000092, 63.185089112000185 ], [ 26.161779404000185, 63.144001007000043 ], [ 26.236488342000087, 63.07312011800002 ], [ 26.328418732000046, 63.037540436000143 ], [ 26.226009369000167, 63.023941041000114 ], [ 26.325698853000176, 62.978988647000108 ], [ 26.320878982000067, 62.956642152000029 ], [ 26.151819230000115, 62.954940795000084 ], [ 26.04793930000011, 62.932281495000154 ], [ 26.069110869000099, 62.890789031000054 ], [ 26.183088303000147, 62.867889404999971 ], [ 26.158809662000124, 62.846370697000168 ], [ 26.233400345000121, 62.825099946000137 ], [ 26.36479187000009, 62.747119904000101 ], [ 26.452629090000187, 62.78831100400015 ], [ 26.52873039200017, 62.730701447000115 ], [ 26.597600936000163, 62.641769410000109 ], [ 26.559410094000043, 62.557781219000105 ], [ 26.485679626999968, 62.534080506000123 ], [ 26.472108841000136, 62.516651154000044 ], [ 26.615179062000095, 62.455890655000076 ], [ 26.711809158000108, 62.451339722 ], [ 26.680519104000041, 62.39865112300015 ], [ 26.76989936800004, 62.362789155000144 ], [ 26.678230285000097, 62.344589234000182 ], [ 26.679920196000012, 62.308399201000157 ], [ 26.63554954500006, 62.283420563 ], [ 26.621809006000149, 62.220859529000165 ], [ 26.524030686000174, 62.261539460000108 ], [ 26.445339204000049, 62.211009980000085 ], [ 26.316928887000188, 62.198791504999974 ], [ 26.235988617000032, 62.134750366000162 ], [ 26.322599000000139, 62.040630000000135 ], [ 26.331199681000044, 62.035720991000119 ], [ 26.415248871000017, 61.97774887200012 ], [ 26.331689834000031, 61.945468902000187 ], [ 26.33956909300008, 61.890979766000157 ], [ 26.389059067000062, 61.852619171000072 ], [ 26.416688919000023, 61.80171966600011 ], [ 26.537687301000062, 61.696800232000101 ], [ 26.513181686000109, 61.625759125000172 ], [ 26.386060714000052, 61.654251098000088 ], [ 26.319509505000042, 61.607681276 ], [ 26.317401886000141, 61.64387130700004 ], [ 26.203498841000169, 61.644512177000138 ], [ 26.159608839999976, 61.61489868200016 ], [ 26.075157165000178, 61.66825103900004 ], [ 26.083068848000096, 61.708488465000016 ], [ 25.992158891000088, 61.730480195000098 ], [ 25.970739365000099, 61.767478944000118 ], [ 25.864999772000147, 61.762969970000086 ], [ 25.852890015000128, 61.799560547000056 ], [ 25.774251937000031, 61.685630798000147 ], [ 25.675380707000045, 61.716758727000069 ], [ 25.591707229000065, 61.67509079000007 ], [ 25.506799942000043, 61.67848967600014 ], [ 25.505077, 61.615471 ], [ 25.44462962800003, 61.487190015000067 ], [ 25.082969994000109, 61.469470964999971 ], [ 24.966878898000175, 61.451190975000088 ], [ 24.958219605000181, 61.456008909000104 ], [ 24.925669, 61.488701000000106 ] ] ] ] } },
{ "type": "Feature", "properties": { "ID": "a072000000hXLYtAAO", "COUNTY_COUNCIL__C": "Kanta-Häme", "PAYS__C": "Finlande" }, "geometry": { "type": "MultiPolygon", "coordinates": [ [ [ [ 23.13961982800015, 60.884418487000062 ], [ 23.269620895000173, 60.890338899000142 ], [ 23.267278672000089, 60.95785141000016 ], [ 23.197399140000073, 60.999980927000138 ], [ 23.264478684000039, 61.02087020800019 ], [ 23.365850449000106, 61.013900757000044 ], [ 23.407329560000051, 60.967899323000097 ], [ 23.471519470000032, 60.961780549000082 ], [ 23.474470139000175, 60.988689423000039 ], [ 23.615219117000038, 61.003009796000185 ], [ 23.79044914300016, 60.993740082000045 ], [ 23.839977264000026, 60.942859650000173 ], [ 23.86224937500009, 60.973720551000156 ], [ 23.760889053000028, 61.057540894000169 ], [ 23.80064010600006, 61.078922271000067 ], [ 23.923389435000161, 61.093441009 ], [ 23.952318191000074, 61.101600646000065 ], [ 24.134439469000029, 61.14120101900005 ], [ 24.238410949000126, 61.15151214500014 ], [ 24.291549682000095, 61.19935226400014 ], [ 24.278419494000104, 61.240280152000082 ], [ 24.305749894000144, 61.234909058000085 ], [ 24.391448975000117, 61.245689393000077 ], [ 24.49035835300009, 61.282989501000088 ], [ 24.594259261000047, 61.288551331000178 ], [ 24.769409179000149, 61.26906204300019 ], [ 24.884029387000055, 61.283031463000157 ], [ 24.918310166000083, 61.322341920000099 ], [ 24.922021865000147, 61.286170960000106 ], [ 25.066848754000091, 61.253871919000119 ], [ 25.205038072000093, 61.239681244000053 ], [ 25.261949539000113, 61.187938690000067 ], [ 25.240749360000052, 61.116680145000089 ], [ 25.15710067800012, 61.061309816000062 ], [ 25.042440414999987, 61.043090820000032 ], [ 25.061620712000092, 60.98833084100005 ], [ 25.015499115000011, 60.931499481000174 ], [ 25.079311371000188, 60.924621583000032 ], [ 25.106849671000191, 60.865051269000048 ], [ 25.087018967, 60.856769561000135 ], [ 25.108879089000084, 60.819919587000072 ], [ 25.158229828000117, 60.782009125000059 ], [ 25.090370179000047, 60.703521728000055 ], [ 25.111419678000061, 60.662189483000134 ], [ 25.05023193300002, 60.682510376000096 ], [ 24.836420059000091, 60.667850494000049 ], [ 24.750789641000154, 60.64838027900015 ], [ 24.615579605000164, 60.666599275000181 ], [ 24.565399169000102, 60.636798859000066 ], [ 24.576040268000099, 60.582420350000177 ], [ 24.535770416000048, 60.556781769000054 ], [ 24.425128936000192, 60.551471710000101 ], [ 24.412399292000146, 60.592399598000043 ], [ 24.077949525000179, 60.629959106000172 ], [ 24.052219392000097, 60.644229889000087 ], [ 23.977929976000098, 60.637458805000108 ], [ 23.896699920000117, 60.648830140000143 ], [ 23.686779026000067, 60.659240907000083 ], [ 23.680699992000143, 60.686389930000132 ], [ 23.571260475000145, 60.693828786000097 ], [ 23.50331874800014, 60.745090126000093 ], [ 23.410579934000054, 60.738461002000122 ], [ 23.343999863000136, 60.71765136700003 ], [ 23.26236, 60.728642001000082 ], [ 23.173700000000167, 60.762230000000159 ], [ 23.164960977000135, 60.766929772000196 ], [ 23.156209945000114, 60.771629334000181 ], [ 23.207078934000037, 60.819889068000123 ], [ 23.136539459000062, 60.853019715000187 ], [ 23.13961982800015, 60.884418487000062 ] ] ] ] } },
{ "type": "Feature", "properties": { "ID": "a072000000hXLYUAA4", "COUNTY_COUNCIL__C": "Etelä-Karjala", "PAYS__C": "Finlande" }, "geometry": { "type": "MultiPolygon", "coordinates": [ [ [ [ 27.714238915000124, 60.795379651000189 ], [ 27.596370119000028, 60.80659528700005 ], [ 27.501689911000028, 60.798358917000144 ], [ 27.42762950000008, 60.838588844000128 ], [ 27.419500284000151, 60.843558985000072 ], [ 27.372770310000135, 60.882259368000177 ], [ 27.210578918000181, 60.904560090000075 ], [ 27.16148948700004, 60.934268952000082 ], [ 27.220659255000157, 60.989841462000072 ], [ 27.158189773000061, 61.002182007000158 ], [ 27.154878617000179, 61.070098877000135 ], [ 27.234868963999986, 61.092960182000127 ], [ 27.368358611000019, 61.103858947000106 ], [ 27.370310022000126, 61.072132101000136 ], [ 27.481849830000101, 61.029891961000146 ], [ 27.571868986000027, 61.015850064000119 ], [ 27.65095100100018, 61.034012001000178 ], [ 27.636209487000144, 61.089080810000155 ], [ 27.676408939000169, 61.100368748000108 ], [ 27.698701956000036, 61.153350825000075 ], [ 27.785249897000142, 61.161991103000162 ], [ 27.87086857100013, 61.279140025000061 ], [ 27.838199857, 61.299110400000131 ], [ 27.926059823, 61.348320007000098 ], [ 28.069040299000108, 61.35351944100006 ], [ 28.255157471000075, 61.378608703999987 ], [ 28.399860382000156, 61.283821105000129 ], [ 28.458770752000078, 61.257549286000028 ], [ 28.565570831000173, 61.268989563000048 ], [ 28.631128311000168, 61.233169556000064 ], [ 28.705190659000039, 61.22846221900005 ], [ 28.851518631000147, 61.246200562000183 ], [ 28.92304039000004, 61.232479096000134 ], [ 29.01457, 61.190201 ], [ 28.954124212000124, 61.151653189000115 ], [ 28.840395000000171, 61.131451 ], [ 28.775949000000139, 61.077381 ], [ 28.701459884000144, 61.011348725000119 ], [ 28.65682, 60.95082100000019 ], [ 28.53751, 60.95841200000018 ], [ 28.277528899000174, 60.820739828000171 ], [ 28.240879059000122, 60.786800385000163 ], [ 28.174627000000157, 60.775791 ], [ 27.997963026000036, 60.668991101000188 ], [ 27.98806, 60.66637 ], [ 27.902477300000044, 60.694049983000184 ], [ 27.855059, 60.764641000000154 ], [ 27.724979400000166, 60.763130188000048 ], [ 27.714238915000124, 60.795379651000189 ] ] ], [ [ [ 27.43606, 61.271862000000169 ], [ 27.374029037000071, 61.248118999000042 ], [ 27.37596898400011, 61.21640014400009 ], [ 27.260568618000093, 61.326480866000111 ], [ 27.109590530000162, 61.325370788999976 ], [ 27.165229797999984, 61.403759003000062 ], [ 27.380840301000035, 61.396850586000141 ], [ 27.559738159000062, 61.355468750000114 ], [ 27.751449585000159, 61.3673515320001 ], [ 27.787578766000024, 61.360778799000116 ], [ 27.750799032000089, 61.326702127000033 ], [ 27.594819998999981, 61.344479000000149 ], [ 27.561100041000145, 61.283088998000039 ], [ 27.43606, 61.271862000000169 ] ] ], [ [ [ 29.08696156600007, 61.212580489000118 ], [ 29.028648376000149, 61.239101410000046 ], [ 29.067771912000012, 61.309020996000186 ], [ 29.076599121000072, 61.371871948000035 ], [ 29.149318695000034, 61.425941467000087 ], [ 29.064031601000067, 61.458801269000048 ], [ 29.243549346000179, 61.519340516 ], [ 29.359458923000091, 61.493350982999971 ], [ 29.452220916999977, 61.423130034999986 ], [ 29.333978653000031, 61.352958680000086 ], [ 29.245567104000145, 61.273418357000025 ], [ 29.08696156600007, 61.212580489000118 ] ] ], [ [ [ 30.050697326000147, 61.7693367010001 ], [ 29.867900848000147, 61.684638977000077 ], [ 29.767543793000016, 61.610153199000138 ], [ 29.639020920000064, 61.596481323000148 ], [ 29.649129869000092, 61.659290314000145 ], [ 29.542217254000093, 61.684879303000059 ], [ 29.564029694000112, 61.724189758000193 ], [ 29.739059448000035, 61.761871338000105 ], [ 29.979621888000167, 61.821891786000094 ], [ 30.086870193000038, 61.854980469000054 ], [ 30.143360138, 61.850860596000132 ], [ 30.058179856000038, 61.801494598000147 ], [ 30.050697326000147, 61.7693367010001 ] ] ] ] } },
{ "type": "Feature", "properties": { "ID": "a072000000hXLYyAAO", "COUNTY_COUNCIL__C": "Keski-Pohjanmaa", "PAYS__C": "Finlande" }, "geometry": { "type": "MultiPolygon", "coordinates": [ [ [ [ 23.56592, 63.59999 ], [ 23.44492, 63.60287 ], [ 23.48008, 63.64254 ], [ 23.60181, 63.64411 ], [ 23.64563, 63.67003 ], [ 23.74728, 63.67199 ], [ 23.60189, 63.72512 ], [ 23.50615, 63.77242 ], [ 23.39242, 63.75707 ], [ 23.3113, 63.75891 ], [ 23.23572, 63.72009 ], [ 23.03937, 63.78273 ], [ 23.01443, 63.81369 ], [ 23.04167, 63.875 ], [ 23.12448, 63.8776 ], [ 23.16042, 63.91459 ], [ 23.23705, 63.91042 ], [ 23.35469, 63.9151 ], [ 23.38542, 63.93331 ], [ 23.39531, 63.98282 ], [ 23.37552, 64.05573 ], [ 23.45886, 64.06302 ], [ 23.60459, 64.04583 ], [ 23.69467, 64.175 ], [ 23.82897, 64.12903 ], [ 24.00866, 64.0883 ], [ 24.097, 64.05889 ], [ 24.09938, 64.0048 ], [ 24.13697, 63.98124 ], [ 24.22216, 63.93382 ], [ 24.24399, 63.87466 ], [ 24.42288, 63.84242 ], [ 24.57028, 63.6803 ], [ 24.61643, 63.65183 ], [ 24.62652, 63.65152 ], [ 24.73305, 63.62112 ], [ 24.87428, 63.55793 ], [ 25.02868, 63.4581 ], [ 24.91387, 63.43496 ], [ 24.78033, 63.3583 ], [ 24.80686, 63.27634 ], [ 24.76483, 63.26421 ], [ 24.73513, 63.14357 ], [ 24.7634, 63.13364 ], [ 24.51766, 63.15501 ], [ 24.36279, 63.11923 ], [ 24.3159, 63.13865 ], [ 24.17834, 63.15168 ], [ 24.22257, 63.18191 ], [ 24.05375, 63.25874 ], [ 23.99584, 63.27385 ], [ 23.86628, 63.27735 ], [ 23.78008, 63.30661 ], [ 23.71654, 63.35775 ], [ 23.69942, 63.38068 ], [ 23.65677, 63.44025 ], [ 23.66248, 63.48512 ], [ 23.65814, 63.53022 ], [ 23.57992, 63.55015 ], [ 23.56592, 63.59999 ] ], [ [ 23.97144, 63.67963 ], [ 23.97007, 63.74269 ], [ 23.83475, 63.71926 ], [ 23.90895, 63.6678 ], [ 23.89518, 63.64115 ], [ 23.9545, 63.63057 ], [ 23.98922, 63.58912 ], [ 24.12767, 63.56729 ], [ 24.14716, 63.56224 ], [ 24.16017, 63.65192 ], [ 24.12237, 63.67099 ], [ 23.97144, 63.67963 ] ] ], [ [ [ 22.83281, 63.86993 ], [ 22.87083, 63.89792 ], [ 22.94115, 63.88698 ], [ 22.98952, 63.7886 ], [ 22.87842, 63.80056 ], [ 22.89126, 63.83542 ], [ 22.84138, 63.86742 ], [ 22.83281, 63.86993 ] ] ] ] } },
{ "type": "Feature", "properties": { "ID": "a072000000hXLYZAA4", "COUNTY_COUNCIL__C": "Etelä-Pohjanmaa", "PAYS__C": "Finlande" }, "geometry": { "type": "MultiPolygon", "coordinates": [ [ [ [ 21.746019000000103, 62.25302100000016 ], [ 21.678770066000027, 62.258331300000066 ], [ 21.674836988000038, 62.361728781000181 ], [ 21.568159000000151, 62.358459 ], [ 21.551809, 62.417061000000103 ], [ 21.55204010000017, 62.421550751000041 ], [ 21.59655, 62.528900000000135 ], [ 21.590869997000141, 62.605361937 ], [ 21.670928973000059, 62.640399989000059 ], [ 21.791639000000146, 62.697360999000182 ], [ 21.744040000000155, 62.720421001000034 ], [ 21.727048932000116, 62.76556000100004 ], [ 21.730459213000131, 62.823951722000174 ], [ 21.772188186000164, 62.863891601000148 ], [ 21.838279723000028, 62.818119049000074 ], [ 22.05099868800005, 62.7657890320001 ], [ 22.197099685000126, 62.750141143000064 ], [ 22.278949738000165, 62.793819427000187 ], [ 22.308750152000073, 62.797851564000155 ], [ 22.351579666000191, 62.84210205 ], [ 22.412389755000163, 62.863571168000192 ], [ 22.396348954000132, 62.908790590000137 ], [ 22.471340180000141, 62.979461669000159 ], [ 22.516618729000072, 63.046119690000126 ], [ 22.629119874000082, 63.084579467000083 ], [ 22.630739212000151, 63.102539064000041 ], [ 22.682378769000081, 63.124080658000196 ], [ 22.678628921000097, 63.191600800000174 ], [ 22.577959061000172, 63.17993164000012 ], [ 22.59984754900006, 63.202019042000131 ], [ 22.565980910000064, 63.270069122000109 ], [ 22.617059930000039, 63.282649992000074 ], [ 22.660679, 63.322330000000136 ], [ 22.774019000000123, 63.356201000000112 ], [ 22.904048917000068, 63.353672001 ], [ 22.98174091900006, 63.32960100300005 ], [ 22.975898916000119, 63.370208739000134 ], [ 23.114038467000114, 63.349338531000114 ], [ 23.209489822000023, 63.39675903300008 ], [ 23.268190383000103, 63.471939086000134 ], [ 23.401880265000102, 63.4958992010001 ], [ 23.549240112000064, 63.465400697000177 ], [ 23.565429688000052, 63.433509828000183 ], [ 23.699419022000143, 63.380680085 ], [ 23.716539382000065, 63.35774994000019 ], [ 23.780078887000116, 63.306610109000076 ], [ 23.866279601000144, 63.277351380000084 ], [ 23.995838165000066, 63.273849488000053 ], [ 24.053749, 63.258739 ], [ 24.222570000000132, 63.181911000000127 ], [ 24.178339000000108, 63.15167999900018 ], [ 24.315898895000089, 63.138648986000135 ], [ 24.362788272000103, 63.119232022000119 ], [ 24.325109482000016, 63.066341400000113 ], [ 24.303350449000106, 62.985950470000148 ], [ 24.34934806800004, 62.962059021000186 ], [ 24.342729568000095, 62.917251586000134 ], [ 24.448940277000077, 62.900489808000032 ], [ 24.361637116000054, 62.844631196000194 ], [ 24.451019287000179, 62.783359527000187 ], [ 24.508670806000111, 62.709510804000161 ], [ 24.51503181400011, 62.686801910000042 ], [ 24.580610243000137, 62.666702062000184 ], [ 24.529508590000091, 62.524238587000184 ], [ 24.456848145000151, 62.495029449000128 ], [ 24.319709778, 62.490261078 ], [ 24.159479140000144, 62.459030152000196 ], [ 24.020240783000133, 62.364040376000048 ], [ 23.926519394000024, 62.389171601000101 ], [ 23.909149170000092, 62.479648590000181 ], [ 23.832679749000079, 62.490730285000041 ], [ 23.676618576000124, 62.409370422000052 ], [ 23.502328872000135, 62.413780212000063 ], [ 23.498159409000039, 62.377899170000092 ], [ 23.411111832000188, 62.380020142000035 ], [ 23.338178635000077, 62.422241211000141 ], [ 23.288759232000132, 62.414402008000195 ], [ 23.221988678000173, 62.334980011000141 ], [ 23.142837524000072, 62.318771362000064 ], [ 22.994419099000083, 62.286010741999974 ], [ 22.838378907000049, 62.271251678000056 ], [ 22.741949081000087, 62.273159027000077 ], [ 22.638198852000073, 62.302108764000025 ], [ 22.599979401000155, 62.307312012000125 ], [ 22.544889449000095, 62.227390290000073 ], [ 22.446050643000149, 62.197681428000067 ], [ 22.37412834200012, 62.140468597000165 ], [ 22.303838729000063, 62.101188659000115 ], [ 22.198339463000025, 62.102878570000087 ], [ 22.116588592000028, 62.032218934000184 ], [ 21.979099274000077, 61.980300904000046 ], [ 21.751548873000161, 62.014789582000105 ], [ 21.646549000000164, 62.020550000000128 ], [ 21.631010077000099, 62.08813899900008 ], [ 21.675289000000134, 62.195469000000173 ], [ 21.773101881000173, 62.221229852000135 ], [ 21.746019000000103, 62.25302100000016 ] ] ] ] } },
{ "type": "Feature", "properties": { "ID": "a072000000hXLZ3AAO", "COUNTY_COUNCIL__C": "Kymenlaakso", "PAYS__C": "Finlande" }, "geometry": { "type": "MultiPolygon", "coordinates": [ [ [ [ 27.495312000000183, 60.509899 ], [ 27.431767, 60.470299 ], [ 27.360739000000137, 60.548641 ], [ 27.368900000000167, 60.584320000000162 ], [ 27.455059000000119, 60.63829 ], [ 27.431019, 60.693829000000107 ], [ 27.4486500000001, 60.769661 ], [ 27.42762950000008, 60.838588844000128 ], [ 27.501689911000028, 60.798358917000144 ], [ 27.596370119000028, 60.80659528700005 ], [ 27.714238915000124, 60.795379651000189 ], [ 27.724979400000166, 60.763130188000048 ], [ 27.855059, 60.764641000000154 ], [ 27.902477300000044, 60.694049983000184 ], [ 27.98806, 60.66637 ], [ 27.891838000000121, 60.613289 ], [ 27.840240000000165, 60.553032 ], [ 27.721354, 60.566143 ], [ 27.741146, 60.485935 ], [ 27.535418000000163, 60.491665 ], [ 27.495312000000183, 60.509899 ] ] ], [ [ [ 26.656250000000171, 60.416668000000129 ], [ 26.55208400000015, 60.408333 ], [ 26.548437, 60.438019000000111 ], [ 26.463226000000134, 60.483788 ], [ 26.581442, 60.602722 ], [ 26.66618, 60.612072 ], [ 26.750690000000134, 60.576260000000104 ], [ 26.691808668000135, 60.646900016000131 ], [ 26.656259537000153, 60.653190614000152 ], [ 26.608810424000012, 60.646499633000133 ], [ 26.562301635000097, 60.59914016700003 ], [ 26.488538743000106, 60.598220826000102 ], [ 26.45193862800005, 60.645099640000012 ], [ 26.353359199000124, 60.658820991000141 ], [ 26.306140899000013, 60.746742247999975 ], [ 26.215469359999986, 60.755470277000143 ], [ 26.205818175000047, 60.801010133000148 ], [ 26.09085845900006, 60.828788757000098 ], [ 26.086790085000075, 60.856029510999974 ], [ 26.143058777000135, 60.907600403000174 ], [ 26.064498901000093, 60.933689118000075 ], [ 26.042819977000136, 60.966220855000131 ], [ 26.120880127000191, 60.985260010000047 ], [ 26.110420227000191, 61.075931549000074 ], [ 26.049081803000092, 61.096710205000136 ], [ 26.054229737000071, 61.12353134100016 ], [ 26.125139237000155, 61.151931762000174 ], [ 26.144550324000136, 61.155559540000127 ], [ 26.242109298000116, 61.128582001000041 ], [ 26.287170410000101, 61.167099000000121 ], [ 26.396419524000066, 61.198108672999979 ], [ 26.437059403000035, 61.259361267000088 ], [ 26.515150070000061, 61.273712159000183 ], [ 26.640790940000045, 61.290229798000041 ], [ 26.67020988400003, 61.207569122 ], [ 26.749237059999984, 61.226249695000149 ], [ 26.777439118000018, 61.269989014000089 ], [ 26.883619308999982, 61.282741547000171 ], [ 26.927570343000127, 61.226348877000135 ], [ 26.917749406000155, 61.181701660000044 ], [ 27.023979186000076, 61.153690337000114 ], [ 27.213207173000114, 61.161861424000165 ], [ 27.181469032000166, 61.104831998000066 ], [ 27.234868963999986, 61.092960182000127 ], [ 27.154878617000179, 61.070098877000135 ], [ 27.158189773000061, 61.002182007000158 ], [ 27.220659255000157, 60.989841462000072 ], [ 27.16148948700004, 60.934268952000082 ], [ 27.210578918000181, 60.904560090000075 ], [ 27.372770310000135, 60.882259368000177 ], [ 27.419500284000151, 60.843558985000072 ], [ 27.294210353000153, 60.823279981000098 ], [ 27.224079133000146, 60.759311677000028 ], [ 27.134618758000158, 60.773109436000084 ], [ 27.118729, 60.701702000000125 ], [ 27.08442878600016, 60.671909333000031 ], [ 27.020589918000098, 60.675258631000077 ], [ 26.931708929000081, 60.64826967200014 ], [ 27.033279, 60.606869000000131 ], [ 27.012405, 60.545834 ], [ 26.924999000000128, 60.466667 ], [ 26.827965, 60.462208 ], [ 26.725000000000136, 60.452084000000184 ], [ 26.656250000000171, 60.416668000000129 ] ] ] ] } },
{ "type": "Feature", "properties": { "ID": "a072000000hXLZ8AAO", "COUNTY_COUNCIL__C": "Lappi", "PAYS__C": "Finlande" }, "geometry": { "type": "MultiPolygon", "coordinates": [ [ [ [ 24.148438000000169, 65.763016000000107 ], [ 24.159042, 65.854416 ], [ 24.104027000000144, 65.923439 ], [ 24.042389000000128, 65.952049000000102 ], [ 24.05013300000013, 66.001419 ], [ 23.940020000000118, 66.076263000000154 ], [ 23.940001000000109, 66.148361000000193 ], [ 23.896389007000039, 66.153930665000132 ], [ 23.734838487000047, 66.189300537000122 ], [ 23.659610749000024, 66.285636901000146 ], [ 23.685710907000043, 66.388664246000019 ], [ 23.661266327000078, 66.45229339600013 ], [ 23.80657958900008, 66.521041869999976 ], [ 23.879522324000106, 66.555374146000077 ], [ 23.899656295000057, 66.75769805900012 ], [ 23.993265152000106, 66.773475646000065 ], [ 24.011131286000079, 66.813613892000035 ], [ 23.877390025000182, 66.906967161000068 ], [ 23.871606826000118, 66.943161007000185 ], [ 23.776309962000084, 66.994941711000138 ], [ 23.681969000000151, 67.055664000000149 ], [ 23.675868947000026, 67.091850001000068 ], [ 23.569389344000115, 67.152763367000034 ], [ 23.599721902000056, 67.201683002000095 ], [ 23.572309494000137, 67.251861573000099 ], [ 23.737789000000191, 67.270767 ], [ 23.783032975000083, 67.337371837000035 ], [ 23.744218944000181, 67.387832639000067 ], [ 23.773107485000082, 67.423248011000055 ], [ 23.543260575000147, 67.450782777000086 ], [ 23.426544237000144, 67.453193995000106 ], [ 23.407648043000052, 67.485129999000037 ], [ 23.482979000000171, 67.519653000000176 ], [ 23.476486206000118, 67.55583953900009 ], [ 23.548813000000109, 67.567863000000102 ], [ 23.556823727000051, 67.621788006000031 ], [ 23.502659051000023, 67.65447234700008 ], [ 23.509559993999972, 67.86170195800014 ], [ 23.673688933000108, 67.921387001000141 ], [ 23.584627161000128, 67.963851997000063 ], [ 23.554976, 68.005051000000151 ], [ 23.48396703200018, 68.011009212000033 ], [ 23.382250000000113, 68.053612 ], [ 23.33327860900016, 68.131210007000107 ], [ 23.287139893000187, 68.145622254000045 ], [ 23.154899597000053, 68.14807891900017 ], [ 23.167139053000028, 68.238021851000042 ], [ 23.089242935000073, 68.289009095000097 ], [ 22.924428939, 68.327919006000116 ], [ 22.834108352000101, 68.38349914600019 ], [ 22.581989288000102, 68.414443971000082 ], [ 22.344596864000096, 68.476371765000067 ], [ 22.184686661000171, 68.464920044000166 ], [ 22.063533783000082, 68.475395202000186 ], [ 21.995809555000051, 68.539260864000141 ], [ 21.876766204000035, 68.581123351000087 ], [ 21.729642868000155, 68.582626344000175 ], [ 21.672962189000032, 68.646255493000183 ], [ 21.588462829000093, 68.669563293000124 ], [ 21.48999023500005, 68.670417785000097 ], [ 21.41781807000018, 68.698043823000091 ], [ 21.396774292000032, 68.756782532000102 ], [ 21.322631834999981, 68.757347107000044 ], [ 21.263357163000137, 68.802833558000088 ], [ 21.129499435000071, 68.848793029000092 ], [ 20.871423722000145, 68.917816163000111 ], [ 20.923250198000119, 68.967132569000057 ], [ 20.812942504000148, 69.021720887000185 ], [ 20.638248443000066, 69.035942078000062 ], [ 20.563959122000142, 69.067733766000117 ], [ 20.728641509, 69.12120819200004 ], [ 21.06389045800006, 69.038436890000071 ], [ 21.104789735000168, 69.105781556000125 ], [ 20.995254516999978, 69.183021546000191 ], [ 20.997079850000148, 69.223571778000178 ], [ 21.267240525000091, 69.312019348000092 ], [ 21.632258981000064, 69.277549747000137 ], [ 21.715870006000102, 69.213684081000167 ], [ 21.909451973000046, 69.117080693000048 ], [ 22.18267631599997, 68.956199647000176 ], [ 22.215606689000026, 68.910713196000074 ], [ 22.354448318000038, 68.809768678000182 ], [ 22.369749070000182, 68.719413757000041 ], [ 22.569578171000046, 68.739173890000131 ], [ 22.797891617000118, 68.68611907899998 ], [ 23.045257569000114, 68.691055298000151 ], [ 23.198289872000089, 68.638748169000053 ], [ 23.478048324000042, 68.696609498000157 ], [ 23.677160264000179, 68.706123351000144 ], [ 23.796009063000099, 68.825447083000029 ], [ 23.970842361000109, 68.83065032900015 ], [ 24.073274613000081, 68.778686524000022 ], [ 24.249141694000059, 68.724906921000184 ], [ 24.612070083000049, 68.6842193600001 ], [ 24.787818909000123, 68.638893128000063 ], [ 24.857330321000063, 68.560211181000113 ], [ 24.905239106000181, 68.554367065000122 ], [ 24.916858673000149, 68.608253480000144 ], [ 25.08002471900005, 68.62168884200014 ], [ 25.111595153000053, 68.652397156000063 ], [ 25.143173218000129, 68.791557312000066 ], [ 25.24209022600013, 68.842903138000111 ], [ 25.468669891000047, 68.90387725800008 ], [ 25.627536775000067, 68.889892578000115 ], [ 25.776044846000161, 69.029869079000036 ], [ 25.725290298000175, 69.076728820000085 ], [ 25.742719650000083, 69.144020081000065 ], [ 25.703029632000039, 69.18598938000008 ], [ 25.709070205999978, 69.25817108200016 ], [ 25.785438537000175, 69.355278015000067 ], [ 25.830558776000146, 69.380981445000145 ], [ 25.803312302000109, 69.422576904000152 ], [ 25.883142472000088, 69.528625488000159 ], [ 25.947675704000062, 69.576324463000162 ], [ 25.965021134000096, 69.639129639000146 ], [ 25.89675903300008, 69.673011781000127 ], [ 26.001598358000138, 69.723953247999987 ], [ 26.119867325000087, 69.729118348000156 ], [ 26.276031108000154, 69.818977368 ], [ 26.375780105000047, 69.847282410000048 ], [ 26.454679475000091, 69.935172989000193 ], [ 26.620176250000043, 69.961066991000166 ], [ 26.7327820000001, 69.943436 ], [ 26.856811523000033, 69.961570740000013 ], [ 27.104358679000086, 69.91600801300001 ], [ 27.301059858000144, 69.953751006000175 ], [ 27.429979276000154, 70.021262989000093 ], [ 27.535629001000132, 70.021560999000087 ], [ 27.621709871000178, 70.077102662000073 ], [ 27.763446807000037, 70.066711427000143 ], [ 27.957648877000167, 70.090339677000088 ], [ 27.980879037000022, 70.012123099000064 ], [ 28.170400619000134, 69.922103881000112 ], [ 28.351933000000145, 69.882195000000195 ], [ 28.324989209000023, 69.84703799100015 ], [ 28.404531478000081, 69.816162109000061 ], [ 28.990879101000189, 69.715698240000165 ], [ 29.138516977000165, 69.69474794600012 ], [ 29.193375022000055, 69.610054 ], [ 29.280832291000081, 69.541885377000142 ], [ 29.326009887999987, 69.466720900000098 ], [ 29.168849946000023, 69.370010375000106 ], [ 28.842869, 69.231590000000153 ], [ 28.805199000000187, 69.106110000000115 ], [ 28.924753394000163, 69.056725056000175 ], [ 28.434746254, 68.90841688900008 ], [ 28.491560001000153, 68.884964001000071 ], [ 28.675913, 68.887131 ], [ 28.803527751000047, 68.874946602000136 ], [ 28.716124, 68.737717 ], [ 28.450369, 68.547668000000158 ], [ 28.496906, 68.469322 ], [ 28.663600922000114, 68.194442749000132 ], [ 29.334667, 68.07470700000016 ], [ 29.573666000000173, 67.877678 ], [ 29.691600799000184, 67.796012879000045 ], [ 30.03453064100006, 67.669364929000039 ], [ 29.959157944000026, 67.51733398500005 ], [ 29.791842, 67.43811 ], [ 29.642586000000165, 67.353951 ], [ 29.645888999000192, 67.332840001000079 ], [ 29.540231706000156, 67.287734986000089 ], [ 29.137430000000165, 67.036011000000144 ], [ 29.053629000000115, 66.97798900000015 ], [ 29.029739000000177, 66.91658 ], [ 29.086283, 66.824265 ], [ 29.354635, 66.63581100000016 ], [ 29.476802826000096, 66.541748047 ], [ 29.570957000000192, 66.432250999000132 ], [ 29.264530182000101, 66.431983949000085 ], [ 29.256338120000123, 66.409729004000155 ], [ 28.694040299000051, 66.48641204900008 ], [ 28.39001846300016, 66.493392944000107 ], [ 28.286037444999977, 66.453422546000127 ], [ 28.225429535000103, 66.406639099000188 ], [ 28.142238617000089, 66.428993226000159 ], [ 28.002979279000044, 66.417831421000074 ], [ 27.792861938000158, 66.432632447000117 ], [ 27.602449418000049, 66.40096283000014 ], [ 27.594379425000113, 66.374160767000035 ], [ 27.412471771000128, 66.292091369000048 ], [ 27.255119324000077, 66.330947877000028 ], [ 27.23634719800009, 66.304641724000135 ], [ 27.314249038000014, 66.224182129000042 ], [ 27.262359619000051, 66.199386597000114 ], [ 27.269149780000077, 66.144783021000194 ], [ 27.469360351000091, 66.10386657600003 ], [ 27.449729919000163, 65.959953308000024 ], [ 27.087730408000141, 65.732261658000084 ], [ 27.011758804000067, 65.735656739000092 ], [ 26.849151611000082, 65.702117920000148 ], [ 26.588788986000054, 65.713218688000097 ], [ 26.434598923000067, 65.71054840100004 ], [ 26.164199830000086, 65.725868226000102 ], [ 26.16471862700007, 65.820693970000036 ], [ 25.93428039600019, 65.77530670200008 ], [ 25.794600000000116, 65.739868 ], [ 25.422770000000185, 65.744041 ], [ 25.352859426000123, 65.723868985000138 ], [ 25.312009896000063, 65.684647005000102 ], [ 25.244148, 65.673393 ], [ 25.085092484000086, 65.585419 ], [ 24.872917000000143, 65.666664000000196 ], [ 24.790104, 65.65052 ], [ 24.673365, 65.65818 ], [ 24.554167, 65.741669 ], [ 24.454689000000144, 65.772919 ], [ 24.233854000000122, 65.795311000000197 ], [ 24.148438000000169, 65.763016000000107 ] ] ] ] } },
{ "type": "Feature", "properties": { "ID": "a072000000hXLZcAAO", "COUNTY_COUNCIL__C": "Pohjanmaa", "PAYS__C": "Finlande" }, "geometry": { "type": "MultiPolygon", "coordinates": [ [ [ [ 21.675289000000134, 62.195469000000173 ], [ 21.631010077000099, 62.08813899900008 ], [ 21.646549000000164, 62.020550000000128 ], [ 21.49345, 62.02227 ], [ 21.416040000000123, 62.0051 ], [ 21.330662000000132, 61.952278 ], [ 21.288021, 61.988022000000115 ], [ 21.32448, 62.083855 ], [ 21.313021000000163, 62.126560000000154 ], [ 21.364584, 62.147915000000125 ], [ 21.377083, 62.229168 ], [ 21.382813, 62.264065000000187 ], [ 21.327278, 62.318748 ], [ 21.310417, 62.349998 ], [ 21.302084, 62.379166000000112 ], [ 21.167187, 62.425522000000115 ], [ 21.172916000000157, 62.464584 ], [ 21.121353000000113, 62.48177 ], [ 21.153646, 62.528648 ], [ 21.1, 62.541668000000129 ], [ 21.155729, 62.551559000000168 ], [ 21.202084000000184, 62.612499000000184 ], [ 21.110937000000149, 62.62656 ], [ 21.065104, 62.666149 ], [ 21.144539, 62.704166 ], [ 21.176563000000101, 62.732815 ], [ 21.125521000000163, 62.77969 ], [ 21.19375, 62.804165 ], [ 21.241667, 62.854168 ], [ 21.252083000000141, 62.887501 ], [ 21.341694, 62.878098 ], [ 21.40260300000017, 62.893230000000131 ], [ 21.460417000000177, 62.987499000000184 ], [ 21.492676000000131, 63.004166 ], [ 21.407951, 63.006248 ], [ 21.325001, 63.000000000000171 ], [ 21.406588, 63.012611000000163 ], [ 21.445833000000164, 63.045834000000127 ], [ 21.475000000000136, 63.072918000000186 ], [ 21.552084, 63.081249 ], [ 21.598557000000142, 63.056252 ], [ 21.671356000000117, 63.063019 ], [ 21.520834, 63.135418000000129 ], [ 21.521492, 63.173138 ], [ 21.557812, 63.246357000000103 ], [ 21.679167000000177, 63.212502 ], [ 21.7875, 63.268749000000128 ], [ 21.920834, 63.277084000000173 ], [ 21.990911, 63.256535 ], [ 22.00457, 63.233334000000127 ], [ 22.037298000000135, 63.220226 ], [ 22.058529000000135, 63.156749999000056 ], [ 22.149299659000178, 63.173409004000064 ], [ 22.097119829000064, 63.237742923000155 ], [ 22.181770324000183, 63.244274140000073 ], [ 22.2066, 63.272915000000182 ], [ 22.157570000000135, 63.287498 ], [ 22.138203000000146, 63.321297000000129 ], [ 22.236467000000175, 63.295826000000147 ], [ 22.270216257000072, 63.299999060000061 ], [ 22.337500000000148, 63.293751 ], [ 22.383017000000166, 63.345108 ], [ 22.246353000000113, 63.417191000000173 ], [ 22.2125, 63.481251 ], [ 22.320313, 63.491146 ], [ 22.381771000000128, 63.521351 ], [ 22.451563000000135, 63.496357 ], [ 22.482813000000135, 63.54948 ], [ 22.456249, 63.595833 ], [ 22.521170000000154, 63.622211000000107 ], [ 22.632812, 63.720310000000154 ], [ 22.759895000000142, 63.702679000000103 ], [ 22.764081928, 63.699890070000095 ], [ 22.777000185000134, 63.740779924000094 ], [ 22.83938407900007, 63.799720763000153 ], [ 22.878418007000164, 63.80055612100017 ], [ 22.989523, 63.788601000000142 ], [ 23.014431008000088, 63.813694001000044 ], [ 23.039370010000141, 63.782730094000044 ], [ 23.235719681000035, 63.720088959000066 ], [ 23.311300262000032, 63.758910994000132 ], [ 23.392416266000168, 63.757069086000115 ], [ 23.506149146000041, 63.772418980000054 ], [ 23.601889001000188, 63.725121001000048 ], [ 23.747280079000063, 63.671989419000056 ], [ 23.645629882000094, 63.67002868600008 ], [ 23.60181045600018, 63.644111634000126 ], [ 23.480079651000153, 63.642539978000116 ], [ 23.444919586000083, 63.602870941000106 ], [ 23.565919876000123, 63.599990844000104 ], [ 23.579919815000039, 63.550151826000047 ], [ 23.658140183000057, 63.530220032000045 ], [ 23.662479401000041, 63.485118866000164 ], [ 23.656770706000145, 63.440250396000124 ], [ 23.699419022000143, 63.380680085 ], [ 23.565429688000052, 63.433509828000183 ], [ 23.549240112000064, 63.465400697000177 ], [ 23.401880265000102, 63.4958992010001 ], [ 23.268190383000103, 63.471939086000134 ], [ 23.209489822000023, 63.39675903300008 ], [ 23.114038467000114, 63.349338531000114 ], [ 22.975898916000119, 63.370208739000134 ], [ 22.98174091900006, 63.32960100300005 ], [ 22.904048917000068, 63.353672001 ], [ 22.774019000000123, 63.356201000000112 ], [ 22.660679, 63.322330000000136 ], [ 22.617059930000039, 63.282649992000074 ], [ 22.565980910000064, 63.270069122000109 ], [ 22.59984754900006, 63.202019042000131 ], [ 22.577959061000172, 63.17993164000012 ], [ 22.678628921000097, 63.191600800000174 ], [ 22.682378769000081, 63.124080658000196 ], [ 22.630739212000151, 63.102539064000041 ], [ 22.629119874000082, 63.084579467000083 ], [ 22.516618729000072, 63.046119690000126 ], [ 22.471340180000141, 62.979461669000159 ], [ 22.396348954000132, 62.908790590000137 ], [ 22.412389755000163, 62.863571168000192 ], [ 22.351579666000191, 62.84210205 ], [ 22.308750152000073, 62.797851564000155 ], [ 22.278949738000165, 62.793819427000187 ], [ 22.197099685000126, 62.750141143000064 ], [ 22.05099868800005, 62.7657890320001 ], [ 21.838279723000028, 62.818119049000074 ], [ 21.772188186000164, 62.863891601000148 ], [ 21.730459213000131, 62.823951722000174 ], [ 21.727048932000116, 62.76556000100004 ], [ 21.744040000000155, 62.720421001000034 ], [ 21.791639000000146, 62.697360999000182 ], [ 21.670928973000059, 62.640399989000059 ], [ 21.590869997000141, 62.605361937 ], [ 21.59655, 62.528900000000135 ], [ 21.55204010000017, 62.421550751000041 ], [ 21.551809, 62.417061000000103 ], [ 21.568159000000151, 62.358459 ], [ 21.674836988000038, 62.361728781000181 ], [ 21.678770066000027, 62.258331300000066 ], [ 21.746019000000103, 62.25302100000016 ], [ 21.773101881000173, 62.221229852000135 ], [ 21.675289000000134, 62.195469000000173 ] ] ], [ [ [ 21.268749000000128, 63.158333 ], [ 21.168751000000157, 63.185417 ], [ 21.13125, 63.245834 ], [ 21.08177, 63.271351 ], [ 21.179167, 63.354168000000129 ], [ 21.230730000000165, 63.363022000000115 ], [ 21.200521000000151, 63.338024000000189 ], [ 21.31875, 63.256248000000141 ], [ 21.385416, 63.28125 ], [ 21.447395, 63.249481000000117 ], [ 21.4500010000001, 63.2041660000001 ], [ 21.33802, 63.193226 ], [ 21.268749000000128, 63.158333 ] ] ], [ [ [ 21.28125, 63.308334000000116 ], [ 21.279167, 63.354168000000129 ], [ 21.351563, 63.370316 ], [ 21.417187000000183, 63.349476 ], [ 21.28125, 63.308334000000116 ] ] ], [ [ [ 23.97007000300016, 63.742691019000176 ], [ 23.971439, 63.67963 ], [ 24.122369766000133, 63.670989991000113 ], [ 24.160169557000131, 63.651920013 ], [ 24.147159962000103, 63.56224075300014 ], [ 24.127670287, 63.567291259 ], [ 23.98922157200019, 63.589118957000039 ], [ 23.954500198000062, 63.630569459000071 ], [ 23.895180045000018, 63.641151316000105 ], [ 23.908949, 63.667801000000111 ], [ 23.834749221000038, 63.719261170000038 ], [ 23.97007000300016, 63.742691019000176 ] ] ] ] } },
{ "type": "Feature", "properties": { "ID": "a072000000hXLZDAA4", "COUNTY_COUNCIL__C": "Päijät-Häme", "PAYS__C": "Finlande" }, "geometry": { "type": "MultiPolygon", "coordinates": [ [ [ [ 25.591949462000116, 60.674610138000105 ], [ 25.523448945000098, 60.704471589000036 ], [ 25.483058930000141, 60.79172897300009 ], [ 25.437189103000151, 60.793590546000019 ], [ 25.393707275000111, 60.754779817000042 ], [ 25.292869568000015, 60.758781434000127 ], [ 25.26977920600018, 60.786708833000034 ], [ 25.182369232000099, 60.817119598000147 ], [ 25.108879089000084, 60.819919587000072 ], [ 25.087018967, 60.856769561000135 ], [ 25.106849671000191, 60.865051269000048 ], [ 25.079311371000188, 60.924621583000032 ], [ 25.015499115000011, 60.931499481000174 ], [ 25.061620712000092, 60.98833084100005 ], [ 25.042440414999987, 61.043090820000032 ], [ 25.15710067800012, 61.061309816000062 ], [ 25.240749360000052, 61.116680145000089 ], [ 25.261949539000113, 61.187938690000067 ], [ 25.205038072000093, 61.239681244000053 ], [ 25.066848754000091, 61.253871919000119 ], [ 24.922021865000147, 61.286170960000106 ], [ 24.918310166000083, 61.322341920000099 ], [ 24.893789292000122, 61.34572982800006 ], [ 24.903610230000027, 61.408420563000107 ], [ 24.857879639000032, 61.477600098000153 ], [ 24.958219605000181, 61.456008909000104 ], [ 24.966878898000175, 61.451190975000088 ], [ 25.082969994000109, 61.469470964999971 ], [ 25.44462962800003, 61.487190015000067 ], [ 25.505077, 61.615471 ], [ 25.506799942000043, 61.67848967600014 ], [ 25.591707229000065, 61.67509079000007 ], [ 25.675380707000045, 61.716758727000069 ], [ 25.774251937000031, 61.685630798000147 ], [ 25.852890015000128, 61.799560547000056 ], [ 25.864999772000147, 61.762969970000086 ], [ 25.970739365000099, 61.767478944000118 ], [ 25.992158891000088, 61.730480195000098 ], [ 26.083068848000096, 61.708488465000016 ], [ 26.075157165000178, 61.66825103900004 ], [ 26.159608839999976, 61.61489868200016 ], [ 26.203498841000169, 61.644512177000138 ], [ 26.317401886000141, 61.64387130700004 ], [ 26.319509505000042, 61.607681276 ], [ 26.292280197000025, 61.473598480000192 ], [ 26.263660431000062, 61.425289154000041 ], [ 26.316137315000049, 61.404838563 ], [ 26.318248749000134, 61.368659973000092 ], [ 26.394008636000081, 61.324539185000106 ], [ 26.48717880200013, 61.320159913000168 ], [ 26.515150070000061, 61.273712159000183 ], [ 26.437059403000035, 61.259361267000088 ], [ 26.396419524000066, 61.198108672999979 ], [ 26.287170410000101, 61.167099000000121 ], [ 26.242109298000116, 61.128582001000041 ], [ 26.144550324000136, 61.155559540000127 ], [ 26.125139237000155, 61.151931762000174 ], [ 26.054229737000071, 61.12353134100016 ], [ 26.049081803000092, 61.096710205000136 ], [ 26.110420227000191, 61.075931549000074 ], [ 26.120880127000191, 60.985260010000047 ], [ 26.042819977000136, 60.966220855000131 ], [ 26.064498901000093, 60.933689118000075 ], [ 26.143058777000135, 60.907600403000174 ], [ 26.086790085000075, 60.856029510999974 ], [ 26.09085845900006, 60.828788757000098 ], [ 26.205818175000047, 60.801010133000148 ], [ 26.215469359999986, 60.755470277000143 ], [ 26.216819763000103, 60.714809419000119 ], [ 26.137668609000173, 60.686882020000155 ], [ 26.041349411000112, 60.713779450000061 ], [ 25.938251495000031, 60.704849242000137 ], [ 25.916589737000038, 60.737350465000134 ], [ 25.838459016000115, 60.713722228000108 ], [ 25.745357513000101, 60.708709718000136 ], [ 25.591949462000116, 60.674610138000105 ] ] ] ] } },
{ "type": "Feature", "properties": { "ID": "a072000000hXLZIAA4", "COUNTY_COUNCIL__C": "Pirkanmaa", "PAYS__C": "Finlande" }, "geometry": { "type": "MultiPolygon", "coordinates": [ [ [ [ 23.616218714000013, 60.193401008000137 ], [ 23.631290435000153, 60.166000367000095 ], [ 23.65686, 60.07085 ], [ 23.599010000000135, 60.036449000000118 ], [ 23.487009000000171, 60.005741 ], [ 23.457359, 60.004234 ], [ 23.363190000000145, 60.020172000000173 ], [ 23.395649000000105, 60.073299000000134 ], [ 23.367478985000162, 60.150470848999987 ], [ 23.535490000000152, 60.200069 ], [ 23.616218714000013, 60.193401008000137 ] ] ], [ [ [ 23.760889053000028, 61.057540894000169 ], [ 23.86224937500009, 60.973720551000156 ], [ 23.839977264000026, 60.942859650000173 ], [ 23.79044914300016, 60.993740082000045 ], [ 23.615219117000038, 61.003009796000185 ], [ 23.474470139000175, 60.988689423000039 ], [ 23.471519470000032, 60.961780549000082 ], [ 23.407329560000051, 60.967899323000097 ], [ 23.365850449000106, 61.013900757000044 ], [ 23.264478684000039, 61.02087020800019 ], [ 23.197399140000073, 60.999980927000138 ], [ 23.154239654999969, 61.03245925900012 ], [ 23.01399993900003, 61.022159576000149 ], [ 22.969789505000108, 61.045600892000039 ], [ 22.957090377000043, 61.108821870000156 ], [ 22.922849655000107, 61.141029359000015 ], [ 22.937978744000191, 61.203639985000052 ], [ 22.91086959900008, 61.213211061000095 ], [ 22.9019603590001, 61.217899158000137 ], [ 22.801431656000034, 61.242469787000118 ], [ 22.652179717000024, 61.245441437000181 ], [ 22.60101890500016, 61.30485153300009 ], [ 22.574089050000168, 61.318851471000073 ], [ 22.580350876000125, 61.395141601000034 ], [ 22.507869720000144, 61.427940368000179 ], [ 22.437349320000067, 61.487640381000176 ], [ 22.583568572000047, 61.547908783000025 ], [ 22.653188706000094, 61.479160309 ], [ 22.728380203000029, 61.477699280000195 ], [ 22.802759170000058, 61.467220306 ], [ 22.856239319000053, 61.434650420000082 ], [ 22.954320907000067, 61.477539062000062 ], [ 23.140869042000077, 61.459930424000106 ], [ 23.207969666000054, 61.471870422 ], [ 23.195620001000066, 61.53511 ], [ 23.073689000000172, 61.542370000000176 ], [ 23.050730000000158, 61.59684 ], [ 22.99283, 61.584610000000112 ], [ 22.900207855000019, 61.604568317000087 ], [ 22.845659000000126, 61.628181 ], [ 22.83086, 61.673439 ], [ 22.691728592000175, 61.707672119000165 ], [ 22.694469450999975, 61.739089966000108 ], [ 22.790859223000041, 61.75516891500007 ], [ 22.824638366000102, 61.812938691000113 ], [ 22.743541718000131, 61.864009856999985 ], [ 22.738021850000109, 61.909080506000123 ], [ 22.655738831000122, 61.951118469 ], [ 22.535388947000058, 61.998298644999977 ], [ 22.61569023200019, 62.041778565000072 ], [ 22.780439377000107, 62.061100005000185 ], [ 22.769428253000171, 62.151229859000068 ], [ 22.847530366000058, 62.163162232000161 ], [ 22.838378907000049, 62.271251678000056 ], [ 22.994419099000083, 62.286010741999974 ], [ 23.142837524000072, 62.318771362000064 ], [ 23.221988678000173, 62.334980011000141 ], [ 23.288759232000132, 62.414402008000195 ], [ 23.338178635000077, 62.422241211000141 ], [ 23.411111832000188, 62.380020142000035 ], [ 23.498159409000039, 62.377899170000092 ], [ 23.502328872000135, 62.413780212000063 ], [ 23.676618576000124, 62.409370422000052 ], [ 23.832679749000079, 62.490730285000041 ], [ 23.909149170000092, 62.479648590000181 ], [ 23.926519394000024, 62.389171601000101 ], [ 24.020240783000133, 62.364040376000048 ], [ 24.031169891000104, 62.300720216000059 ], [ 24.14074897800009, 62.25255203200004 ], [ 24.217748641000071, 62.25027084400017 ], [ 24.273599625000031, 62.235080720000099 ], [ 24.305070878000095, 62.184612275000063 ], [ 24.408100128000058, 62.16342163000013 ], [ 24.490169525999988, 62.196842194000055 ], [ 24.57460022000015, 62.180622101000154 ], [ 24.623998642000174, 62.124969483000086 ], [ 24.671220780000056, 62.118900299000131 ], [ 24.670478820000142, 62.051380157000096 ], [ 24.733909607999976, 62.026741028000117 ], [ 24.63361931500009, 61.998580985000103 ], [ 24.53443904400001, 61.911788966000074 ], [ 24.660848617000113, 61.862609864000092 ], [ 24.703548432000048, 61.829639434000057 ], [ 24.882398635000129, 61.814480013000093 ], [ 24.922479626000097, 61.82658002200003 ], [ 24.982370000000117, 61.783909000000108 ], [ 25.002050052000072, 61.729160320000062 ], [ 24.921400000000119, 61.70052 ], [ 24.964318989000049, 61.671958932000109 ], [ 24.957860947000029, 61.631660462000013 ], [ 24.809789935000083, 61.654899588000148 ], [ 24.784689, 61.615242002000116 ], [ 24.832159, 61.55505 ], [ 24.922469941000088, 61.58789063100005 ], [ 24.925669, 61.488701000000106 ], [ 24.958219605000181, 61.456008909000104 ], [ 24.857879639000032, 61.477600098000153 ], [ 24.903610230000027, 61.408420563000107 ], [ 24.893789292000122, 61.34572982800006 ], [ 24.918310166000083, 61.322341920000099 ], [ 24.884029387000055, 61.283031463000157 ], [ 24.769409179000149, 61.26906204300019 ], [ 24.594259261000047, 61.288551331000178 ], [ 24.49035835300009, 61.282989501000088 ], [ 24.391448975000117, 61.245689393000077 ], [ 24.305749894000144, 61.234909058000085 ], [ 24.278419494000104, 61.240280152000082 ], [ 24.291549682000095, 61.19935226400014 ], [ 24.238410949000126, 61.15151214500014 ], [ 24.134439469000029, 61.14120101900005 ], [ 23.952318191000074, 61.101600646000065 ], [ 23.923389435000161, 61.093441009 ], [ 23.80064010600006, 61.078922271000067 ], [ 23.760889053000028, 61.057540894000169 ] ] ] ] } },
{ "type": "Feature", "properties": { "ID": "a072000000hXLZmAAO", "COUNTY_COUNCIL__C": "Pohjois-Karjala North", "PAYS__C": "Finlande" }, "geometry": { "type": "MultiPolygon", "coordinates": [ [ [ [ 30.978261948000068, 63.170841216999975 ], [ 30.912429809, 63.130321503000062 ], [ 30.685150146000126, 63.088230133000138 ], [ 30.626369476000093, 63.092590332000043 ], [ 30.489679336000165, 63.020778655000129 ], [ 30.361251831000118, 62.998291016000167 ], [ 30.266229630000169, 63.041481018000013 ], [ 30.152317047999986, 63.031410218000076 ], [ 30.028079986000023, 63.049221040000077 ], [ 29.957118988000047, 63.017822266000053 ], [ 29.88106918200009, 63.059410095000146 ], [ 29.788318634000063, 63.052131654 ], [ 29.725629806000143, 63.074539184000059 ], [ 29.702678680000076, 63.126029969000058 ], [ 29.608259201000124, 63.204978944000061 ], [ 29.631448745000171, 63.244289399000195 ], [ 29.538999558000171, 63.300331117000098 ], [ 29.577539444000024, 63.325031280000189 ], [ 29.473009109000145, 63.345500946000129 ], [ 29.335681916, 63.358940124000071 ], [ 29.199748993000128, 63.440181733000031 ], [ 29.090309143000013, 63.447052002000135 ], [ 28.973838805000128, 63.431610109000133 ], [ 28.829389572000139, 63.390579224000078 ], [ 28.767040252000072, 63.385292053000057 ], [ 28.675720215000183, 63.417949676000035 ], [ 28.610969544000113, 63.539581298000144 ], [ 28.667690277000133, 63.558879853000064 ], [ 28.619028091000132, 63.56629181 ], [ 28.566478729000153, 63.696220398000037 ], [ 28.464641572000176, 63.697589875000119 ], [ 28.358449936000056, 63.753479004000098 ], [ 28.499298096000075, 63.881309509000118 ], [ 28.776817323000159, 63.846961975 ], [ 28.928230284999984, 63.837879181000062 ], [ 29.115570069000057, 63.844558717000098 ], [ 29.157369613000185, 63.846519471000192 ], [ 29.313081742000065, 63.850368499000126 ], [ 29.682699204000016, 63.876499176000095 ], [ 29.720399856000142, 63.746879577000186 ], [ 29.778388978000066, 63.706699372 ], [ 29.875640868000175, 63.750148773000149 ], [ 29.982534408999982, 63.752025604999972 ], [ 30.041580201000158, 63.711254120000092 ], [ 30.245546341000079, 63.606601716000171 ], [ 30.269756318000134, 63.583927154000094 ], [ 30.392738341000097, 63.543109894000054 ], [ 30.505151749000049, 63.461864471000126 ], [ 30.764570235000178, 63.409950256000059 ], [ 30.851488113000073, 63.369693757000164 ], [ 30.927518845000066, 63.356811524000193 ], [ 30.967714309000144, 63.321243287000016 ], [ 31.083976745000086, 63.288185120000094 ], [ 31.219272613999976, 63.231616975000065 ], [ 31.242172240000059, 63.199810029000048 ], [ 30.978261948000068, 63.170841216999975 ] ] ] ] } },
{ "type": "Feature", "properties": { "ID": "a072000000hXLZwAAO", "COUNTY_COUNCIL__C": "Pohjois-Savo North", "PAYS__C": "Finlande" }, "geometry": { "type": "MultiPolygon", "coordinates": [ [ [ [ 24.53443904400001, 61.911788966000074 ], [ 24.63361931500009, 61.998580985000103 ], [ 24.733909607999976, 62.026741028000117 ], [ 24.882879258000173, 62.057659149000074 ], [ 24.882169945000044, 62.053180810000129 ], [ 24.890286996999976, 62.043891981000115 ], [ 24.948548999000138, 61.929241 ], [ 24.922479626000097, 61.82658002200003 ], [ 24.882398635000129, 61.814480013000093 ], [ 24.703548432000048, 61.829639434000057 ], [ 24.660848617000113, 61.862609864000092 ], [ 24.53443904400001, 61.911788966000074 ] ] ], [ [ [ 26.73960876600006, 63.050510406000171 ], [ 26.608400345000121, 63.043041230000142 ], [ 26.519788743000106, 63.092208862000064 ], [ 26.463539124000135, 63.153411865000123 ], [ 26.41893959000015, 63.268230437999989 ], [ 26.31643867400004, 63.304321289000029 ], [ 26.325248719000058, 63.344551087000127 ], [ 26.240098954000018, 63.415908813000044 ], [ 26.174968720000095, 63.441242218000127 ], [ 26.137828827000135, 63.45634079000007 ], [ 26.173608781000098, 63.48192214900007 ], [ 26.202959061000058, 63.570919037000181 ], [ 26.28722953800019, 63.585391998000148 ], [ 26.294120788000157, 63.616680146000078 ], [ 26.241481781000118, 63.840068817000088 ], [ 26.566507339000054, 63.961471558000142 ], [ 26.602279663000104, 63.982460021000065 ], [ 26.872081756000114, 64.033470154000099 ], [ 26.997938156000146, 64.000503539000135 ], [ 27.118989944000191, 63.990242006000074 ], [ 27.293127061000064, 63.986309052000138 ], [ 27.552749634000122, 63.955242158000033 ], [ 27.626739501000145, 63.924320222000176 ], [ 27.726959228000055, 63.914600372000109 ], [ 27.865331649000154, 63.857551575000116 ], [ 27.933639527000139, 63.844841003000056 ], [ 28.024608612000065, 63.803718568000079 ], [ 28.17300033600003, 63.714092255000196 ], [ 28.273258209000119, 63.67226028500005 ], [ 28.358449936000056, 63.753479004000098 ], [ 28.464641572000176, 63.697589875000119 ], [ 28.566478729000153, 63.696220398000037 ], [ 28.619028091000132, 63.56629181 ], [ 28.667690277000133, 63.558879853000064 ], [ 28.610969544000113, 63.539581298000144 ], [ 28.675720215000183, 63.417949676000035 ], [ 28.767040252000072, 63.385292053000057 ], [ 28.744007110000155, 63.309638978000123 ], [ 28.611629487000073, 63.204311370000084 ], [ 28.499599457000045, 63.233581544000174 ], [ 28.450658799000109, 63.272682189000193 ], [ 28.378740312000048, 63.26779174800015 ], [ 28.328481674000102, 63.198249815999986 ], [ 28.336330414000031, 63.120830536000028 ], [ 28.103349685000069, 63.11146163900014 ], [ 28.071271896000098, 63.068012238 ], [ 27.976570129000038, 63.050659180000025 ], [ 27.944749833000117, 63.007179260000157 ], [ 27.866149902000075, 63.011489867000193 ], [ 27.826568603000055, 63.049839019000103 ], [ 27.864290237000148, 63.115638733000083 ], [ 27.814699174000054, 63.154510499000025 ], [ 27.827919006000172, 63.203559875000167 ], [ 27.705219269000111, 63.232749940000133 ], [ 27.700059892000127, 63.251110078000124 ], [ 27.65687942600016, 63.239830016999974 ], [ 27.632860183000105, 63.186840056999984 ], [ 27.525840760000165, 63.160789491000173 ], [ 27.475969314000054, 63.122692108000024 ], [ 27.516101837000178, 63.084442138000156 ], [ 27.347089767000114, 63.04795074600014 ], [ 27.23210906900016, 63.026649475000056 ], [ 27.164308547000076, 62.993888855000137 ], [ 27.127138138000078, 63.004772187000015 ], [ 26.95479011599997, 63.117080688000101 ], [ 26.852849960000128, 63.108402253000122 ], [ 26.73960876600006, 63.050510406000171 ] ] ] ] } },
{ "type": "Feature", "properties": { "ID": "a072000000hYFtEAAW", "COUNTY_COUNCIL__C": "Varsinais-Suomi North", "PAYS__C": "Finlande" }, "geometry": { "type": "MultiPolygon", "coordinates": [ [ [ [ 21.727604, 60.478432000000112 ], [ 21.701443000000154, 60.501869 ], [ 21.754688000000101, 60.555729 ], [ 21.803646000000128, 60.540104 ], [ 21.787941000000103, 60.500149000000192 ], [ 21.778181, 60.491722000000152 ], [ 21.727604, 60.478432000000112 ] ] ], [ [ [ 21.282812, 60.593231 ], [ 21.219271, 60.613022000000115 ], [ 21.235937, 60.649479 ], [ 21.310938000000135, 60.655731 ], [ 21.354166000000134, 60.602085000000102 ], [ 21.479841, 60.548283 ], [ 21.534897000000171, 60.525524 ], [ 21.498119, 60.496445000000108 ], [ 21.477083000000164, 60.479168 ], [ 21.350521000000185, 60.533852 ], [ 21.282812, 60.593231 ] ] ], [ [ [ 22.174999000000184, 60.385418000000129 ], [ 22.109896000000163, 60.413021000000185 ], [ 22.123823000000129, 60.462200000000166 ], [ 22.196048736000137, 60.462589265000133 ], [ 22.24468, 60.506729000000178 ], [ 22.145858764000138, 60.530811310000047 ], [ 22.089948624000101, 60.513721006000139 ], [ 22.0270195, 60.483524322999983 ], [ 21.933332442000165, 60.514583588999983 ], [ 21.899964964000105, 60.545730892000108 ], [ 21.876249, 60.516876 ], [ 21.803646000000128, 60.508888 ], [ 21.828939000000162, 60.596645 ], [ 21.783853, 60.61198 ], [ 21.782110000000102, 60.610703000000115 ], [ 21.72892, 60.591667 ], [ 21.685417, 60.585415000000125 ], [ 21.657812, 60.519272 ], [ 21.6062510000001, 60.493752 ], [ 21.546354, 60.518230000000187 ], [ 21.529167000000143, 60.570835000000102 ], [ 21.439062, 60.611469 ], [ 21.432203, 60.635506 ], [ 21.454594000000156, 60.63139 ], [ 21.358334000000184, 60.674999000000128 ], [ 21.345312, 60.706772 ], [ 21.389063, 60.735935 ], [ 21.387501000000157, 60.825001000000157 ], [ 21.27083400000015, 60.864582 ], [ 21.266666, 60.864582 ], [ 21.33541700000012, 60.827084000000184 ], [ 21.250000000000114, 60.806252000000143 ], [ 21.188021000000106, 60.854691000000173 ], [ 21.222918, 60.914585000000159 ], [ 21.31823, 60.929688000000112 ], [ 21.303646, 61.003643000000181 ], [ 21.417101000000173, 60.9276890000001 ], [ 21.441147, 60.947399 ], [ 21.373438, 60.992187000000172 ], [ 21.30625, 61.087502 ], [ 21.419556000000114, 61.045834000000184 ], [ 21.473209, 61.002609 ], [ 21.603338000000122, 61.010120000000143 ], [ 21.623699000000101, 61.045822 ], [ 21.658220291000134, 60.99597930900012 ], [ 21.741800307000062, 60.999431611000148 ], [ 21.771579743000189, 61.034992218000184 ], [ 21.844448090000128, 61.011558532000151 ], [ 21.879638671000066, 60.979640961000086 ], [ 21.953681946000074, 60.978580474000012 ], [ 21.951198577000014, 60.938179016000106 ], [ 22.013629913000159, 60.901321411000083 ], [ 22.12469863900003, 60.904121400000179 ], [ 22.168720245000145, 60.871971131000066 ], [ 22.198858262000044, 60.907428742000093 ], [ 22.264757157000133, 60.924320221000187 ], [ 22.479267120000031, 60.947540284000183 ], [ 22.580579757000123, 60.94116211000005 ], [ 22.53759193500008, 60.982421874000067 ], [ 22.686368942000058, 60.988559724000083 ], [ 22.826360702000102, 60.9991989130001 ], [ 22.842029571000126, 61.070800781000116 ], [ 22.825868606000085, 61.098110200000065 ], [ 22.878330231000177, 61.061050416000114 ], [ 22.969789505000108, 61.045600892000039 ], [ 23.01399993900003, 61.022159576000149 ], [ 23.154239654999969, 61.03245925900012 ], [ 23.197399140000073, 60.999980927000138 ], [ 23.267278672000089, 60.95785141000016 ], [ 23.269620895000173, 60.890338899000142 ], [ 23.13961982800015, 60.884418487000062 ], [ 23.136539459000062, 60.853019715000187 ], [ 23.207078934000037, 60.819889068000123 ], [ 23.156209945000114, 60.771629334000181 ], [ 23.164960977000135, 60.766929772000196 ], [ 23.173700000000167, 60.762230000000159 ], [ 23.26236, 60.728642001000082 ], [ 23.343999863000136, 60.71765136700003 ], [ 23.410579934000054, 60.738461002000122 ], [ 23.50331874800014, 60.745090126000093 ], [ 23.571260475000145, 60.693828786000097 ], [ 23.680699992000143, 60.686389930000132 ], [ 23.686779026000067, 60.659240907000083 ], [ 23.896699920000117, 60.648830140000143 ], [ 23.977929976000098, 60.637458805000108 ], [ 24.138408829000184, 60.529129005000186 ], [ 24.169099889000108, 60.483169555000131 ], [ 24.138889313000163, 60.389621736000151 ], [ 24.106579000000124, 60.350121000000172 ], [ 23.965709945000185, 60.313888542000086 ], [ 23.921520232000091, 60.324199678000014 ], [ 23.898088, 60.356369 ], [ 23.792419000000166, 60.386410000000183 ], [ 23.790660858000024, 60.449428558000193 ], [ 23.699720000000184, 60.451981 ], [ 23.740739855000186, 60.491321564000032 ], [ 23.6658690000001, 60.475399000000152 ], [ 23.594049454000185, 60.486339570000155 ], [ 23.49873, 60.533828999000036 ], [ 23.514668999000037, 60.596382 ], [ 23.3902397170001, 60.545608520000087 ], [ 23.302669526000045, 60.583770751000088 ], [ 23.211321026, 60.585979277000035 ], [ 23.100399018000189, 60.575099945000147 ], [ 23.07129874900005, 60.557781019000117 ], [ 22.950969886000166, 60.542499694000071 ], [ 22.847850983, 60.513259928000139 ], [ 22.83040046800005, 60.522621156000071 ], [ 22.704589843000178, 60.547679902000027 ], [ 22.581628796000132, 60.496170004000135 ], [ 22.423009873000126, 60.44969177300004 ], [ 22.362230001000057, 60.491230009000049 ], [ 22.366760000000113, 60.42823 ], [ 22.281877487000031, 60.402496532000157 ], [ 22.174999000000184, 60.385418000000129 ] ] ], [ [ [ 22.583568572000047, 61.547908783000025 ], [ 22.691450119000137, 61.595298768000077 ], [ 22.726047516000051, 61.666549682000039 ], [ 22.652709962000074, 61.694938660000048 ], [ 22.691728592000175, 61.707672119000165 ], [ 22.83086, 61.673439 ], [ 22.845659000000126, 61.628181 ], [ 22.900207855000019, 61.604568317000087 ], [ 22.831708907000063, 61.579010010000047 ], [ 22.826820373000032, 61.525169372 ], [ 22.73033905, 61.500141144000054 ], [ 22.728380203000029, 61.477699280000195 ], [ 22.653188706000094, 61.479160309 ], [ 22.583568572000047, 61.547908783000025 ] ] ] ] } },
{ "type": "Feature", "properties": { "ID": "a072000000hYFtJAAW", "COUNTY_COUNCIL__C": "Varsinais-Suomi South", "PAYS__C": "Finlande" }, "geometry": { "type": "MultiPolygon", "coordinates": [ [ [ [ 21.66198, 60.134899 ], [ 21.685417, 60.104168 ], [ 21.539583000000107, 60.108334000000127 ], [ 21.485937000000149, 60.136978000000113 ], [ 21.589582, 60.185417 ], [ 21.685417, 60.179165000000182 ], [ 21.66198, 60.134899 ] ] ], [ [ [ 21.841667, 60.114582 ], [ 21.702084, 60.131248000000141 ], [ 21.731771, 60.201565 ], [ 21.781250000000171, 60.214584000000116 ], [ 21.885937000000126, 60.209896000000185 ], [ 21.922396000000163, 60.152607000000103 ], [ 21.841667, 60.114582 ] ] ], [ [ [ 22.098757, 60.212502000000143 ], [ 22.027082, 60.150002 ], [ 21.961979, 60.15781 ], [ 21.970833, 60.197918000000129 ], [ 22.098757, 60.212502000000143 ] ] ], [ [ [ 21.397917, 60.179165000000182 ], [ 21.273438000000112, 60.211979 ], [ 21.316668000000107, 60.250000000000171 ], [ 21.423437, 60.260941 ], [ 21.384895000000142, 60.222393000000181 ], [ 21.397917, 60.179165000000182 ] ] ], [ [ [ 22.33541700000012, 60.360416 ], [ 22.429167000000177, 60.366665000000182 ], [ 22.4625, 60.34375 ], [ 22.412500000000136, 60.247917000000143 ], [ 22.329166000000157, 60.237499000000184 ], [ 22.22448, 60.190102 ], [ 22.08802, 60.285934000000111 ], [ 22.108334, 60.327084000000127 ], [ 22.263021, 60.331772 ], [ 22.33541700000012, 60.360416 ] ] ], [ [ [ 22.481684000000143, 60.143749000000128 ], [ 22.413021, 60.178646 ], [ 22.461979, 60.203644000000168 ], [ 22.600328000000104, 60.225986 ], [ 22.605071529000099, 60.227085 ], [ 22.610672000000136, 60.228382 ], [ 22.614069, 60.229168000000129 ], [ 22.864063000000158, 60.242859000000124 ], [ 22.923105000000191, 60.255394 ], [ 22.859896000000163, 60.189060000000154 ], [ 22.9812510000001, 60.287498 ], [ 23.018229, 60.300800000000152 ], [ 22.986979000000133, 60.323441000000116 ], [ 22.88501500000018, 60.306252 ], [ 22.791666, 60.256248 ], [ 22.61927, 60.234894000000111 ], [ 22.563021000000106, 60.269272000000115 ], [ 22.469271000000163, 60.280731000000173 ], [ 22.612184525000146, 60.379165649000186 ], [ 22.610702516000174, 60.386745454000049 ], [ 22.478466, 60.385418000000129 ], [ 22.350000382000076, 60.364582062000125 ], [ 22.281877487000031, 60.402496532000157 ], [ 22.366760000000113, 60.42823 ], [ 22.362230001000057, 60.491230009000049 ], [ 22.423009873000126, 60.44969177300004 ], [ 22.581628796000132, 60.496170004000135 ], [ 22.704589843000178, 60.547679902000027 ], [ 22.83040046800005, 60.522621156000071 ], [ 22.847850983, 60.513259928000139 ], [ 22.950969886000166, 60.542499694000071 ], [ 23.07129874900005, 60.557781019000117 ], [ 23.100399018000189, 60.575099945000147 ], [ 23.211321026, 60.585979277000035 ], [ 23.302669526000045, 60.583770751000088 ], [ 23.3902397170001, 60.545608520000087 ], [ 23.514668999000037, 60.596382 ], [ 23.49873, 60.533828999000036 ], [ 23.594049454000185, 60.486339570000155 ], [ 23.6658690000001, 60.475399000000152 ], [ 23.740739855000186, 60.491321564000032 ], [ 23.699720000000184, 60.451981 ], [ 23.790660858000024, 60.449428558000193 ], [ 23.792419000000166, 60.386410000000183 ], [ 23.734369278000031, 60.356559753999989 ], [ 23.730770111000027, 60.325168610999981 ], [ 23.635198593000041, 60.282829284000059 ], [ 23.647270203000176, 60.228530885000055 ], [ 23.616218714000013, 60.193401008000137 ], [ 23.535490000000152, 60.200069 ], [ 23.367478985000162, 60.150470848999987 ], [ 23.32605, 60.187481 ], [ 23.277340000000152, 60.152729 ], [ 23.145552000000123, 60.097462000000121 ], [ 23.072699000000171, 60.090179 ], [ 23.024511, 60.100552000000164 ], [ 23.059907, 60.127566000000115 ], [ 22.898199, 60.150002 ], [ 22.864950000000192, 60.184742 ], [ 22.86875, 60.129166000000168 ], [ 22.839062000000126, 60.094269 ], [ 22.770903, 60.066872 ], [ 22.739584, 60.014584 ], [ 22.61972800000018, 60.0 ], [ 22.612499000000128, 60.0 ], [ 22.580776000000128, 60.025002000000143 ], [ 22.590534000000105, 60.035416000000112 ], [ 22.600023, 60.041660000000149 ], [ 22.450001, 59.999950000000183 ], [ 22.3916660000001, 60.002083 ], [ 22.364584, 60.089584 ], [ 22.470833, 60.104168 ], [ 22.481684000000143, 60.143749000000128 ] ] ], [ [ [ 21.803646000000128, 60.508888 ], [ 21.876249, 60.516876 ], [ 21.923065, 60.448811 ], [ 22.049479, 60.354691000000116 ], [ 21.979166, 60.339584000000173 ], [ 21.83333400000015, 60.356251 ], [ 21.822916, 60.375 ], [ 21.8291660000001, 60.416668000000129 ], [ 21.778181, 60.491722000000152 ], [ 21.787941000000103, 60.500149000000192 ], [ 21.803646000000128, 60.508888 ] ] ], [ [ [ 22.196048736000137, 60.462589265000133 ], [ 22.123823000000129, 60.462200000000166 ], [ 22.106771, 60.450527000000136 ], [ 21.99375, 60.422916000000157 ], [ 21.94010400000019, 60.448441 ], [ 22.0270195, 60.483524322999983 ], [ 22.089948624000101, 60.513721006000139 ], [ 22.145858764000138, 60.530811310000047 ], [ 22.24468, 60.506729000000178 ], [ 22.196048736000137, 60.462589265000133 ] ] ] ] } },
{ "type": "Feature", "properties": { "ID": "a07aT00000j7vwcQAA", "COUNTY_COUNCIL__C": "Pohjois-Pohjanmaa North", "PAYS__C": "Finlande" }, "geometry": { "type": "MultiPolygon", "coordinates": [ [ [ [ 24.605249, 64.647781000000123 ], [ 24.601479, 64.625381000000175 ], [ 24.716799, 64.563248 ], [ 24.732620240000074, 64.472640991000048 ], [ 24.54707, 64.487328000000105 ], [ 24.305770873000029, 64.525566100999981 ], [ 24.374479000000179, 64.555733000000146 ], [ 24.410938, 64.664063000000112 ], [ 24.501646000000108, 64.704948 ], [ 24.605249, 64.647781000000123 ] ] ], [ [ [ 24.626518250000061, 63.651519776000043 ], [ 24.726980210000079, 63.706890106000174 ], [ 24.934558868000124, 63.673061371000074 ], [ 24.959468842000092, 63.757831573000033 ], [ 24.967300414000078, 63.802639006999982 ], [ 24.886068345000183, 63.863910675999989 ], [ 24.643690109999966, 63.943790437000075 ], [ 24.764139174000093, 63.989521027000023 ], [ 24.917280198000128, 63.984561920000147 ], [ 25.024320603000035, 64.06659698600015 ], [ 24.908529282000075, 64.111007690000122 ], [ 25.053119660000164, 64.169288636000033 ], [ 25.168279647000077, 64.232978820000028 ], [ 25.205619812000066, 64.321853638000164 ], [ 24.971258164000119, 64.347801208000192 ], [ 24.88451992500012, 64.386688221000099 ], [ 24.885306947000061, 64.391166701000088 ], [ 24.913188934000175, 64.430816651000157 ], [ 24.863701, 64.445953000000145 ], [ 24.787409, 64.547523000000126 ], [ 24.842649460000075, 64.563796997000054 ], [ 24.741529465000099, 64.585006714000031 ], [ 24.770170137000036, 64.629180997000105 ], [ 24.78139888700008, 64.633331151000107 ], [ 24.870568999000113, 64.6620640000001 ], [ 24.88820993600018, 64.760650646000158 ], [ 24.96986, 64.80309300000016 ], [ 24.999489, 64.913033 ], [ 25.125000000000114, 64.918747000000167 ], [ 25.296354, 64.830597000000182 ], [ 25.363019997000151, 64.875961303000111 ], [ 25.333334, 64.904167000000143 ], [ 25.225, 64.943748 ], [ 25.225, 65.002083000000141 ], [ 25.334896, 64.986984000000177 ], [ 25.443208668000011, 64.947914 ], [ 25.453641891000075, 64.947914124000135 ], [ 25.486978531000034, 64.97031402600004 ], [ 25.39426994400003, 65.007812500999989 ], [ 25.414062499000124, 65.045310975000064 ], [ 25.362899930000083, 65.106117199000039 ], [ 25.23697900000019, 65.13385 ], [ 25.229166000000134, 65.170830000000194 ], [ 25.319168000000104, 65.265205 ], [ 25.24166700000012, 65.335419 ], [ 25.260937, 65.392189 ], [ 25.361979, 65.423439 ], [ 25.343750000000114, 65.464584000000116 ], [ 25.265943528000093, 65.510414125000068 ], [ 25.206249236000076, 65.562500001000046 ], [ 25.085092484000086, 65.585419 ], [ 25.244148, 65.673393 ], [ 25.312009896000063, 65.684647005000102 ], [ 25.352859426000123, 65.723868985000138 ], [ 25.422770000000185, 65.744041 ], [ 25.794600000000116, 65.739868 ], [ 25.93428039600019, 65.77530670200008 ], [ 26.16471862700007, 65.820693970000036 ], [ 26.164199830000086, 65.725868226000102 ], [ 26.434598923000067, 65.71054840100004 ], [ 26.588788986000054, 65.713218688000097 ], [ 26.849151611000082, 65.702117920000148 ], [ 27.011758804000067, 65.735656739000092 ], [ 27.087730408000141, 65.732261658000084 ], [ 27.449729919000163, 65.959953308000024 ], [ 27.469360351000091, 66.10386657600003 ], [ 27.269149780000077, 66.144783021000194 ], [ 27.262359619000051, 66.199386597000114 ], [ 27.314249038000014, 66.224182129000042 ], [ 27.23634719800009, 66.304641724000135 ], [ 27.255119324000077, 66.330947877000028 ], [ 27.412471771000128, 66.292091369000048 ], [ 27.594379425000113, 66.374160767000035 ], [ 27.602449418000049, 66.40096283000014 ], [ 27.792861938000158, 66.432632447000117 ], [ 28.002979279000044, 66.417831421000074 ], [ 28.142238617000089, 66.428993226000159 ], [ 28.225429535000103, 66.406639099000188 ], [ 28.286037444999977, 66.453422546000127 ], [ 28.39001846300016, 66.493392944000107 ], [ 28.694040299000051, 66.48641204900008 ], [ 28.667860032000078, 66.410667419999982 ], [ 28.555719375000081, 66.380378723000092 ], [ 28.537599563000072, 66.32691192600015 ], [ 28.595407487000102, 66.264846802000136 ], [ 28.750040053000077, 66.25649261600006 ], [ 28.719678878000025, 66.135643005000134 ], [ 28.605258941000045, 66.12824249300013 ], [ 28.618188857000121, 66.100334168000131 ], [ 28.744070053000087, 66.043563843000072 ], [ 28.752260207000063, 66.002281189000087 ], [ 28.508659362000174, 66.006439209000064 ], [ 28.372280121000131, 65.963813781000169 ], [ 28.51542091400006, 65.892723084000068 ], [ 28.511598587000094, 65.847572327000194 ], [ 28.57534980700018, 65.83959198000008 ], [ 28.591650009000034, 65.78881836100004 ], [ 28.652669906000028, 65.740127564000034 ], [ 28.650989532000096, 65.635910035000109 ], [ 28.728288651000128, 65.604408264000028 ], [ 28.846710205000193, 65.59776306100008 ], [ 28.926500320000116, 65.638610840000013 ], [ 29.152210236000087, 65.530273438000165 ], [ 29.213439942000093, 65.517578126000103 ], [ 29.213199616000111, 65.485816955000075 ], [ 29.122739792000061, 65.445747375000053 ], [ 28.948530197000082, 65.446777343 ], [ 28.655948639000144, 65.386222840000187 ], [ 28.611799240000039, 65.284393311000144 ], [ 28.369129181000176, 65.270492554999976 ], [ 28.167909622000025, 65.24951934700016 ], [ 28.008188248000181, 65.221633911000026 ], [ 27.949720383000169, 65.206542968000122 ], [ 27.894048692000069, 65.091667175000055 ], [ 27.666330338000023, 65.121269227000141 ], [ 27.56084823600014, 65.090270997 ], [ 27.336029053000118, 65.092086792000089 ], [ 27.263679504000095, 65.023162843000193 ], [ 27.394319535000079, 64.953613281000116 ], [ 27.396478654000134, 64.844940186000144 ], [ 27.36697959900016, 64.814712525000118 ], [ 27.149148947000072, 64.834098816000164 ], [ 27.137479892999977, 64.830123938000099 ], [ 26.907070127, 64.759361131000105 ], [ 26.851999098000022, 64.666954031000103 ], [ 26.595720285000084, 64.610527014000013 ], [ 26.551618604000168, 64.558242907000079 ], [ 26.459089320000032, 64.566726866000124 ], [ 26.292900033000137, 64.483421108000186 ], [ 26.29187965300008, 64.478950500999986 ], [ 26.445209503000115, 64.418296814000144 ], [ 26.473997001000043, 64.362877000000196 ], [ 26.547060017000035, 64.319084111000052 ], [ 26.691339001000074, 64.312721001000114 ], [ 26.682711001000087, 64.276970000000119 ], [ 26.773118973000066, 64.263877868000122 ], [ 26.771421432000068, 64.214263916 ], [ 26.784608842000125, 64.055557250999982 ], [ 26.872081756000114, 64.033470154000099 ], [ 26.602279663000104, 63.982460021000065 ], [ 26.566507339000054, 63.961471558000142 ], [ 26.241481781000118, 63.840068817000088 ], [ 26.294120788000157, 63.616680146000078 ], [ 26.28722953800019, 63.585391998000148 ], [ 26.202959061000058, 63.570919037000181 ], [ 26.173608781000098, 63.48192214900007 ], [ 26.137828827000135, 63.45634079000007 ], [ 26.011209488000077, 63.4300193790001 ], [ 25.892139434000057, 63.439380646000075 ], [ 25.812969207000037, 63.496681213000159 ], [ 25.736349106000034, 63.517742157000157 ], [ 25.505569457000092, 63.526580811000144 ], [ 25.354148864000024, 63.581779480000193 ], [ 25.248418807000178, 63.612640382000109 ], [ 25.140459061000172, 63.575889587 ], [ 25.115989684000169, 63.495620728000063 ], [ 25.080360412000061, 63.465320588 ], [ 25.028680801000178, 63.45809936500018 ], [ 24.87428093, 63.55792999300013 ], [ 24.733047485000156, 63.621120454000106 ], [ 24.626518250000061, 63.651519776000043 ] ] ], [ [ [ 24.638021469000023, 65.080734253000173 ], [ 24.822916031000091, 65.095832825000116 ], [ 24.966667175000168, 65.033332824000126 ], [ 24.854166030000158, 65.04792022800001 ], [ 24.876562120000131, 64.96510315 ], [ 24.758333207000135, 64.935417176000158 ], [ 24.649999618000152, 64.960418702000197 ], [ 24.573436738000169, 65.005729676000044 ], [ 24.594270707000078, 65.064064027000029 ], [ 24.638021469000023, 65.080734253000173 ] ] ] ] } },
{ "type": "Feature", "properties": { "ID": "a07aT00000j83EJQAY", "COUNTY_COUNCIL__C": "Pohjois-Pohjanmaa South", "PAYS__C": "Finlande" }, "geometry": { "type": "MultiPolygon", "coordinates": [ [ [ [ 24.726980210000079, 63.706890106000174 ], [ 24.626518250000061, 63.651519776000043 ], [ 24.616430283, 63.651828766 ], [ 24.570278168000129, 63.680301667000151 ], [ 24.422880173000181, 63.842418671000132 ], [ 24.243989945000067, 63.874660492000032 ], [ 24.22216034000013, 63.933818817000144 ], [ 24.136968569000032, 63.981239012 ], [ 24.099378586000114, 64.004798890000188 ], [ 24.097000000000151, 64.058891 ], [ 24.008659000000137, 64.088303 ], [ 23.82897, 64.129028 ], [ 23.694672000000139, 64.175003000000117 ], [ 23.814062, 64.240105 ], [ 23.847397000000171, 64.283852 ], [ 23.913021000000128, 64.293228 ], [ 23.929688, 64.339066 ], [ 23.996108423000067, 64.377173810000045 ], [ 24.305770873000029, 64.525566100999981 ], [ 24.54707, 64.487328000000105 ], [ 24.732620240000074, 64.472640991000048 ], [ 24.716799, 64.563248 ], [ 24.601479, 64.625381000000175 ], [ 24.605249, 64.647781000000123 ], [ 24.501646000000108, 64.704948 ], [ 24.555728913000053, 64.723434447999978 ], [ 24.572425989000067, 64.773468004000165 ], [ 24.558332, 64.818748000000141 ], [ 24.64791700000012, 64.831253 ], [ 24.69375, 64.862503 ], [ 24.815104, 64.88906100000014 ], [ 24.9125, 64.885414000000139 ], [ 24.999489, 64.913033 ], [ 24.96986, 64.80309300000016 ], [ 24.88820993600018, 64.760650646000158 ], [ 24.870568999000113, 64.6620640000001 ], [ 24.78139888700008, 64.633331151000107 ], [ 24.770170137000036, 64.629180997000105 ], [ 24.741529465000099, 64.585006714000031 ], [ 24.842649460000075, 64.563796997000054 ], [ 24.787409, 64.547523000000126 ], [ 24.863701, 64.445953000000145 ], [ 24.913188934000175, 64.430816651000157 ], [ 24.885306947000061, 64.391166701000088 ], [ 24.88451992500012, 64.386688221000099 ], [ 24.971258164000119, 64.347801208000192 ], [ 25.205619812000066, 64.321853638000164 ], [ 25.168279647000077, 64.232978820000028 ], [ 25.053119660000164, 64.169288636000033 ], [ 24.908529282000075, 64.111007690000122 ], [ 25.024320603000035, 64.06659698600015 ], [ 24.917280198000128, 63.984561920000147 ], [ 24.764139174000093, 63.989521027000023 ], [ 24.643690109999966, 63.943790437000075 ], [ 24.886068345000183, 63.863910675999989 ], [ 24.967300414000078, 63.802639006999982 ], [ 24.959468842000092, 63.757831573000033 ], [ 24.934558868000124, 63.673061371000074 ], [ 24.726980210000079, 63.706890106000174 ] ] ] ] } }
]
}
